museum,city,country,lead_source,lead_detail,source_reliability,resolution,x_agents
Louvre Abu Dhabi,Abu Dhabi,AE,WebSearch 'Louvre Abu Dhabi crocodile mummy' 0 hits,collection/loan lists not checked; any crocodile would likely be a loan from French museums,SECONDARY,OPEN,rest_of_world
Sharjah Archaeology Museum,Sharjah,AE,assignment list,not checked,SECONDARY,OPEN,rest_of_world
Kunsthistorisches Museum,Wien,AT,"Ikram, Aicardi, Facchetti (eds.), The Animal Mummies of the Museo Egizio, Turin, 2024 (https://shop.museoegizio.it/media/fcp/pdf/9788857020136a.pdf), crocodile chapter 8.12 'Parallels'","Crocodile parallels cited: KHM 264-65, 275-89, 292",SCHOLARLY,OPEN,southern_europe
Kunsthistorisches Museum Vienna (further holdings),Vienna,AT,https://www.khm.at/kunstwerke/kleine-krokodilsmumie-324030,INV 266a/266b exist on KHM site but not in Europeana; run KHM site search 'Krokodil' / 'Tiermumie' for more,OFFICIAL,IN_MASTER INST-AT-001,portals_europe
Natural History Museum of the Salzkammergut,UNKNOWN,AT,"Hekkala et al. 2022, Bull. Peabody Mus. Nat. Hist. 63(1), Table 1 (NMSG-A; data from Hekkala et al. 2020); Hekkala et al. 2020 JASR 33: 102483","Adult crocodile mummy from Kom Ombo, 14C 1400 BP, aDNA C. suchus | 2.5 m adult crocodile mummy on display, likely Kom Ombo, gift of Egyptian govt to Prof. Otto Stober 1960-61, ex Moor Museum Bad Neydharting",SCHOLARLY,IN_MASTER INST-AT-002,france;literature
"Naturhistorisches Museum Wien; Weltmuseum Wien; Joanneum Graz; Austrian monastery collections (Kremsmünster, Admont, Melk, etc.); Univ. Wien",UNKNOWN,AT,assignment candidate list,Not checked; Europeana COUNTRY:austria found only KHM,SECONDARY,OPEN,benelux_alpine
Australian Museum,Sydney,AU,Assignment list,Not searched (archaeology & herpetology),SECONDARY,OPEN,canada_oceania
"Gale History Museum (formerly Museum of Ancient Cultures), Macquarie University",Sydney,AU,Assignment list; academia.edu 'Death is only the beginning: Egyptian funerary customs at the Macquarie Museum of Ancient Cultures',Reportedly holds animal mummies; no crocodile confirmed; publication not read,SECONDARY,OPEN,canada_oceania
Museums Victoria,Melbourne,AU,https://collections.museumsvictoria.com.au/api/search?query=crocodile%20mummy,API and website search blocked by Cloudflare (403) — holdings unknown,OFFICIAL,CHECKED_NO_CONFIRMATION,portals_world
Powerhouse (MAAS),Sydney,AU,Assignment list,collection.powerhouse.com.au/search 404; API not tried,SECONDARY,OPEN,canada_oceania
Powerhouse Museum (MAAS),Sydney,AU,api.maas.museum/graphql,API host unreachable via proxy (502); website search 404 — not checked,OFFICIAL,OPEN,portals_world
Queensland Museum; R.D. Milns Antiquities Museum (UQ); Abbey Museum,Brisbane/Caboolture,AU,Assignment list,Not searched,SECONDARY,OPEN,canada_oceania
South Australian Museum,Adelaide,AU,Assignment list; eHive library item 'The Nubian Mummy at the South Australian Museum',Egyptian Room; not searched,SECONDARY,OPEN,canada_oceania
Western Australian Museum; TMAG Hobart; QVMAG Launceston; NGV; Ian Potter Museum; Art Gallery of South Australia; ANU Classics Museum; Bendigo; Ballarat,various,AU,Assignment list,Not searched; Trove API needs key (401) and was not used,SECONDARY,OPEN,canada_oceania
Art & History Museum (Royal Museums of Art and History),Brussels,BE,"Ikram, Aicardi, Facchetti (eds.), The Animal Mummies of the Museo Egizio, Turin, 2024 (https://shop.museoegizio.it/media/fcp/pdf/9788857020136a.pdf), crocodile chapter 8.12 'Parallels'","Crocodile parallel cited: MRAH E 1229 (Francot et al. eds., Les momies egyptiennes, 1999, pp. 28-29, 56, fig. 41)",SCHOLARLY,IN_MASTER INST-BE-001,southern_europe
Grand Curtius,Liège,BE,WebSearch: https://www.grandcurtius.be/fr/actualites/objet-du-mois/de-loeuf-la-momie-ou-de-lanimal-au-dieu-quand-le-crocodile-devient-culte; WebSearch snippet for grandcurtius.be 'objet du mois' page,"'Objet du mois' page on crocodile egg to mummy - likely crocodile mummy/egg in collection (not opened) | Small crocodile mummy 60 cm, inv. I/681",OFFICIAL,OPEN,france
Musée royal de Mariemont; Grand Curtius Liège; Musée L Louvain-la-Neuve; Ghent University Museum; MAS Antwerp; other BE candidates,UNKNOWN,BE,assignment candidate list; RMO AMM 16i was lent to Mariemont 'Du Nil a Alexandrie' (2013) cat. 45,Not checked; Europeana COUNTRY:belgium found only KMKG,SECONDARY,OPEN,benelux_alpine
Royal Belgian Institute of Natural Sciences (RBINS),Brussels,BE,assignment candidate list (De Cupere / Van Neer animal-mummy research),Not checked,SECONDARY,OPEN,benelux_alpine
Fundação Museu Mariano Procópio,Juiz de Fora,BR,antigoegito.org/no-brasil-museus/,Egyptian holdings; not checked,SECONDARY,OPEN,rest_of_world
Museu de Arqueologia e Etnologia da USP (MAE-USP),São Paulo,BR,antigoegito.org/no-brasil-museus/ (secondary list),Egyptian collection; not checked for animal/crocodile mummies,SECONDARY,OPEN,rest_of_world
Museu Egípcio e Rosacruz,Curitiba,BR,https://museuegipcioerosacruz.org.br/ (Sobek article 2016 only),Collection pages not checked for crocodile mummy,OFFICIAL,OPEN,rest_of_world
"Art Gallery of Ontario, Edward P. Taylor Library and Archives (Bagnani fonds)",Toronto,CA,https://guides.lib.berkeley.edu/objectlessons/dying,Gilbert Bagnani photographs of crocodile mummies in their cemetery at Tebtunis c. 1934 (archive photos); Bagnani excavated Tebtunis 1930s - Canadian collections (e.g. Trent University / ROM) may hold Tebtunis crocodile material,OFFICIAL,OPEN,usa_midwest_west
Canadian Museum of History,Gatineau,CA,Assignment list,historymuseum.ca collection search URL 404; not searched,SECONDARY,OPEN,canada_oceania
McCord Stewart Museum,Montréal,CA,Assignment list; Lawson 2016 (1995 McCord exhibition of Redpath mummy),collections.musee-mccord-stewart.ca search 302; not searched,SECONDARY,OPEN,canada_oceania
Montreal Museum of Fine Arts,Montréal,CA,Assignment list,Not searched (mbam.qc.ca search 404),SECONDARY,OPEN,canada_oceania
Musées de la civilisation,Québec,CA,Artefacts Canada any-word hits (faience crocodile amulet MUCQ1991.1723),"collections.mcq.org is JS-only; Artefacts Canada all-words 'crocodile mummy' returned only Redpath, so probably none; French terms (momie crocodile) not run",SECONDARY,OPEN,canada_oceania
Niagara Falls Museum (dispersed 1999),Niagara Falls,CA,Assignment list,"Historic collection dispersed; current holders (e.g. Michael C. Carlos Museum, Atlanta) out of scope - not checked",SECONDARY,OPEN,canada_oceania
Queen's University Agnes Etherington / Miller Museum; Western University Museum of Ontario Archaeology; University of Toronto; Nickle Galleries; Chatham-Kent Museum,various,CA,Assignment list,Not searched,SECONDARY,OPEN,canada_oceania
Royal BC Museum; Royal Alberta Museum; Glenbow; Manitoba Museum; Royal Saskatchewan Museum; Nova Scotia Museum; New Brunswick Museum; The Rooms; Museum of Anthropology UBC; Museum of Vancouver,various,CA,Assignment list,"Not individually searched; Artefacts Canada all-words 'crocodile mummy' (13 hits, all Redpath) suggests none among Artefacts Canada contributors, but many do not contribute",SECONDARY,OPEN,canada_oceania
Antikenmuseum Basel und Sammlung Ludwig,Basel,CH,assignment candidate list,Not checked (no online DB found; web search budget exhausted),SECONDARY,OPEN,benelux_alpine
Bernisches Historisches Museum,Bern,CH,assignment candidate list,Not checked (guessed collection URL 404),SECONDARY,OPEN,benelux_alpine
"MEG, Muséum Genève, NMB/NMBE, Uni Zürich Archäologische Sammlung & Zoologisches Museum, BIBEL+ORIENT Fribourg, Fondation Gandur, St. Gallen, Schaffhausen, other CH candidates",UNKNOWN,CH,assignment candidate list,Not checked; Europeana COUNTRY:switzerland had 0 crocodile-mummy hits,SECONDARY,OPEN,benelux_alpine
Musée cantonal d'archéologie et d'histoire Lausanne,Lausanne,CH,assignment candidate list,mcah.ch SSL error; not checked,SECONDARY,OPEN,benelux_alpine
Musée d'art et d'histoire de Genève,Genève,CH,WebSearch results: https://collections.geneve.ch/mah/oeuvre/momie-de-crocodile/d-0337; https://www.mahmah.ch/collection/oeuvres/momie-de-crocodile/d-0241; https://www.mahmah.ch/collection/oeuvres/momie-de-crocodile/d-0241 (blocked by bot mitigation); WebSearch snippet,"Two object pages titled 'Momie de crocodile' (D 0337, D 0241) - not opened | 'Momie de crocodile' D 0241; snippet says Frédéric Colladon donated several crocodile mummies to MAH in 1836 and specimen reportedly from Samoun caves (Maabda)",OFFICIAL,CHECKED_NO_CONFIRMATION,france;toponyms
Musée d'ethnographie de Neuchâtel (MEN),Neuchâtel,CH,assignment candidate list,Egyptian collection; not checked,SECONDARY,OPEN,benelux_alpine
Museum der Kulturen Basel,Basel,CH,https://onlinecollection.mkb.ch/,Collection DB located (CollectionConnection JS app) but not searched for krokodil/Mumie,OFFICIAL,OPEN,benelux_alpine
Museo de Hualpén (Parque Pedro del Río Zañartu),Hualpén,CL,https://egiptologia.cl/colecciones-egipcias-en-chile/,Holds Egyptian antiquities; no crocodile mention; objects not checked,SECONDARY,OPEN,rest_of_world
Museo Nacional de Colombia,Bogotá,CO,assignment list,not checked,SECONDARY,OPEN,rest_of_world
Museo Nacional de Bellas Artes (Cuba),La Habana,CU,Lipińska 1982 CAA; Álvarez Sosa et al. 2015 catalogue; https://www.bellasartes.co.cu/exposicion/egipto (DNS/502 failure),Egyptian collection 112 pieces; animal mummies not verified; check catalogue for crocodile,SCHOLARLY,OPEN,rest_of_world
"Hrdlička Museum of Man, Charles University; Olomouc Vlastivědné muzeum; Slezské zemské muzeum; Moravské zemské muzeum",various,CZ,Strouhal & Vyhnánek 1979 Table 1 (no crocodiles listed for these in 1979),Possible post-1979 acquisitions; low priority,SCHOLARLY,OPEN,central_east_europe
Ägyptologische Studiensammlung Mainz; Ägyptiaca-Sammlung Köln; LMU München Institut; FU Berlin Institut,various,DE,assignment candidate list (orchestrator memory list) + own partial checks,University study collections; no online object DBs checked,SECONDARY,OPEN,germany
Badisches Landesmuseum Karlsruhe,Karlsruhe,DE,assignment candidate list (orchestrator memory list) + own partial checks,DDB/Europeana: only falcon and shrew-coffin (H 1019) animal mummies; own katalog.landesmuseum.de not searched,SECONDARY,OPEN,germany
Hessisches Landesmuseum Darmstadt / Kassel (Ottoneum),Darmstadt/Kassel,DE,assignment candidate list (orchestrator memory list) + own partial checks,Not searched,SECONDARY,OPEN,germany
Landesmuseum Hannover,Hannover,DE,assignment candidate list (orchestrator memory list) + own partial checks,Not searched; check online collection,SECONDARY,OPEN,germany
Landesmuseum Natur und Mensch Oldenburg,Oldenburg,DE,assignment candidate list (orchestrator memory list) + own partial checks,Not searched,SECONDARY,OPEN,germany
Landesmuseum Württemberg,Stuttgart,DE,assignment candidate list (orchestrator memory list) + own partial checks,museum-digital/DDB crocodile queries negative; own online collection not searched,SECONDARY,OPEN,germany
Liebieghaus Skulpturensammlung,Frankfurt am Main,DE,assignment candidate list (orchestrator memory list) + own partial checks,Not searched; check sammlung online for Krokodil/Mumie,SECONDARY,OPEN,germany
Linden-Museum Stuttgart,Stuttgart,DE,assignment candidate list (orchestrator memory list) + own partial checks,Not searched,SECONDARY,OPEN,germany
LWL-Museum für Naturkunde / Archäologisches Museum der Universität Münster,Münster,DE,assignment candidate list (orchestrator memory list) + own partial checks,museum-digital: coins/ushabti only; natural history not searched,SECONDARY,OPEN,germany
MARKK – Museum am Rothenbaum,Hamburg,DE,assignment candidate list (orchestrator memory list) + own partial checks,Not searched,SECONDARY,OPEN,germany
Martin-von-Wagner-Museum der Universität Würzburg,Würzburg,DE,assignment candidate list (orchestrator memory list) + own partial checks,Official URL uni-wuerzburg.de/museum/ returned 404; check Ägyptiaca catalogue / curator,SECONDARY,OPEN,germany
Mummies of the World: The Exhibition (touring; lenders incl. Reiss-Engelhorn-Museen Mannheim and others),UNKNOWN,DE,https://www.visithoustontexas.com/blog/post/worlds-largest-collection-of-mummies-visits-houston/,"Touring exhibition shown at HMNS Houston (2016) included 'Egyptian animal mummies including a falcon, a fish, a dog and a baby crocodile'. Lender of the baby crocodile not stated.",SECONDARY,OPEN,usa_south
Museum für Kunst und Gewerbe Hamburg,Hamburg,DE,assignment candidate list (orchestrator memory list) + own partial checks,"DDB shows only crocodile palette, mummy masks; own sammlungonline not searched",SECONDARY,OPEN,germany
Museum für Naturkunde Berlin,Berlin,DE,assignment candidate list (orchestrator memory list) + own partial checks,Check data portal (portal.museumfuernaturkunde.berlin) for 'Mumie'/'Crocodylus niloticus mumifiziert',SECONDARY,OPEN,germany
Museum Koenig Bonn (LIB/ZFMK),Bonn,DE,assignment candidate list (orchestrator memory list) + own partial checks,Not searched,SECONDARY,OPEN,germany
Museum Naturalienkabinett Waldenburg,Waldenburg,DE,assignment candidate list (orchestrator memory list) + own partial checks,museum-digital shows human mummy and falcon mummy NAT 1758 only; no crocodile found,SECONDARY,OPEN,germany
Museum Ulm,Ulm,DE,assignment candidate list (orchestrator memory list) + own partial checks,"museum-digital/DDB: bird (sparrowhawk) mummies 1920.4618i, 1913.3040a/b; no crocodile",SECONDARY,OPEN,germany
Naturkunde-Museum Coburg; Naturkunde-Museum Bamberg; Naturhistorische Gesellschaft Nürnberg; Museum Natur und Mensch Freiburg; Meeresmuseum Stralsund; Mauritianum Altenburg; Herrnhut; Görlitz Senckenberg,various,DE,assignment candidate list (orchestrator memory list) + own partial checks,Not searched (natural-history cabinets that may hold 18th/19th-c. crocodile mummies),SECONDARY,OPEN,germany
Phyletisches Museum Jena,Jena,DE,assignment candidate list (orchestrator memory list) + own partial checks,Not searched,SECONDARY,OPEN,germany
Rautenstrauch-Joest-Museum,Köln,DE,assignment candidate list (orchestrator memory list) + own partial checks,DDB: ethnographic crocodile figure only,SECONDARY,OPEN,germany
Reiss-Engelhorn-Museen Mannheim,Mannheim,DE,assignment candidate list (orchestrator memory list) + own partial checks,"German Mummy Project (Rosendahl, Zesch); REM own holdings not searched; also source for Zesch 2015 Hildesheim animal mummies",SECONDARY,OPEN,germany
Senckenberg Naturhistorische Sammlungen Dresden,Dresden,DE,assignment candidate list (orchestrator memory list) + own partial checks,Not searched,SECONDARY,OPEN,germany
Senckenberg Naturmuseum Frankfurt,Frankfurt am Main,DE,assignment candidate list (orchestrator memory list) + own partial checks,Not searched; check SESAM DB for mummified Crocodylus,SECONDARY,OPEN,germany
Staatliches Museum für Naturkunde Stuttgart,Stuttgart,DE,assignment candidate list (orchestrator memory list) + own partial checks,Not searched,SECONDARY,OPEN,germany
Städtisches Museum / Naturhistorisches Museum Braunschweig; Herzog Anton Ulrich-Museum,Braunschweig,DE,assignment candidate list (orchestrator memory list) + own partial checks,HAUM: faience crocodile amulet only (Kulturerbe Niedersachsen); others not searched,SECONDARY,OPEN,germany
Stiftung Schloss Friedenstein (Herzogliches Museum; Naturkunde),Gotha,DE,assignment candidate list (orchestrator memory list) + own partial checks,Not searched; old Kunstkammer holdings possible,SECONDARY,OPEN,germany
Stiftung Schloss Friedenstein Gotha,Gotha,DE,"Ikram, Aicardi, Facchetti (eds.), The Animal Mummies of the Museo Egizio, Turin, 2024 (https://shop.museoegizio.it/media/fcp/pdf/9788857020136a.pdf), crocodile chapter 8.12 'Parallels'",Crocodile parallel cited: SSFG Ae 1153,SCHOLARLY,OPEN,southern_europe
Übersee-Museum Bremen,Bremen,DE,assignment candidate list (orchestrator memory list) + own partial checks,museum-digital: crocodile figures/skin only; no mummy found,SECONDARY,OPEN,germany
Zentralmagazin Naturwissenschaftlicher Sammlungen / Landesmuseum für Vorgeschichte,Halle (Saale),DE,assignment candidate list (orchestrator memory list) + own partial checks,Not searched,SECONDARY,OPEN,germany
Zoologische Staatssammlung München (SNSB),München,DE,assignment candidate list (orchestrator memory list) + own partial checks,Check SNSB collection DB for mummified Crocodylus,SECONDARY,OPEN,germany
Natural History Museum of Denmark (NHMD),Copenhagen,DK,assignment candidate list; GBIF DK Crocodylia records exist,GBIF query not completed: https://api.gbif.org/v1/occurrence/search?taxonKey=11493978&publishingCountry=DK&q=mumie,SECONDARY,OPEN,nordic_baltic
Ny Carlsberg Glyptotek,Copenhagen,DK,assignment candidate list,Egyptian collection (ÆIN numbers); online collection not searched,SECONDARY,OPEN,nordic_baltic
Thorvaldsens Museum / Moesgaard / other Danish museums,UNKNOWN,DK,assignment candidate list,Museernes Samlinger / Arkiv.dk not searched,SECONDARY,OPEN,nordic_baltic
"Baltic museums (Tartu, Riga, Vilnius, Kaunas Čiurlionis, Ivanauskas Zoological)",UNKNOWN,EE,assignment candidate list; Europeana 'krokodill' showed only Tartu figure muis 2851670,"MuIS (muis.ee), LNDB/Latvian and LIMIS/Lithuanian portals not searched",SECONDARY,OPEN,nordic_baltic
"Akoris (Tehna el-Gebel) archaeological site – Chapel E storeroom, Western Temple (MoTA; Paleological Association of Japan mission)","Tehna el-Gebel, Minya Governorate",EG,https://www.jstage.jst.go.jp/article/orient/61/0/61_109/_article/-char/ja/,"Shimizu 2026 (Orient 61: 109-125) n.7: 'Currently (in 2024) the crocodile mummies in Akoris are kept inside Chapel E'; Abou-Seif (1926) relocated crocodile mummies and coffins not needed by the Cairo Museum into Chapel E's second room (iron gate, storage). 2024 cleaning found numerous crocodile mummies incl. one with cranial length c. 69 cm, est. total length c. 4.8 m. Publication forthcoming: Shimizu, 'The Second Room of Chapel E at Akoris' (Preliminary Report Akoris).",SCHOLARLY,IN_MASTER INST-EG-001,east_asia
"Akoris (Tehna el-Gebel) site store, Japanese mission",Minya,EG,"Shimizu, M. 2026. Horizontal Niches for Crocodile Mummies in Akoris. Orient 61: 109ff., doi 10.5356/orient.61.109",crocodile mummy burial niches at Akoris; finds location unknown,SCHOLARLY,OPEN,literature
"Egyptian Museum, Cairo",Cairo,EG,"https://www.jstage.jst.go.jp/article/orient/61/0/61_109/_article/-char/ja/; Hekkala et al. 2022, p. 4; archive.org lafaunemomifie00gail (Gaillard & Daressy 1905, CG); De Cupere et al. 2023 PLOS ONE e0279137; Hekkala et al. 2020, 2022; Ikram, Aicardi, Facchetti (eds.), The Animal Mummies of the Museo Egizio, Turin, 2024 (https://shop.museoegizio.it/media/fcp/pdf/9788857020136a.pdf), crocodile chapter 8.12 'Parallels'; Shimizu 2026 Orient 61 (full text read) citing Abou-Seif 1926 ASAE 26: 32-38","Shimizu 2026 n.7 citing Abou-Seif 1926 (ASAE): crocodile mummies and coffins from Akoris Chapel D excavation (1926) — those deemed necessary went to the Cairo Museum; others stored in Chapel E. | Adult crocodile mummy with hatchlings in the wrappings, CG 29628 | Catalogue Général 'La faune momifiée de l'antique Égypte' – full text on archive.org, lists Cairo crocodile mummies | one of the two largest collections of animal mummies (with Lyon); crocodiles among them | CG 29628 (large crocodile with hatchlings), CG 29630 | Crocodile parallels cited: EMC CG 29630 (Ikram and Iskander 2002, pp. 7, 77); CG 29816 bis (crocodile with cartonnage covering) | Crocodile mummies and coffins from Akoris (Tehna el-Gebel) Chapel D selected for the Cairo Museum in 1926",SCHOLARLY,IN_MASTER INST-EG-003,east_asia;france;literature;southern_europe;toponyms
Graeco-Roman Museum,Alexandria,EG,https://www.jstage.jst.go.jp/article/orient/61/0/61_109/_article/-char/ja/,"Shimizu 2026 fig. 5b: 'Example of a crocodile mummy on a wooden litter (Graeco-Roman Museum, Alexandria; photograph by the author, 2024)'; wooden litter from temple of Pnepheros at Theadelphia inv. 19679-19681 (Kockelmann 2017: 614-615, Taf. 72, 77-78).",SCHOLARLY,OPEN,east_asia
Hawara excavation crocodile bones (storage unknown),Fayum,EG,"Abdel-Maksoud, G. & Abdel-Hady, M. 2011. Effect of burial environment on crocodile bones from Hawara excavation, Fayoum, Egypt. Journal of Cultural Heritage, doi 10.1016/j.culher.2010.12.002",crocodile bones (mummified?) from Hawara,SCHOLARLY,OPEN,literature
"Qubbat al-Hawa, tomb QH34ll (site storage; Universidad de Jaén Qubbat al-Hawa Project, Ministry of Tourism and Antiquities)",Aswan (West Bank),EG,De Cupere et al. 2023 PLOS ONE e0279137,"10 crocodiles excavated 2019 (5 isolated skulls, 4 more or less complete skeletons, 1 articulated mummified specimen); 'studied on site and are also currently stored there'",SCHOLARLY,OPEN,literature
Sharm el-Sheikh Museum,Sharm el-Sheikh,EG,Hekkala et al. 2022 p. 5,"crocodile mummy with hatchlings on back, no number, probably from Saqqara",SCHOLARLY,IN_MASTER INST-EG-007,literature
Sharm El-Sheikh Museum of Antiquities,Sharm El-Sheikh,EG,"Pubblico 2025, Heritage 8:415, p. ~21","'a crocodile mummy kept at the Sharm El-Sheikh Museum of Antiquities' with square pattern, no number given",SCHOLARLY,OPEN,france
Museo Nacional de Ciencias Naturales (MNCN); Museo Nacional de Antropología; Museo Bíblico Oriental León; Museo de Sevilla; Cádiz; Almería; Museo Canario; Museo de la Naturaleza y Arqueología Tenerife,various,ES,Assignment candidate list,Not checked,SECONDARY,OPEN,southern_europe
Museu Egipci de Barcelona (Fundació Clos); Museu de Montserrat; Museu de Ciències Naturals de Barcelona; Museu d'Arqueologia de Catalunya; Museu Víctor Balaguer,Barcelona / Montserrat / Vilanova,ES,Assignment candidate list,Not checked; CERES search hit 429 - resume ceres_search.py 'momia cocodrilo' and 'cocodrilo',SECONDARY,OPEN,southern_europe
National Museum of Ethiopia,Addis Ababa,ET,assignment list,not checked,SECONDARY,OPEN,rest_of_world
"Finnish museums (National Museum of Finland, Luomus, Turku)",UNKNOWN,FI,assignment candidate list,Finna API not queried: https://api.finna.fi/v1/search?lookfor=krokotiili+muumio,SECONDARY,OPEN,nordic_baltic
Angers museums,Angers,FR,Assignment candidate list (unverified memory list from orchestrator),NOT YET SEARCHED individually (WebSearch budget exhausted). Resume: check Joconde export remainder (pass stopped at ~1M lines) + museum site search 'momie crocodile'.,SECONDARY,OPEN,france
Auxerre museums,Auxerre,FR,Assignment candidate list (unverified memory list from orchestrator),NOT YET SEARCHED individually (WebSearch budget exhausted). Resume: check Joconde export remainder (pass stopped at ~1M lines) + museum site search 'momie crocodile'.,SECONDARY,OPEN,france
Berruyer 2021 doctoral thesis (survey of crocodile mummies),Lyon,FR,De Cupere et al. 2023 ref. 9; Crossref DOI 10.70675/a424b201z8c5dz4caeza6c7zb797a216b2e5,"Berruyer, C. 2021. Synchrotron X-ray imaging contribution to the study of animal mummification in ancient Egypt: archaeozoological study of crocodile mummies (Ptolemaic and Roman periods). PhD, Université Lumière Lyon 2 – cited for 'several hundred crocodile mummies ... in museums worldwide'; likely contains an inventory of holding institutions.",SCHOLARLY,OPEN,egypt
Bourges museums,Bourges,FR,Assignment candidate list (unverified memory list from orchestrator),NOT YET SEARCHED individually (WebSearch budget exhausted). Resume: check Joconde export remainder (pass stopped at ~1M lines) + museum site search 'momie crocodile'.,SECONDARY,OPEN,france
Caen museums,Caen,FR,Assignment candidate list (unverified memory list from orchestrator),NOT YET SEARCHED individually (WebSearch budget exhausted). Resume: check Joconde export remainder (pass stopped at ~1M lines) + museum site search 'momie crocodile'.,SECONDARY,OPEN,france
Cambrai museum,Cambrai,FR,Assignment candidate list (unverified memory list from orchestrator),NOT YET SEARCHED individually (WebSearch budget exhausted). Resume: check Joconde export remainder (pass stopped at ~1M lines) + museum site search 'momie crocodile'.,SECONDARY,OPEN,france
Chambéry museums,Chambéry,FR,Assignment candidate list (unverified memory list from orchestrator),NOT YET SEARCHED individually (WebSearch budget exhausted). Resume: check Joconde export remainder (pass stopped at ~1M lines) + museum site search 'momie crocodile'.,SECONDARY,OPEN,france
Chartres museums,Chartres,FR,Assignment candidate list (unverified memory list from orchestrator),NOT YET SEARCHED individually (WebSearch budget exhausted). Resume: check Joconde export remainder (pass stopped at ~1M lines) + museum site search 'momie crocodile'.,SECONDARY,OPEN,france
Château de Blois,Blois,FR,Assignment candidate list (unverified memory list from orchestrator),NOT YET SEARCHED individually (WebSearch budget exhausted). Resume: check Joconde export remainder (pass stopped at ~1M lines) + museum site search 'momie crocodile'.,SECONDARY,OPEN,france
Château-musée de Boulogne-sur-Mer,Boulogne-sur-Mer,FR,Assignment candidate list (unverified memory list from orchestrator),NOT YET SEARCHED individually (WebSearch budget exhausted). Resume: check Joconde export remainder (pass stopped at ~1M lines) + museum site search 'momie crocodile'.,SECONDARY,OPEN,france
Dunkerque museums,Dunkerque,FR,Assignment candidate list (unverified memory list from orchestrator),NOT YET SEARCHED individually (WebSearch budget exhausted). Resume: check Joconde export remainder (pass stopped at ~1M lines) + museum site search 'momie crocodile'.,SECONDARY,OPEN,france
"Institut d'égyptologie, Université de Strasbourg",Strasbourg,FR,Assignment candidate list (unverified memory list from orchestrator),NOT YET SEARCHED individually (WebSearch budget exhausted). Resume: check Joconde export remainder (pass stopped at ~1M lines) + museum site search 'momie crocodile'.,SECONDARY,OPEN,france
Laval museums,Laval,FR,Assignment candidate list (unverified memory list from orchestrator),NOT YET SEARCHED individually (WebSearch budget exhausted). Resume: check Joconde export remainder (pass stopped at ~1M lines) + museum site search 'momie crocodile'.,SECONDARY,OPEN,france
Limoges (Musée des Beaux-Arts),Limoges,FR,Assignment candidate list (unverified memory list from orchestrator),NOT YET SEARCHED individually (WebSearch budget exhausted). Resume: check Joconde export remainder (pass stopped at ~1M lines) + museum site search 'momie crocodile'.,SECONDARY,OPEN,france
Le Mans museums,Le Mans,FR,Assignment candidate list (unverified memory list from orchestrator),NOT YET SEARCHED individually (WebSearch budget exhausted). Resume: check Joconde export remainder (pass stopped at ~1M lines) + museum site search 'momie crocodile'.,SECONDARY,OPEN,france
"Montpellier museums (Musée Fabre, Univ. Montpellier)",Montpellier,FR,Assignment candidate list (unverified memory list from orchestrator),NOT YET SEARCHED individually (WebSearch budget exhausted). Resume: check Joconde export remainder (pass stopped at ~1M lines) + museum site search 'momie crocodile'.,SECONDARY,OPEN,france
Musée Alfred Danicourt,Péronne,FR,Assignment candidate list (unverified memory list from orchestrator),NOT YET SEARCHED individually (WebSearch budget exhausted). Resume: check Joconde export remainder (pass stopped at ~1M lines) + museum site search 'momie crocodile'. Holds Louvre dépôts of Egyptian animal mummies (Louvre record ME 83 fish mummy long-term loan) – check for crocodile,SECONDARY,OPEN,france
Musée Antoine-Vivenel,Compiègne,FR,Assignment candidate list (unverified memory list from orchestrator),NOT YET SEARCHED individually (WebSearch budget exhausted). Resume: check Joconde export remainder (pass stopped at ~1M lines) + museum site search 'momie crocodile'.,SECONDARY,OPEN,france
Musée Auguste-Grasset,Varzy,FR,Assignment candidate list (unverified memory list from orchestrator),NOT YET SEARCHED individually (WebSearch budget exhausted). Resume: check Joconde export remainder (pass stopped at ~1M lines) + museum site search 'momie crocodile'.,SECONDARY,OPEN,france
Musée Bargoin,Clermont-Ferrand,FR,Assignment candidate list (unverified memory list from orchestrator),NOT YET SEARCHED individually (WebSearch budget exhausted). Resume: check Joconde export remainder (pass stopped at ~1M lines) + museum site search 'momie crocodile'.,SECONDARY,OPEN,france
Musée Champollion,Figeac,FR,Assignment candidate list (unverified memory list from orchestrator),NOT YET SEARCHED individually (WebSearch budget exhausted). Resume: check Joconde export remainder (pass stopped at ~1M lines) + museum site search 'momie crocodile'.,SECONDARY,OPEN,france
Musée d'Aquitaine,Bordeaux,FR,Assignment candidate list (unverified memory list from orchestrator),NOT YET SEARCHED individually (WebSearch budget exhausted). Resume: check Joconde export remainder (pass stopped at ~1M lines) + museum site search 'momie crocodile'.,SECONDARY,OPEN,france
"Musée d'Archéologie méditerranéenne (Vieille Charité, Clot-Bey coll.)",Marseille,FR,Assignment candidate list (unverified memory list from orchestrator),NOT YET SEARCHED individually (WebSearch budget exhausted). Resume: check Joconde export remainder (pass stopped at ~1M lines) + museum site search 'momie crocodile'.,SECONDARY,OPEN,france
Musée d'Archéologie nationale,Saint-Germain-en-Laye,FR,Assignment candidate list (unverified memory list from orchestrator),NOT YET SEARCHED individually (WebSearch budget exhausted). Resume: check Joconde export remainder (pass stopped at ~1M lines) + museum site search 'momie crocodile'.,SECONDARY,OPEN,france
"Musée d'Art, Histoire et Archéologie",Évreux,FR,Assignment candidate list (unverified memory list from orchestrator),NOT YET SEARCHED individually (WebSearch budget exhausted). Resume: check Joconde export remainder (pass stopped at ~1M lines) + museum site search 'momie crocodile'.,SECONDARY,OPEN,france
Musée d'Histoire naturelle de Lille,Lille,FR,Assignment candidate list (unverified memory list from orchestrator),NOT YET SEARCHED individually (WebSearch budget exhausted). Resume: check Joconde export remainder (pass stopped at ~1M lines) + museum site search 'momie crocodile'.,SECONDARY,OPEN,france
Musée de Grenoble,Grenoble,FR,Assignment candidate list (unverified memory list from orchestrator),NOT YET SEARCHED individually (WebSearch budget exhausted). Resume: check Joconde export remainder (pass stopped at ~1M lines) + museum site search 'momie crocodile'.,SECONDARY,OPEN,france
Musée de la Castre,Cannes,FR,Assignment candidate list (unverified memory list from orchestrator),NOT YET SEARCHED individually (WebSearch budget exhausted). Resume: check Joconde export remainder (pass stopped at ~1M lines) + museum site search 'momie crocodile'.,SECONDARY,OPEN,france
Musée de la Chartreuse,Douai,FR,Assignment candidate list (unverified memory list from orchestrator),NOT YET SEARCHED individually (WebSearch budget exhausted). Resume: check Joconde export remainder (pass stopped at ~1M lines) + museum site search 'momie crocodile'.,SECONDARY,OPEN,france
Musée de la Romanité / Muséum de Nîmes,Nîmes,FR,Assignment candidate list (unverified memory list from orchestrator),NOT YET SEARCHED individually (WebSearch budget exhausted). Resume: check Joconde export remainder (pass stopped at ~1M lines) + museum site search 'momie crocodile'.,SECONDARY,OPEN,france
Musée de Picardie,Amiens,FR,Assignment candidate list (unverified memory list from orchestrator),NOT YET SEARCHED individually (WebSearch budget exhausted). Resume: check Joconde export remainder (pass stopped at ~1M lines) + museum site search 'momie crocodile'.,SECONDARY,OPEN,france
Musée départemental Arles antique,Arles,FR,Assignment candidate list (unverified memory list from orchestrator),NOT YET SEARCHED individually (WebSearch budget exhausted). Resume: check Joconde export remainder (pass stopped at ~1M lines) + museum site search 'momie crocodile'.,SECONDARY,OPEN,france
Musée des Antiquités,Rouen,FR,Assignment candidate list (unverified memory list from orchestrator),NOT YET SEARCHED individually (WebSearch budget exhausted). Resume: check Joconde export remainder (pass stopped at ~1M lines) + museum site search 'momie crocodile'.,SECONDARY,OPEN,france
Musée des Beaux-Arts de Dijon,Dijon,FR,Assignment candidate list (unverified memory list from orchestrator),NOT YET SEARCHED individually (WebSearch budget exhausted). Resume: check Joconde export remainder (pass stopped at ~1M lines) + museum site search 'momie crocodile'.,SECONDARY,OPEN,france
Musée des Beaux-Arts de Lyon,Lyon,FR,Assignment candidate list (unverified memory list from orchestrator),NOT YET SEARCHED individually (WebSearch budget exhausted). Resume: check Joconde export remainder (pass stopped at ~1M lines) + museum site search 'momie crocodile'.,SECONDARY,OPEN,france
Musée des Confluences (former Muséum d'histoire naturelle de Lyon),Lyon,FR,"https://journals.plos.org/plosone/article?id=10.1371/journal.pone.0279137; Gaillard & Daressy 1905 p. 67; De Cupere et al. 2023 PLOS ONE e0279137 (https://doi.org/10.1371/journal.pone.0279137), citing Nicolotti & Robert 1994 Nouv. Arch. Mus. Hist. Nat. Lyon 32: 4-62; Ikram, Aicardi, Facchetti (eds.), The Animal Mummies of the Museo Egizio, Turin, 2024 (https://shop.museoegizio.it/media/fcp/pdf/9788857020136a.pdf), crocodile chapter 8.12 'Parallels'","c. 300 crocodile mummies (Nicolotti & Robert 1994); MHNL 90001591 (Kom Ombo, CT, Porcier et al. 2019 JAS 110:105009); Berruyer et al. 2020 PLOS ONE e0229140; Richardin et al. 2017 Radiocarbon 59(2) 595-607 (63 animal mummies dated). Lortet & Gaillard material from Kom Ombo/Esna. | c. 300 crocodile mummies (80% juveniles/hatchlings, 10% complete larger specimens 50-350 cm, 10% heads/skulls/jaws), Lortet & Gaillard collection, provenance mostly Esna and Kom Ombo (likely) | Nicolotti, M., Les crocodiles momifies des collections du Musee Guimet d'Histoire Naturelle de Lyon, Lyon 1992 (cited)",SCHOLARLY,IN_MASTER INST-FR-002,egypt;literature;southern_europe
Musée des Ursulines,Mâcon,FR,Assignment candidate list (unverified memory list from orchestrator),NOT YET SEARCHED individually (WebSearch budget exhausted). Resume: check Joconde export remainder (pass stopped at ~1M lines) + museum site search 'momie crocodile'.,SECONDARY,OPEN,france
Musée Dobrée,Nantes,FR,Assignment candidate list (unverified memory list from orchestrator),NOT YET SEARCHED individually (WebSearch budget exhausted). Resume: check Joconde export remainder (pass stopped at ~1M lines) + museum site search 'momie crocodile'.,SECONDARY,OPEN,france
Musée du Biterrois,Béziers,FR,Assignment candidate list (unverified memory list from orchestrator),NOT YET SEARCHED individually (WebSearch budget exhausted). Resume: check Joconde export remainder (pass stopped at ~1M lines) + museum site search 'momie crocodile'.,SECONDARY,OPEN,france
Musée du Louvre-Lens,Lens,FR,WebSearch result: franceinfo 'Une momie de crocodile restaurée sous les yeux du public du Louvre-Lens' (not opened),Crocodile mummy restored publicly at Louvre-Lens – identify inventory (possibly Louvre N 2900 or a Louvre-Lens holding),SECONDARY,OPEN,france
Musée Georges-Labit,Toulouse,FR,Assignment candidate list (unverified memory list from orchestrator),NOT YET SEARCHED individually (WebSearch budget exhausted). Resume: check Joconde export remainder (pass stopped at ~1M lines) + museum site search 'momie crocodile'.,SECONDARY,OPEN,france
Musée Granet,Aix-en-Provence,FR,Assignment candidate list (unverified memory list from orchestrator),NOT YET SEARCHED individually (WebSearch budget exhausted). Resume: check Joconde export remainder (pass stopped at ~1M lines) + museum site search 'momie crocodile'.,SECONDARY,OPEN,france
Musée Joseph-Déchelette,Roanne,FR,Assignment candidate list (unverified memory list from orchestrator),NOT YET SEARCHED individually (WebSearch budget exhausted). Resume: check Joconde export remainder (pass stopped at ~1M lines) + museum site search 'momie crocodile'.,SECONDARY,OPEN,france
Musée national de Céramique,Sèvres,FR,Assignment candidate list (unverified memory list from orchestrator),NOT YET SEARCHED individually (WebSearch budget exhausted). Resume: check Joconde export remainder (pass stopped at ~1M lines) + museum site search 'momie crocodile'.,SECONDARY,OPEN,france
Musée Rolin,Autun,FR,Assignment candidate list (unverified memory list from orchestrator),NOT YET SEARCHED individually (WebSearch budget exhausted). Resume: check Joconde export remainder (pass stopped at ~1M lines) + museum site search 'momie crocodile'.,SECONDARY,OPEN,france
Musée Saint-Remi,Reims,FR,Assignment candidate list (unverified memory list from orchestrator),NOT YET SEARCHED individually (WebSearch budget exhausted). Resume: check Joconde export remainder (pass stopped at ~1M lines) + museum site search 'momie crocodile'.,SECONDARY,OPEN,france
Musée Sainte-Croix,Poitiers,FR,Assignment candidate list (unverified memory list from orchestrator),NOT YET SEARCHED individually (WebSearch budget exhausted). Resume: check Joconde export remainder (pass stopped at ~1M lines) + museum site search 'momie crocodile'.,SECONDARY,OPEN,france
Musée Sandelin,Saint-Omer,FR,Assignment candidate list (unverified memory list from orchestrator),NOT YET SEARCHED individually (WebSearch budget exhausted). Resume: check Joconde export remainder (pass stopped at ~1M lines) + museum site search 'momie crocodile'.,SECONDARY,OPEN,france
Musée zoologique de Strasbourg,Strasbourg,FR,Assignment candidate list (unverified memory list from orchestrator),NOT YET SEARCHED individually (WebSearch budget exhausted). Resume: check Joconde export remainder (pass stopped at ~1M lines) + museum site search 'momie crocodile'.,SECONDARY,OPEN,france
Muséum d'histoire naturelle de Rouen,Rouen,FR,Assignment candidate list (unverified memory list from orchestrator),NOT YET SEARCHED individually (WebSearch budget exhausted). Resume: check Joconde export remainder (pass stopped at ~1M lines) + museum site search 'momie crocodile'.,SECONDARY,OPEN,france
Muséum de Bordeaux,Bordeaux,FR,Assignment candidate list (unverified memory list from orchestrator),NOT YET SEARCHED individually (WebSearch budget exhausted). Resume: check Joconde export remainder (pass stopped at ~1M lines) + museum site search 'momie crocodile'.,SECONDARY,OPEN,france
Muséum de Grenoble,Grenoble,FR,Assignment candidate list (unverified memory list from orchestrator),NOT YET SEARCHED individually (WebSearch budget exhausted). Resume: check Joconde export remainder (pass stopped at ~1M lines) + museum site search 'momie crocodile'.,SECONDARY,OPEN,france
Muséum de La Rochelle,La Rochelle,FR,Assignment candidate list (unverified memory list from orchestrator),NOT YET SEARCHED individually (WebSearch budget exhausted). Resume: check Joconde export remainder (pass stopped at ~1M lines) + museum site search 'momie crocodile'.,SECONDARY,OPEN,france
Muséum de Nantes,Nantes,FR,Assignment candidate list (unverified memory list from orchestrator),NOT YET SEARCHED individually (WebSearch budget exhausted). Resume: check Joconde export remainder (pass stopped at ~1M lines) + museum site search 'momie crocodile'.,SECONDARY,OPEN,france
Muséum de Toulouse,Toulouse,FR,Assignment candidate list (unverified memory list from orchestrator),NOT YET SEARCHED individually (WebSearch budget exhausted). Resume: check Joconde export remainder (pass stopped at ~1M lines) + museum site search 'momie crocodile'.,SECONDARY,OPEN,france
Muséum du Havre,Le Havre,FR,Assignment candidate list (unverified memory list from orchestrator),NOT YET SEARCHED individually (WebSearch budget exhausted). Resume: check Joconde export remainder (pass stopped at ~1M lines) + museum site search 'momie crocodile'.,SECONDARY,OPEN,france
Muséum national d'Histoire naturelle,Paris,FR,"Hekkala et al. 2022 Table 1; GBIF occurrence search country=EG familyKey=5685; Hekkala et al. 2011 Molecular Ecology 20, Table 2 and Table S3 (same PDF); GBIF occurrence API taxonKey=11493978&country=EG; Hekkala et al. 2011, Molecular Ecology 20: 4199-4215, Table S3; GBIF occurrence API, Crocodylidae country=EG (raw/gbif_croc_EG.json)","MNHN-RA-1886.445 (juv., Haute Egypte, Schoelcher); 1986.1471/.1473/.1479 (Thebes, Cailliaud); 1986.1475/.1478 (Samoun, Gervais); 1986.148 (Samoun, Pariset) | MNHN RA 1901.214 and 1901.215 locality 'Sepultures de Comnunbo' (Kom Ombo tombs); MNHN RA 1986.1475-1478, 1986.1480 'Grotte de Samoun' (Maabda crocodile caves); RA 1986.1471-1474 'Grottes sepulcrales de Thebes' - likely mummified crocodiles | Crocodile mummies MNHN 1986-1471, 1986-1473, 1986-1479 (Grottes de Thebes, Cailliaud 1820s), 1886-445 (Haute Egypte, V. Schoelcher), 1986-1475, 1986-1478 (Grottes de Samoun, Gervais), 1986-1480 (Samoun, Pariset). Hatchlings yielded DNA. | MNHN 1901.214 and 1901.215 'Sepultures de Comnunbo' (= Kom Ombo tombs?); 1986.1471-1480 Grottes de Samoun / Grottes sepulcrales de Thebes (mummies, see Hekkala 2011) | Crocodile hatchling mummies MNHN 1986_1475, 1986_1478, 1986_1480 (Grottes de Samoun; Gervais/Pariset), 1986_1471, 1986_1473, 1986_1479 (Grottes de Thebes; Cailliaud 1820s), 1886_445 (Haute Egypte; V. Schoelcher). | MNHN RA 1901.214 and 1901.215 Crocodylus niloticus, locality 'Sépultures de Comnunbo' (Kom Ombo burials); also MNHN RA 1986.1471-1480 Samoun/Thebes",SCHOLARLY; OFFICIAL,IN_MASTER INST-FR-004,literature;usa_midwest_west;usa_northeast;usa_south
Muséum national d'Histoire naturelle (MNHN) - Anatomie comparée,Paris,FR,GBIF facet institutionCode=MNHN taxonKey=11493978 (collections ra/f/za/ucj only),"MNHN comparative-anatomy (AC) crocodilian material is not published to GBIF; science.mnhn.fr blocked (403). Also RA 1886.445 ('Haute Égypte', 1886; photo of dark desiccated juvenile) and RA 0.2156 ('Joannis et Jorès', Égypte) need label check.",OFFICIAL,OPEN,biodiversity
Muséum Requien,Avignon,FR,Assignment candidate list (unverified memory list from orchestrator),NOT YET SEARCHED individually (WebSearch budget exhausted). Resume: check Joconde export remainder (pass stopped at ~1M lines) + museum site search 'momie crocodile'.,SECONDARY,OPEN,france
Muséum Victor Brun,Montauban,FR,Assignment candidate list (unverified memory list from orchestrator),NOT YET SEARCHED individually (WebSearch budget exhausted). Resume: check Joconde export remainder (pass stopped at ~1M lines) + museum site search 'momie crocodile'. Brief said synchrotron study (Porcier et al. 2019) – that study is actually MdC Lyon 90001591; Montauban holdings still unchecked,SECONDARY,OPEN,france
Nice museums,Nice,FR,Assignment candidate list (unverified memory list from orchestrator),NOT YET SEARCHED individually (WebSearch budget exhausted). Resume: check Joconde export remainder (pass stopped at ~1M lines) + museum site search 'momie crocodile'.,SECONDARY,OPEN,france
Orléans museums,Orléans,FR,Assignment candidate list (unverified memory list from orchestrator),NOT YET SEARCHED individually (WebSearch budget exhausted). Resume: check Joconde export remainder (pass stopped at ~1M lines) + museum site search 'momie crocodile'.,SECONDARY,OPEN,france
Palais des Beaux-Arts,Lille,FR,Assignment candidate list (unverified memory list from orchestrator),NOT YET SEARCHED individually (WebSearch budget exhausted). Resume: check Joconde export remainder (pass stopped at ~1M lines) + museum site search 'momie crocodile'.,SECONDARY,OPEN,france
Rochefort museums,Rochefort,FR,Assignment candidate list (unverified memory list from orchestrator),NOT YET SEARCHED individually (WebSearch budget exhausted). Resume: check Joconde export remainder (pass stopped at ~1M lines) + museum site search 'momie crocodile'.,SECONDARY,OPEN,france
Tours museums,Tours,FR,Assignment candidate list (unverified memory list from orchestrator),NOT YET SEARCHED individually (WebSearch budget exhausted). Resume: check Joconde export remainder (pass stopped at ~1M lines) + museum site search 'momie crocodile'.,SECONDARY,OPEN,france
Troyes museums (Saint-Loup),Troyes,FR,Assignment candidate list (unverified memory list from orchestrator),NOT YET SEARCHED individually (WebSearch budget exhausted). Resume: check Joconde export remainder (pass stopped at ~1M lines) + museum site search 'momie crocodile'.,SECONDARY,OPEN,france
Valenciennes museum,Valenciennes,FR,Assignment candidate list (unverified memory list from orchestrator),NOT YET SEARCHED individually (WebSearch budget exhausted). Resume: check Joconde export remainder (pass stopped at ~1M lines) + museum site search 'momie crocodile'.,SECONDARY,OPEN,france
Vienne museums,Vienne,FR,Assignment candidate list (unverified memory list from orchestrator),NOT YET SEARCHED individually (WebSearch budget exhausted). Resume: check Joconde export remainder (pass stopped at ~1M lines) + museum site search 'momie crocodile'.,SECONDARY,OPEN,france
Villeneuve-sur-Lot museum,Villeneuve-sur-Lot,FR,Assignment candidate list (unverified memory list from orchestrator),NOT YET SEARCHED individually (WebSearch budget exhausted). Resume: check Joconde export remainder (pass stopped at ~1M lines) + museum site search 'momie crocodile'.,SECONDARY,OPEN,france
Ashmolean Museum (University of Oxford),Oxford,GB,https://ancientegyptbiobank.wordpress.com/2016/01/25/a-very-early-visit-to-oxford/,Bio Bank blog shows an Oxford object card for a 'Mummy of baby crocodile' (institution implied as Ashmolean; verify).,SECONDARY,OPEN,uk_north
Ashmolean Museum; Pitt Rivers Museum; Oxford University Museum of Natural History,Oxford,GB,assignment checklist,Not searched (budget). Resume: https://collections.ashmolean.org/collection/search?q=crocodile%20mummy ; https://prm.web.ox.ac.uk/collections-online#/search/simple-search/crocodile ; OUMNH via GBIF/Data portal 'Crocodylus mummified',SECONDARY,OPEN,uk_south
Blackburn Museum and Art Gallery,Blackburn,GB,uk_north assignment list / Ancient Egyptian Animal Bio Bank blog (ancientegyptbiobank.wordpress.com),Assignment candidate; not checked.,SECONDARY,OPEN,uk_north
Bristol Museum & Art Gallery,Bristol,GB,https://museums.bristol.gov.uk/details.php?irn=84869; https://museums.bristol.gov.uk/details.php?irn=82205,"WebSearch for crocodile mummy returned these Bristol collection records (not opened). | H3034 mummified baby crocodile (Stobart gift 1927), from search snippets only; also irn=120108, 80239, 187329, 80562 unread. Site failed TLS/503 in this session",SECONDARY; OFFICIAL,IN_MASTER INST-GB-003,uk_north;uk_south
British Museum,London,GB,"DigitalNZ/Papers Past: 'A CROCODILE MUMMY', Bruce Herald 5 Feb 1897; https://journals.plos.org/plosone/article?id=10.1371/journal.pone.0279137; Hekkala et al. 2022, p. 5; Hekkala et al. 2011, Molecular Ecology 20, Table S3; De Cupere et al. 2023 PLOS ONE e0279137, citing Anderson & Antoine 2019 in Creatures of Earth, Water, and Sky pp. 31-37; Baber, T.T. 2019, in Creatures of Earth, Water, and Sky (Sidestone) p. 75 (https://www.sidestone.com/openaccess/9789088907722.pdf); https://www.britishmuseum.org/collection/object/Y_EA6850; Hekkala et al. 2011 Molecular Ecology 20, Table S3 (same PDF); Hekkala et al. 2011, Molecular Ecology 20: 4199-4215, Table S3","1897 note: unrolled embalmed crocodile 'over 18ft' placed on exhibition in the Third Egyptian Room, British Museum | EA 38562: c. 4 m crocodile from Kom Ombo with mummified hatchlings on its back; CT (Anderson & Antoine 2019, 'Scanning Sobek', in Porcier, Ikram & Pasquali eds, Creatures of earth, water and sky, Sidestone, pp. 31-37). | Crocodile mummy EA38562 cited as example | Crocodile mummies sampled: BM 35734, 35726, 35747, 35751, 6837, 6847 (several Manfalut, E.J. Andrews) | large crocodile mummy from Kom Ombo, CT-scanned and radiocarbon dated | Mummies from the Maabdeh crocodile pits in BM: EA35730-2, EA6836-7, EA6847-9, EA35765 - verify whether crocodile mummies | EA6850 bundle of small crocodile mummies (search snippet only); the whole BM DB could not be searched (Cloudflare 403). Resume in a real browser: https://www.britishmuseum.org/collection/search?keyword=crocodile&object=animal%20mummy ; also check EA20764, EA6768, EA6813 | Six crocodile mummies sampled: BM 35734, 35726, 35747, 35751, 6837, 6847 (several 'Mummy Manfalut', collector E.J. Andrews). Probably EA numbers. | Crocodile mummies sampled: BM 35734, 35726, 35747, 35751, 6837, 6847 (several Manfalut; E.J. Andrews).",SECONDARY; SCHOLARLY; OFFICIAL,IN_MASTER INST-GB-004,canada_oceania;egypt;france;literature;uk_south;usa_northeast;usa_south
Cheltenham College (collection dispersed),Cheltenham,GB,https://www.liverpoolmuseums.org.uk/artifact/mummified-crocodile-9,World Museum 1976.159.270 crocodile mummy 'Purchased From Cheltenham College' 1975; college museum sold material - check if other crocodile mummies went elsewhere.,OFFICIAL,OPEN,uk_north
"Egypt Centre, Swansea University; Amgueddfa Cymru - National Museum Cardiff",Swansea; Cardiff,GB,assignment checklist,Not searched (budget). Resume: Egypt Centre online catalogue (egypt.swan.ac.uk collection search 'crocodile'); https://museum.wales/collections/online/?terms=crocodile%20mummy,SECONDARY,OPEN,uk_south
Egypt Exploration Society (photo archive),London,GB,https://guides.lib.berkeley.edu/objectlessons/dying,"Photograph by Arthur Hunt of various sized crocodile and cat mummies at Tebtunis 1899-1900, EES GR.NEG.067 (archive photo, not an object)",OFFICIAL,OPEN,usa_midwest_west
Fitzwilliam Museum; Cambridge University Museum of Zoology; Museum of Archaeology and Anthropology (MAA); Duckworth Laboratory,Cambridge,GB,assignment checklist,Not searched (budget). Resume: https://data.fitzmuseum.cam.ac.uk/search/results?query=crocodile%20mummy ; https://collections.maa.cam.ac.uk/objects/?query=crocodile ; https://www.museum.zoo.cam.ac.uk (collections search),SECONDARY,OPEN,uk_south
Garstang Museum of Archaeology (University of Liverpool),Liverpool,GB,uk_north assignment list / Ancient Egyptian Animal Bio Bank blog (ancientegyptbiobank.wordpress.com),Garstang excavated Esna 1905-06 (many Esna crocodiles/eggs now in World Museum); site garstang.liverpool.ac.uk unreachable (curl 000).,SECONDARY,OPEN,uk_north
Great North Museum: Hancock,Newcastle upon Tyne,GB,uk_north assignment list / Ancient Egyptian Animal Bio Bank blog (ancientegyptbiobank.wordpress.com),TWAM collections search collections.twmuseums.org.uk unreachable; not checked.,SECONDARY,OPEN,uk_north
Grosvenor Museum,Chester,GB,uk_north assignment list / Ancient Egyptian Animal Bio Bank blog (ancientegyptbiobank.wordpress.com),Assignment candidate; not checked.,SECONDARY,OPEN,uk_north
Harris Museum,Preston,GB,uk_north assignment list / Ancient Egyptian Animal Bio Bank blog (ancientegyptbiobank.wordpress.com),Assignment candidate; not checked.,SECONDARY,OPEN,uk_north
Horniman Museum and Gardens,London,GB,https://www.horniman.ac.uk/search/collection/?keyword=mummified%20crocodile,"Keyword 'mummified crocodile' returns 3 objects: /object/4505 (overall 1750 mm), /object/nn9438 (590 mm), /object/26.4.54/2 (cartonnage mask, 254 x 190.5 mm); 'crocodile mummy' 4 results. Object pages show no description in HTML; check the 'Download JSON' data on each page",OFFICIAL,OPEN,uk_south
Hull and East Riding Museum; Sheffield Museums (Weston Park); Bradford (Cliffe Castle); Bankfield Halifax; Tolson Huddersfield; Wakefield; Doncaster; Whitby; Scarborough Rotunda,Yorkshire,GB,uk_north assignment list / Ancient Egyptian Animal Bio Bank blog (ancientegyptbiobank.wordpress.com),Assignment candidates; not checked (Sheffield DB unreachable).,SECONDARY,OPEN,uk_north
The Hunterian (University of Glasgow),Glasgow,GB,uk_north assignment list / Ancient Egyptian Animal Bio Bank blog (ancientegyptbiobank.wordpress.com),"Not checked (catalogue URL guessed wrongly, 404).",SECONDARY,OPEN,uk_north
Kendal Museum,Kendal,GB,uk_north assignment list / Ancient Egyptian Animal Bio Bank blog (ancientegyptbiobank.wordpress.com),Assignment candidate; not checked.,SECONDARY,OPEN,uk_north
Lancaster City Museum,Lancaster,GB,uk_north assignment list / Ancient Egyptian Animal Bio Bank blog (ancientegyptbiobank.wordpress.com),Assignment candidate; not checked.,SECONDARY,OPEN,uk_north
Leeds Museums and Galleries (Leeds City Museum / Discovery Centre),Leeds,GB,uk_north assignment list / Ancient Egyptian Animal Bio Bank blog (ancientegyptbiobank.wordpress.com),Assignment candidate; not checked.,SECONDARY,OPEN,uk_north
Leicester Museums; Nottingham Castle; University of Nottingham Museum; Derby Museums; Potteries Museum Stoke; Shrewsbury; Worcester; Warwick; Northampton; Lincoln; Kettering; Peterborough; Herbert Coventry; Wolverhampton; University of Birmingham collections,English Midlands,GB,uk_north assignment list / Ancient Egyptian Animal Bio Bank blog (ancientegyptbiobank.wordpress.com),Assignment candidates; not checked. Note: Gilstrap Museum Newark's Egyptian material (incl. Kafr Ammar crocodile items) transferred to Liverpool 1952.,SECONDARY,OPEN,uk_north
Maidstone Museum,Maidstone,GB,"Ikram, Aicardi, Facchetti (eds.), The Animal Mummies of the Museo Egizio, Turin, 2024 (https://shop.museoegizio.it/media/fcp/pdf/9788857020136a.pdf), crocodile chapter 8.12 'Parallels'",Crocodile parallels cited: MaM EA19/1 (1868-100); EA496; EA 503 and 504 (crocodile legs/parts),SCHOLARLY,OPEN,southern_europe
Manchester Museum,Manchester,GB,"https://journals.plos.org/plosone/article?id=10.1371/journal.pone.0279137; Pubblico 2025, Heritage 8:415 (https://doi.org/10.3390/heritage8100415), figs. 5d and 17; De Cupere et al. 2023 PLOS ONE e0279137, citing McKnight, Atherton-Woolham & Adams 2015 RadioGraphics 35: 2108-2120; Porcier et al. 2019 JAS 110:105009 (HAL hal-03487884), citing McKnight et al. 2015 RadioGraphics 35: 2108-2120; Ikram, Aicardi, Facchetti (eds.), The Animal Mummies of the Museo Egizio, Turin, 2024 (https://shop.museoegizio.it/media/fcp/pdf/9788857020136a.pdf), crocodile chapter 8.12 'Parallels'; Crossref: 'Imaging Ancient Egyptian Crocodile Mummies from Hawara', Current Research in Egyptology 2014 (2015), doi 10.2307/j.ctvh1ds9d.20; Porcier et al. 2019 (MM9, 1772)","Museum acquisition no. 1772 (Ancient Egyptian Animal Bio Bank AEABB90), c. 1.6 m crocodile, unknown provenance, depressed skull fracture (McKnight et al.); also Atherton-Woolham 2015 'Imaging Ancient Egyptian Crocodile Mummies from Hawara' (CRE 2014). | Crocodile mummies MM 7892 and MM 12008 (3D models) | crocodile mummies radiographed/CT-scanned (Manchester Museum) | mummified crocodile with cranial fracture, 'MM9, 1772', provenance unknown; also Atherton-Woolham 2015 'Imaging Ancient Egyptian Crocodile Mummies from Hawara' (CRE 2014, doi 10.2307/j.ctvh1ds9d.20) | Crocodile parallels cited: MM 12008 (22941), 12010 (22943) | Crocodile mummies from Hawara (Petrie excavations) imaged by the Manchester Ancient Egyptian Animal Bio Bank; Manchester acquisition no. 1772 (provenance unknown) has depressed skull fracture",SCHOLARLY,IN_MASTER INST-GB-005,egypt;france;literature;southern_europe;toponyms
National Museums Liverpool (World Museum),Liverpool,GB,"Ikram, Aicardi, Facchetti (eds.), The Animal Mummies of the Museo Egizio, Turin, 2024 (https://shop.museoegizio.it/media/fcp/pdf/9788857020136a.pdf), crocodile chapter 8.12 'Parallels'; https://www.liverpoolmuseums.org.uk/artifact/mummified-crocodile-5","Crocodile parallel cited: NML 14289 | Artifact pages titled 'Mummified Crocodile' (numbered slugs, at least -5)",SCHOLARLY; OFFICIAL,OPEN,southern_europe;uk_south
National Museums Scotland,Edinburgh,GB,uk_north assignment list / Ancient Egyptian Animal Bio Bank blog (ancientegyptbiobank.wordpress.com),nms.ac.uk collection search returns 403; Bio Bank blog 2014-06-09 notes no animal mummies on display (storage unknown).,SECONDARY,OPEN,uk_north
"Natural History Museum, London (NHMUK)",London,GB,"NHM Data Portal API (raw/nhm_croc_egypt.json); Anderson & Antoine 2019 p. 32 n.1; Whitehead & Keates 1981: 73; GBIF occurrence 1056691432 (https://www.gbif.org/occurrence/1056691432); GBIF occurrence API taxonKey=11493978&country=EG (raw/gbif_crocodylia_EG.json); GBIF occurrence API, Crocodylidae country=EG","Skulls not described as mummified but from Petrie's excavations: 1911.8.15.1 (Hawara, Fayum; donor 'F Petrie'), 1889.9.20.1 (Lower Egypt). Check NHM registers for mummy origin. | Kom Ombo crocodile mummy (de Morgan gift 1895) in reptile collection; inventory number not given | NHMUK 1977.448 Crocodylus niloticus, full-text match 'mummified' - may or may not be an Egyptian mummy | Crocodylus niloticus specimens NHMUK 1976.290 and 1976.291 (Hawara, Fayum / 'E. of Labyrinth', Hawara, collector W.M.F. Petrie), 1911.8.15.1 (Hawara, Fayum), 1889.9.20.1 (Lower Egypt, Petrie) - possibly mummified crocodiles from Hawara | NHMUK 1976.290, 1976.291 ('E. of Labyrinth', Hawara, Fayum), 1911.8.15.1 (Hawara, Fayum) Crocodylus niloticus - possibly mummy-derived",OFFICIAL; SCHOLARLY,IN_MASTER INST-GB-007,biodiversity;literature;rest_of_world;usa_northeast;usa_south
Norwich Castle Museum,Norwich,GB,"Kalloniatis, F. 2019. Animal Mummies. In: The Egyptian Collection at Norwich Castle Museum (Oxbow), doi 10.2307/j.ctv138wsm3.29",catalogue chapter on animal mummies; crocodiles to check,SCHOLARLY,OPEN,literature
Norwich Castle Museum and Art Gallery,Norwich,GB,https://content.liverpoolmuseums.org.uk/jsonapi/node/artifact?filter%5Bfield_number%5D=56.21.537,"NML records show many crocodile mummies were 'Purchased from the collections of Norwich Castle Museum' in 1956 (56.21.512-518, 537, 545; 56.22.223; 56.22.405a-e). Check whether Norwich still holds any crocodile mummies (Kalloniatis 2019, The Egyptian Collection at Norwich Castle Museum. Catalogue and Essays, p. 15) and avoid double counting with Liverpool.",OFFICIAL,OPEN,uk_north
"Oriental Museum, Durham University",Durham,GB,uk_north assignment list / Ancient Egyptian Animal Bio Bank blog (ancientegyptbiobank.wordpress.com),collections.durham.ac.uk unreachable (curl 000); WebSearch budget exhausted before query.,SECONDARY,OPEN,uk_north
Perth Museum and Art Gallery; McManus Dundee; D'Arcy Thompson Zoology Museum; Paisley; Inverness; Stirling Smith; Montrose; Elgin; Kirkcaldy; Bell Pettigrew St Andrews,Scotland,GB,uk_north assignment list / Ancient Egyptian Animal Bio Bank blog (ancientegyptbiobank.wordpress.com),Assignment candidates; not checked.,SECONDARY,OPEN,uk_north
"Plymouth City Museum (The Box, Plymouth)",Plymouth,GB,https://ancientegyptbiobank.wordpress.com/2013/04/03/oh-i-do-like-to-be-beside-the-seaside/,"Bio Bank blog: 'the collection includes 15 mummies including birds, crocodiles and mammals'.",SECONDARY,OPEN,uk_north
Salford Museum and Art Gallery,Salford,GB,uk_north assignment list / Ancient Egyptian Animal Bio Bank blog (ancientegyptbiobank.wordpress.com),Assignment candidate; not checked.,SECONDARY,OPEN,uk_north
Science Museum Group (Wellcome collection),London,GB,https://collection.sciencemuseumgroup.org.uk/objects/co84634/mummy-of-a-crocodile-egypt-2000-1001-bce,"Search result title 'Mummy of a crocodile, Egypt, 2000-1001 BCE | Science Museum Group Collection' (co84634) - not opened.",SECONDARY,IN_MASTER INST-GB-009,uk_north
"South/South-West/East England regional museums (Eton Myers, Harrow, Reading Ure & Reading Museum, Brighton, Maidstone, Norwich Castle, Colchester, Saffron Walden, RAMM Exeter, Torquay, Plymouth The Box, Royal Cornwall Truro, Dorset Museum, Russell-Cotes, Wiltshire Museum, Swindon, Haslemere, Hunterian RCS, Egypt Exploration Society)",UNKNOWN,GB,assignment checklist,"None searched (session WebSearch budget exhausted; orchestrator wrap-up). Resume with each museum's online DB, query 'crocodile' then filter mummy/animal remains",SECONDARY,OPEN,uk_south
Stockport Museum,Stockport,GB,uk_north assignment list / Ancient Egyptian Animal Bio Bank blog (ancientegyptbiobank.wordpress.com),Assignment candidate; not checked.,SECONDARY,OPEN,uk_north
Sunderland Museum; Dorman Museum (Middlesbrough); Hartlepool; Darlington,North-East England,GB,uk_north assignment list / Ancient Egyptian Animal Bio Bank blog (ancientegyptbiobank.wordpress.com),Assignment candidates; not checked.,SECONDARY,OPEN,uk_north
Tullie House Museum,Carlisle,GB,uk_north assignment list / Ancient Egyptian Animal Bio Bank blog (ancientegyptbiobank.wordpress.com),Assignment candidate; not checked.,SECONDARY,OPEN,uk_north
UK/other museums holding Petrie's Hawara crocodile mummies,UNKNOWN,GB,"Atherton-Woolham, S. 2015. Imaging Ancient Egyptian Crocodile Mummies from Hawara. In: Current Research in Egyptology 2014 (Oxbow), doi 10.2307/j.ctvh1ds9d.20",CT/X-ray of Hawara crocodile mummies held in several collections (not read),SCHOLARLY,OPEN,literature
Ulster Museum (National Museums NI); Armagh County Museum / Armagh Robinson Library,Northern Ireland,GB,uk_north assignment list / Ancient Egyptian Animal Bio Bank blog (ancientegyptbiobank.wordpress.com),nationalmuseumsni.org reachable (200) but not searched.,SECONDARY,OPEN,uk_north
"University Museum of Zoology, Cambridge",Cambridge,GB,https://data.fitzmuseum.cam.ac.uk/id/object/49399,"Fitzwilliam E.1.1894 crocodile mummy was 'transferred' in 1894 from the University Museum of Zoology, Cambridge — the Zoology Museum may hold further crocodile mummies",OFFICIAL,OPEN,portals_world
University of Aberdeen Museums (Marischal collection),Aberdeen,GB,uk_north assignment list / Ancient Egyptian Animal Bio Bank blog (ancientegyptbiobank.wordpress.com),Bio Bank blog 2014-04-30: 18 animal mummies recorded; taxa not stated; catalogue not checked.,SECONDARY,OPEN,uk_north
Warrington Museum and Art Gallery,Warrington,GB,uk_north assignment list / Ancient Egyptian Animal Bio Bank blog (ancientegyptbiobank.wordpress.com),Bio Bank blog 2014-02-25: small collection of 4 animal mummies recorded; taxa not stated.,SECONDARY,OPEN,uk_north
West Park Museum,Macclesfield,GB,uk_north assignment list / Ancient Egyptian Animal Bio Bank blog (ancientegyptbiobank.wordpress.com),Bio Bank blog 2015-04-12: 8 mummies (incl. 3 coffin masks) CT-scanned; taxa not stated.,SECONDARY,OPEN,uk_north
Yorkshire Museum (York Museums Trust),York,GB,uk_north assignment list / Ancient Egyptian Animal Bio Bank blog (ancientegyptbiobank.wordpress.com),yorkmuseumstrust.org.uk/collections/search/?query=crocodile returned 200 but not parsed.,SECONDARY,OPEN,uk_north
"National Archaeological Museum, Athens (Egyptian collection)",Athens,GR,assignment candidate list,"Check Egyptian collection animal mummies (searchculture.gr, Europeana GR gave no hit)",SECONDARY,OPEN,central_east_europe
Archaeological Museum in Zagreb,Zagreb,HR,assignment candidate list; Crossref Čavka & Uranić 2014 (human mummies CT),"Egyptian collection (Uranić, Aegyptiaca Zagrabiensia 2007) - check for crocodile mummies",SECONDARY,OPEN,central_east_europe
"Museum of Fine Arts, Budapest (Szépművészeti Múzeum)",Budapest,HU,Search-engine titles for https://www.szepmuveszeti.hu/mutargyak/14576/ and /14577/,Official object pages 'Krokodilmúmia' and 'Krokodil múmia' blocked (HTTP 451); open from another network,SECONDARY,IN_MASTER INST-HU-001,central_east_europe
Savaria Museum,Szombathely,HU,savariamuseum.blog.hu post 2021-08-26,Baby crocodile mummy (Gothard collection); need inv. no./official source,SECONDARY,IN_MASTER INST-HU-002,central_east_europe
Semmelweis Museum of Medical History (Hungarian National Museum),Budapest,HU,"Crossref: Szvák et al. 2023, Anthropologischer Anzeiger 80: 233-240, DOI 10.1127/anthranz/2022/1587",'On some mummy findings' - check for animal/crocodile mummies,SCHOLARLY,OPEN,central_east_europe
National Museum of Ireland (Kildare St / Natural History),Dublin,IE,uk_north assignment list / Ancient Egyptian Animal Bio Bank blog (ancientegyptbiobank.wordpress.com),museum.ie returns 403; not checked.,SECONDARY,OPEN,uk_north
Trinity College Dublin Zoological Museum; UCC; Hunt Museum Limerick,Ireland,IE,uk_north assignment list / Ancient Egyptian Animal Bio Bank blog (ancientegyptbiobank.wordpress.com),Assignment candidates; not checked.,SECONDARY,OPEN,uk_north
Eretz Israel Museum; Rockefeller Museum (IAA),Tel Aviv; Jerusalem,IL,assignment list,not checked,SECONDARY,OPEN,rest_of_world
Manx National Heritage,Isle of Man,IM,uk_north assignment list / Ancient Egyptian Animal Bio Bank blog (ancientegyptbiobank.wordpress.com),Assignment candidate; not checked.,SECONDARY,OPEN,uk_north
Baroda Museum & Picture Gallery,Vadodara,IN,WebSearch snippet (human mummy only),animal mummies not checked,SECONDARY,OPEN,rest_of_world
Chhatrapati Shivaji Maharaj Vastu Sangrahalaya,Mumbai,IN,assignment list; not in Museums of India portal,Egyptian gallery; animal mummies not checked,SECONDARY,OPEN,rest_of_world
Government Museum Chennai; State Museum Lucknow; Telangana State Archaeology Museum,Chennai; Lucknow; Hyderabad,IN,assignment list / WebSearch snippets (human mummies),animal mummies not checked,SECONDARY,OPEN,rest_of_world
National Museum of Iran,Tehran,IR,assignment list,not checked,SECONDARY,OPEN,rest_of_world
National Museum of Iceland,UNKNOWN,IS,assignment candidate list,Sarpur not searched,SECONDARY,OPEN,nordic_baltic
"Cinecittà Luce newsreel (Tebtunis crocodile necropolis, Italian mission)",UNKNOWN,IT,https://www.europeana.eu/item/08602/IL3000051873,Archival film of the R. missione archeologica italiana discovering the crocodile-god temple at Tebtunis - snowball source for Italian (Florence/Milan) holdings of Tebtunis crocodile mummies,SECONDARY,OPEN,portals_europe
Civico Museo Archeologico di Milano (Civiche Raccolte Archeologiche),Milano,IT,"Ikram, Aicardi, Facchetti (eds.), The Animal Mummies of the Museo Egizio, Turin, 2024 (https://shop.museoegizio.it/media/fcp/pdf/9788857020136a.pdf), crocodile chapter 8.12 'Parallels'","Crocodile parallel cited: 'Milan, CMA 0.9.41359' / 'Milan, CMA E 0.9.41359' (small wrapped juvenile crocodile parallel)",SCHOLARLY,OPEN,southern_europe
Civico Museo Archeologico di Milano / Castello Sforzesco Sezione Egizia,Milano,IT,"Ikram et al. 2024 parallel 'Milan, CMA E 0.9.41359' (small wrapped crocodile)",Official sites museoarcheologicomilano.it and milanocastello.it return 403; Lombardia Beni Culturali only has bronzes. Resume: request record E 0.9.41359,SCHOLARLY,OPEN,southern_europe
Museo Archeologico Nazionale di Napoli (Egyptian collection),Napoli,IT,Assignment candidate list,Not checked,SECONDARY,OPEN,southern_europe
Museo Civico Archeologico di Bologna,Bologna,IT,Assignment candidate list; PatER (Emilia-Romagna catalogue) blocked 403,Check museibologna.it collection pages / Pernigotti catalogue for crocodile mummies,SECONDARY,OPEN,southern_europe
Museo Civico di Storia Naturale di Milano,Milano,IT,CMSNF Napoli page 'Le mummie dell'antico egitto' (Wayback 2022): Panceri's 1873-74 Egypt expedition (El-Maabdeh crocodile cave) was carried out 'in collaborazione col Museo Civico di Storia Naturale di Milano',Milan natural history museum may have received El-Maabdeh crocodile mummies from the 1873-74 expedition (collections heavily damaged in 1943),OFFICIAL,OPEN,southern_europe
"Museo di Antropologia ed Etnografia, Universita di Torino (MAET)",Torino,IT,"Grilletto (ed.) 1991, Materiali antropologici e zoologici ... Museo Egizio di Torino e Museo di Antropologia dell'Universita di Torino (cited in Ikram et al. 2024); Grilletto (ed.) 1991 inventory covers Egyptian zoological material there",1991 inventory covers Egyptian zoological material in the University Anthropology Museum; possible crocodile mummies | Not checked,SCHOLARLY,OPEN,southern_europe
Museo di Palazzo Poggi / Sistema Museale di Ateneo Bologna,Bologna,IT,catalogo.beniculturali.it 0800688426 (taxidermy crocodile 3.80 m),Only taxidermy found; not a mummy,SCHOLARLY,OPEN,southern_europe
Museo di Storia Naturale di Milano,Milan,IT,"Baber 2019 p. 75 (Panceri expeditions 1873-74 'in collaboration with the Museum of Natural History in Milan'), citing Scillitani 2014",Panceri/Gasco/Costa/Cornalia explored Maabdeh crocodile caves; possible crocodile mummies in Milan natural history museum (not stated),SCHOLARLY,OPEN,literature
Museo di Storia Naturale di Venezia Giancarlo Ligabue,Venice,IT,"WebSearch snippets; ResearchGate figure 'Mummia di coccodrillo, MSNVE-6864'; ESR poster 'Archeoradiology in Venice: the last travel of the Sobek's priestess'",Crocodile mummy MSNVE-6864; human mummy and embalmed crocodile found near Manfalut in 1862 by Giovanni Miani,SECONDARY,IN_MASTER INST-IT-003,toponyms
Museo Egizio (full animal-mummy catalogue),Turin,IT,"Ikram, S., Aicardi, S. & Facchetti, F. 2024. The Animal Mummies of the Museo Egizio, Turin. Studi del Museo Egizio 5","complete catalogue; will list all Turin crocodile mummies (Cat. 2351/02, P. 1458/12 known)",SCHOLARLY,IN_MASTER INST-IT-004,literature
Museo Egizio (Turin) - additional object,Torino,IT,"Tezzele 2014 thesis p. 95 fig. 55 citing Grilletto 1988, in Donadoni Roveri (ed.), Civiltà degli Egizi. Le credenze religiose, p. 186",Ichneumon-shaped mummy in Museo Egizio Torino that X-ray showed to contain a small mummified crocodile; not identified in Ikram et al. 2024 crocodile chapter or online DB - inventory unknown,SCHOLARLY,OPEN,southern_europe
"Museo Egizio - Sapienza Museo del Vicino Oriente, Egitto e Mediterraneo; Museo Barracco; Museo delle Civiltà; Museo di Zoologia",Roma,IT,Assignment candidate list,Not checked,SECONDARY,OPEN,southern_europe
"Museo Zoologico, Università di Napoli Federico II",Naples,IT,Baber 2019 p. 75 n. 32,Two mummified crocodile heads collected by Paolo Panceri at Maabdeh 1873-74; official page cited: http://www.cmsnf.it/le-mummie-dellantico-egitto/,SCHOLARLY,OPEN,literature
Padova: Museo di Scienze Archeologiche e d'Arte / Museo di Zoologia / Musei Civici Eremitani,Padova,IT,Assignment candidate list,Not checked,SECONDARY,OPEN,southern_europe
"Rovigo Accademia dei Concordi; Parma Pilotta; Reggio Emilia Musei Civici; Cremona; Como Museo Giovio; Bergamo; Brescia; Pavia; Trieste; Genova (Archeologia Ligure, Museo Doria, Castello d'Albertis); Livorno; Pisa Calci; Siena Fisiofritici; Cortona MAEC; Chiusi; Perugia; Ancona; Palermo Salinas; Catania Castello Ursino; Siracusa; Cagliari; Sassari; Torino MRSN; Asti; Varese; Novara; Aquileia; Udine; Verona MSN; Vicenza; Treviso; Trento",various,IT,Assignment candidate list,None checked - WebSearch budget exhausted; check each museum site/regional catalogue,SECONDARY,OPEN,southern_europe
University of Pisa / Medinet Madi mission store; Università degli Studi di Milano (Vogliano collection),Pisa / Milan,IT,Shimizu 2026 citing Bresciani 2015 and Siliotti 2010,"Medinet Madi (Narmouthis): c. 90 crocodile eggs, incubation structures, linen-wrapped bones of juvenile crocodiles (6-9 yrs); holdings location not stated (likely Egypt).",SCHOLARLY,OPEN,toponyms
Jordan Museum,Amman,JO,assignment list,not checked,SECONDARY,OPEN,rest_of_world
Ancient Orient Museum (古代オリエント博物館),Tokyo,JP,https://aom-tokyo.com/exhibition/221210_akorismummy.html,"Close-up exhibition 'エジプト・アコリス出土のミイラ' (mummies excavated at Akoris), 2022-12; crocodile content not verified (page mentions staff only in grep). Akoris is a major crocodile-cult site.",OFFICIAL,CHECKED_NO_CONFIRMATION,egypt
Gunma Museum of Natural History,Tomioka,JP,https://cir.nii.ac.jp/crid/2051151842047369600,"Egyptian mummy specimens Nos.1-6 (Morimoto et al. 1998, 群馬県立自然史博物館研究報告 2); unknown whether animal mummies included",SCHOLARLY,OPEN,east_asia
MIHO MUSEUM,Koka,JP,https://www.city.shimonoseki.lg.jp/site/art/132906.html,Egyptian antiquities lender; collection not checked for animal mummies,OFFICIAL,OPEN,east_asia
Okayama Orient Museum,Okayama,JP,https://cir.nii.ac.jp/crid/1021131405744433281,Egyptian collection; special exhibition catalogue 'ミイラと神々－エジプトの来世、メソポタミアの現世' (2019) and '古代エジプト・ふしぎ発見!' (2025) may list animal mummies,OFFICIAL,OPEN,east_asia
Takahashi City Nariwa Museum (Kojima collection); Shimonoseki City Art Museum (Kawamura coll.); Middle Eastern Culture Center in Japan; Hirayama Ikuo Silk Road Museum; Matsuoka Museum; Minpaku,various,JP,https://www.city.shimonoseki.lg.jp/site/art/132906.html,Japanese Egyptian collections not yet checked for crocodile mummies,OFFICIAL,OPEN,east_asia
Tenri University Sankokan Museum,Tenri,JP,https://cir.nii.ac.jp/crid/2120026415023565312,古代エジプト遺物コレクション (Suzuki M.); new catalogue 古代エジプトの世界 (2026); not checked for crocodile,SCHOLARLY,OPEN,east_asia
"University Museum, The University of Tokyo (UMUT)",Tokyo,JP,https://www.kahaku.go.jp/albums/abm.php?d=4781&f=abm00002596.pdf&n=L_BNMNS_D48_1.pdf,Holds Egyptian human mummies (Sakaue 2022; Kamiya 2000 catalogue); animal mummies not checked,SCHOLARLY,OPEN,east_asia
Waseda University Aizu Yaichi Museum / Waseda Archaeological Materials Museum,Tokyo,JP,https://www.city.shimonoseki.lg.jp/site/art/132906.html,"Egyptian holdings lent to 2025 exhibition; Waseda Egyptology (North Saqqara animal remains, エジプト学研究 26) — holdings not checked",OFFICIAL,OPEN,east_asia
National Museums of Kenya,Nairobi,KE,assignment list,not checked,SECONDARY,OPEN,rest_of_world
National Museum of World Writing Systems,Incheon,KR,https://www.emuseum.go.kr/headerSearch?keyword=이집트,"Holds Egyptian antiquities (canopic jar of Psamtek-menti, faience shabti of Neferibre-saneith, talatat) — possible other Egyptian material; no crocodile found",OFFICIAL,OPEN,east_asia
Seoul National University Museum,Seoul,KR,https://www.emuseum.go.kr/headerSearch?keyword=악어,e-museum search '악어' lists 1 record titled '악어' held by 서울대학교박물관 (facet PS01005003); record not opened — nature (figure/specimen/mummy) unknown,OFFICIAL,OPEN,east_asia
Kuwait National Museum; Tareq Rajab Museum,Kuwait City,KW,assignment list,not checked,SECONDARY,OPEN,rest_of_world
American University of Beirut Archaeological Museum,Beirut,LB,assignment list,not checked,SECONDARY,OPEN,rest_of_world
National Museum of Beirut,Beirut,LB,assignment list,not checked,SECONDARY,OPEN,rest_of_world
National Museum of Lithuania,Vilnius,LT,"Piombino-Mascali et al. 2023 Archaeologia Lituana 24: 115-123 (cited in Yanish et al. 2025); Crossref: Piombino-Mascali, Jankauskas, Piličiauskienė, Girčius 2024, 'Crocodile Rock! A Bioarchaeological Study of Ancient Egyptian Reptile Remains from the National Museum of Lithuania', Archaeologia Lituana, https://doi.org/10.15388/archlit.2023.24.7",ancient Egyptian reptile remains ('Crocodile rock!') | Egyptian reptile (crocodile) remains studied,SCHOLARLY,IN_MASTER INST-LT-001,literature;rest_of_world
Luxembourg MNHA / MNHN; Liechtenstein,UNKNOWN,LU,assignment candidate list,Only Europeana checked (0 hits),SECONDARY,OPEN,benelux_alpine
Red Castle Museum (Assaraya al-Hamra),Tripoli,LY,assignment list,not checked,SECONDARY,OPEN,rest_of_world
Musée d'anthropologie préhistorique de Monaco,Monaco,MC,Assignment candidate list (unverified memory list from orchestrator),NOT YET SEARCHED (budget exhausted),SECONDARY,OPEN,france
Musée océanographique de Monaco,Monaco,MC,Assignment candidate list (unverified memory list from orchestrator),NOT YET SEARCHED (budget exhausted),SECONDARY,OPEN,france
National Museum of Archaeology Valletta; Natural History Museum Mdina,Valletta / Mdina,MT,Assignment candidate list; Europeana Malta 'crocodile' 0,Not checked directly,SECONDARY,OPEN,southern_europe
Museo Nacional de las Culturas del Mundo (INAH),Mexico City,MX,Nierika article https://nierika.ibero.mx/index.php/nierika/article/view/862 (timeout),c.150 Egyptian pieces; read Taber's article for animal mummies,SCHOLARLY,CHECKED_NO_CONFIRMATION,rest_of_world
Allard Pierson,Amsterdam,NL,"'Animal Mummies. From Research to Outreach at the Allard Pierson' 2025, doi 10.59641/a1d7x8y9z0 (Crossref title only)",animal mummy research at Allard Pierson; crocodiles to check,SCHOLARLY,IN_MASTER INST-NL-003,literature
Naturalis Biodiversity Center; Teylers; Wereldmuseum; Univ. Utrecht/Groningen; other NL candidates,UNKNOWN,NL,assignment candidate list,Not checked individually; Europeana/Collectie Nederland 'krokodillenmummie' found only RMO and Museon (CN search rate-limited 429 before further queries),SECONDARY,OPEN,benelux_alpine
Rijksmuseum van Oudheden,Leiden,NL,"https://www.bunkamura.co.jp/museum/exhibition/21_leidenegypt/chapters.html; Raven & Taconis 2005, Egyptian Mummies: Radiological Atlas of the Collections in the National Museum of Antiquities at Leiden (cited in Oliva & Borla 2019); https://data.collectienederland.nl/api/search/v2/?q=krokodil%20mummie&format=json; Ikram, Aicardi, Facchetti (eds.), The Animal Mummies of the Museo Egizio, Turin, 2024 (https://shop.museoegizio.it/media/fcp/pdf/9788857020136a.pdf), crocodile chapter 8.12 'Parallels'","Japanese touring exhibition 'ライデン国立古代博物館所蔵 古代エジプト展' (Bunkamura Tokyo 2021-22 and other venues) exhibited 'ワニのミイラ ローマ時代（前30-後395年頃）' (crocodile mummy, Roman period) in the chapter on CT-scanning research done for the exhibition (scan 2019); inventory number not given online; catalogue 古代エジプト展：ライデン国立古代博物館所蔵 (愛知県美術館/中日新聞社 2020) should give it | Radiological atlas covering animal mummies; check for crocodile mummies | AMM 16a,g,h,i,k online; letters b-f, j etc. may exist offline; rmo.nl blocked (403) | Crocodile parallels cited: RMO AMM 16g, AMM 16i, AMM 16k (Raven and Taconis, Egyptian Mummies, 2005, pp. 302-305)",OFFICIAL; SCHOLARLY,OPEN,east_asia;literature;portals_europe;southern_europe
NTNU Vitenskapsmuseet / Stavanger / Tromsø,UNKNOWN,NO,assignment candidate list,DiMu covers some; Unimus portal not searched directly,SECONDARY,OPEN,nordic_baltic
Otago Museum,Dunedin,NZ,Assignment candidate list,"Egyptian collection (human mummy 1894, Hallenstein); not a DigitalNZ partner; own collections online not searched",SECONDARY,OPEN,canada_oceania
University of Canterbury Teece Museum of Classical Antiquities (Logie Collection),Christchurch,NZ,Assignment list; DigitalNZ,"DigitalNZ text=mummy shows only shroud, scarab copy, Osiris figurine; teecemuseum.nz own search not run",SECONDARY,OPEN,canada_oceania
Whanganui Regional Museum,Whanganui,NZ,Assignment list,Not searched (collection online / eHive),SECONDARY,OPEN,canada_oceania
Lahore Museum; National Museum of Pakistan,Lahore; Karachi,PK,assignment list,not checked,SECONDARY,OPEN,rest_of_world
Muzeum Archeologiczne i Etnograficzne w Łodzi; Wrocław museums; Gdańsk; Gołuchów (MNP branch); Muzeum i Instytut Zoologii PAN,various,PL,assignment candidate list,Not checked,SECONDARY,OPEN,central_east_europe
Muzeum Archeologiczne w Krakowie,Kraków,PL,assignment candidate list,Egyptian collection incl. animal mummies?; not checked,SECONDARY,OPEN,central_east_europe
Muzeum Archeologiczne w Poznaniu,Poznań,PL,assignment candidate list,Egyptian collection; not checked,SECONDARY,OPEN,central_east_europe
Muzeum Archeologiczno-Historyczne w Elblągu (former Städtisches Museum Elbing),Elbląg,PL,Europeana API hit for 'mumia krokodyla': /0940411/_nnnr2mr 'Führer durch die Sammlungen des Städtischen Museums zu Elbing' (Elbląska Biblioteka Cyfrowa),Historic guide may list a crocodile mummy; check text and post-1945 fate,OFFICIAL,OPEN,central_east_europe
National Museum in Poznań,Poznań,PL,poznan.naszemiasto.pl news 2015,Mummified crocodile head in Gallery of Ancient Art; need official record,SECONDARY,IN_MASTER INST-PL-002,central_east_europe
National Museum in Warsaw,Warsaw,PL,cyfrowe.mnw.art.pl (JS app); Ejsmond & Przewłocki 2014 SAAC 18 (cat mummies),Digital catalogue not queried; search 'krokodyl'/'mumia' via its API,OFFICIAL,OPEN,central_east_europe
Museo de Arte de Ponce,"Ponce, PR",PR,https://www.museoarteponce.org/,Not checked.,SECONDARY,OPEN,usa_south
"Museo de Historia, Antropología y Arte, Universidad de Puerto Rico","San Juan, PR",PR,https://museo.uprrp.edu/,Holds Egyptian collection (to verify); search 'momia de cocodrilo'/'cocodrilo'.,SECONDARY,OPEN,usa_south
Museu Nacional de Arqueologia; Museu Calouste Gulbenkian; MUHNAC Lisboa; MHNC Univ. Porto; Museu da Ciência Coimbra,Lisboa / Porto / Coimbra,PT,Assignment candidate list; Europeana Portugal no hits,MatrizNet not queried,SECONDARY,OPEN,southern_europe
National Museum of Qatar / Qatar Museums,Doha,QA,assignment list,not checked,SECONDARY,OPEN,rest_of_world
"Romanian museums: Brukenthal (Sibiu), Grigore Antipa, MNIR, Iași, Oradea, Timișoara",various,RO,CIMEC Clasate checked (only Cluj crocodile),Unclassified holdings not in Clasate; check museum sites,OFFICIAL,OPEN,central_east_europe
Kunstkamera (Peter the Great Museum of Anthropology and Ethnography); Zoological Institute RAS; Zoological Museum MSU; Darwin Museum; Kazan Federal University,various,RU,assignment candidate list,"Sites reachable (kunstkamera.ru, zin.ru, zmmu.msu.ru, darwinmuseum.ru) but not searched",SECONDARY,OPEN,central_east_europe
Russian State Museum Catalogue (goskatalog.ru) - all Russian museums,various,RU,assignment,"goskatalog.ru connection reset; query 'мумия крокодила', 'крокодил мумия', 'Себек'",OFFICIAL,OPEN,central_east_europe
State Hermitage Museum,St Petersburg,RU,assignment candidate list,hermitagemuseum.org unreachable (connection failed); search collection for 'мумия крокодила',SECONDARY,OPEN,central_east_europe
Sudan National Museum,Khartoum,SD,assignment list,not checked,SECONDARY,OPEN,rest_of_world
Bohusläns Museum,Uddevalla,SE,"WebSearch snippet (search on Samoun/Maabdeh crocodile caves, derived from a wiki page - not cited)",Two crocodile mummies allegedly from the El-Maabdeh (Samoun) caves,SECONDARY,OPEN,toponyms
Etnografiska museet / Statens museer för världskultur (archive),Stockholm,SE,https://www.europeana.eu/item/91666/SMVK_EM_arkiv_3504473,Europeana 'Krokodil Mumie' hit on an Etnografiska museet inventory list (förteckning) - not inspected; may list a crocodile mummy,OFFICIAL,OPEN,portals_europe
Gustavianum / Victoriamuseet (Uppsala University),Uppsala,SE,assignment candidate list,Not in K-samsök/DiMu hits; own DB not searched,SECONDARY,OPEN,nordic_baltic
Medelhavsmuseet (Museum of Mediterranean and Near Eastern Antiquities),Stockholm,SE,"Ikram, Aicardi, Facchetti (eds.), The Animal Mummies of the Museo Egizio, Turin, 2024 (https://shop.museoegizio.it/media/fcp/pdf/9788857020136a.pdf), crocodile chapter 8.12 'Parallels'",Crocodile parallels cited: NME 1961:256-62,SCHOLARLY,OPEN,southern_europe
Naturhistoriska riksmuseet,Stockholm,SE,"Medelhavsmuseet Carlotta MME 1983:013 A ('Found at Riksmuseet', gift from Riksmuseet 1983)",Riksmuseet held Cronstrand crocodile until 1983; may hold more. GBIF SE Crocodylia not checked,OFFICIAL,OPEN,nordic_baltic
Östergötlands museum,Linköping,SE,https://collections.smvk.se/carlotta-mhm/web/object/3011857,Holds Medelhavsmuseet MM 10134 on loan (loan 2020.0005); own holdings not checked (DigitaltMuseum owner S-ÖM not queried),OFFICIAL,OPEN,nordic_baltic
Bardo National Museum,Tunis,TN,assignment list,not checked,SECONDARY,OPEN,rest_of_world
Topkapı Palace Museum,Istanbul,TR,"Crossref: Diker & Ulaş 2019, FSM İlmi Araştırmalar 187-210, DOI 10.16947/fsmia.582351 ('From Mystery to the Mummy in Topkapı Palace... Crocodile'); Diker, H.F. & Ulaş, A. 2019. Muammadan Topkapı Sarayı'ndaki Mumyaya, Osmanlı'da Bir Acîb'üş-Şekil: Timsah. FSM İlmi Araştırmalar İnsan ve Toplum Bilimleri Dergisi 13 (https://doi.org/10.16947/fsmia.582351; https://dergipark.org.tr/tr/pub/fsmia/article/582351); Crossref: Diker, U. 2019, 'Muammadan Topkapı Sarayı'ndaki Mumyaya, Osmanlı'da Bir Acîb'üş-Şekil: Timsah', FSM İlmi Araştırmalar İnsan ve Toplum Bilimleri Dergisi, https://doi.org/10.16947/fsmia.582351","Paper on a crocodile 'mummy' in Topkapı Palace (Ottoman curiosity); check whether Egyptian/ancient or later preparation | Paper on a crocodile 'mummy' in Topkapı Palace (Ottoman curiosity); only Turkish abstract seen - may be a stuffed/Ottoman-era specimen rather than an ancient Egyptian mummy | Article title: 'From Mystery to the Mummy in Topkapı Palace, a Strange Figure in Ottomans: Crocodile' - may concern a (possibly Egyptian) crocodile mummy in Topkapı Palace",SCHOLARLY,OPEN,central_east_europe;literature;rest_of_world
Chimei Museum; National Palace Museum; National Taiwan Museum; Shanghai Museum; National Museum of China; Hong Kong Museum of History; Singapore/SE Asian museums,various,TW,assignment list (unverified),Not checked (WebSearch budget exhausted); China/HK/Taiwan/SE Asia holdings unknown,SECONDARY,OPEN,east_asia
D.I. Yavornytsky National Historical Museum of Dnipro,Dnipro,UA,Yanish et al. 2025 Archaeologia Lituana 26: 247 (citing Fomenko & Shamray 2006),"crocodile mummy/mummies (4 crocodile mummies across NPKPL, OAM, DYDHM)",SCHOLARLY,IN_MASTER INST-UA-001,literature
Kyiv-Pechersk Lavra National Preserve,Kyiv,UA,"Crossref: Yanish, Piombino-Mascali, Rosendahl 2025, Archaeologia Lituana 26, doi 10.15388/archlit.2025.26.10; https://doi.org/10.15388/archlit.2025.26.10 (Crossref metadata only); Yanish et al. 2025; Crossref: Yanish, Piombino-Mascali, Rosendahl, Chen 2025, 'An Egyptian Mummified Crocodile from the Kyiv-Pechersk Lavra National Preserve (Ukraine)', Archaeologia Lituana, https://doi.org/10.15388/archlit.2025.26.10; Crossref: 'An Egyptian Mummified Crocodile from the Kyiv-Pechersk Lavra National Preserve (Ukraine): Archaeological and Morphological Considerations', Archaeologia Lituana 2025, doi 10.15388/archlit.2025.26.10","'An Egyptian Mummified Crocodile from the Kyiv-Pechersk Lavra National Preserve (Ukraine): Archaeological and Morphological Considerations'. | Yanish, Piombino-Mascali, Rosendahl 2025, 'An Egyptian Mummified Crocodile from the Kyiv-Pechersk Lavra National Preserve (Ukraine): Archaeological and Morphological ...', Archaeologia Lituana 26 | crocodile mummy KPL Arh-826, 165 cm | Egyptian mummified crocodile | Egyptian mummified crocodile held by the Kyiv-Pechersk Lavra National Preserve",SCHOLARLY,IN_MASTER INST-UA-002,egypt;germany;literature;rest_of_world;toponyms
Odesa Archaeological Museum; Khanenko Museum; National Museum of Natural History Kyiv,various,UA,assignment candidate list,Not checked,SECONDARY,OPEN,central_east_europe
Odessa Archaeological Museum of the NAS of Ukraine,Odesa,UA,Yanish et al. 2025 p. 247,crocodile mummy Inv. No. 1208; two snake mummies,SCHOLARLY,IN_MASTER INST-UA-003,literature
EES Graeco-Roman Branch 1898-99 Theadelphia (Harit) distribution destinations (20 institutions),UNKNOWN,UNKNOWN,https://egyptartefacts.griffith.ox.ac.uk/excavations/1898-99-theadelphia-faiyum/index.html,Grenfell & Hunt 1898-99 Theadelphia finds distributed to: Birmingham Univ. Ethnological Museum; Cairo Giza Museum; Harvard; Dublin Museum of Science and Art; Edinburgh Museum; Univ. Edinburgh; Harrow School; Haileybury College; Liverpool Univ. Biology Dept; Liverpool College; Univ. Melbourne; Brooklyn Institute; General Theological Seminary NY; Princeton; Repton; Rugby; Toronto; Winchester; Eton. Page does NOT say crocodile mummies were among them - check the 74 archival distribution documents for 'crocodile'.,OFFICIAL,OPEN,toponyms
Hawara 1910-11 (Petrie) distribution destinations (41),UNKNOWN,UNKNOWN,https://egyptartefacts.griffith.ox.ac.uk/excavations/1910-11-hawara/index.html,"Petrie Hawara 1910-11 finds went to 41 destinations incl. Aberdeen, Bolton, Boston, Brighton, Bristol, Brussels, Cairo, Fitzwilliam, MAA Cambridge, Copenhagen, Dublin, Edinburgh, Glasgow, Leicester, Liverpool, BM, Horniman, Manchester, Munich, Brooklyn, Nottingham, Ashmolean, Pitt Rivers ... Hawara had a crocodile cemetery (PM IV p.102; Petrie, Kahun, Gurob and Hawara 1890 pp.14-18) - check distribution docs for crocodile mummies.",OFFICIAL,OPEN,toponyms
Slovenia/Serbia/Bosnia/Bulgaria/N. Macedonia/Albania/Cyprus/Turkey (Istanbul Archaeology Museums)/Georgia/Armenia/Belarus/Moldova/Azerbaijan,various,UNKNOWN,assignment candidate list,Not searched (WebSearch budget exhausted),SECONDARY,OPEN,central_east_europe
UNKNOWN (museum specimens sampled by Hekkala et al. 2011),UNKNOWN,UNKNOWN,De Cupere et al. 2023 citing Hekkala et al. 2011 Molecular Ecology 20: 4199-4215,Eight mummified crocodile hatchlings from Thebes and the es-Samun caves (al-Maabda) sampled for DNA - holding museums to be identified (possibly AMNH New York),SCHOLARLY,OPEN,toponyms
UNKNOWN museum (Hekkala et al. 2020 'Secrets of Sobek'),UNKNOWN,UNKNOWN,"De Cupere et al. 2023 ref. 35: Hekkala et al. 2020, J Archaeol Sci Rep 33:102483, doi 10.1016/j.jasrep.2020.102483","aDNA mitogenome of an undated museum crocodile mummy c. 2.5 m, probably from Kom Ombo (C. suchus); also 8 hatchlings from Thebes and es-Samun (Maabda) assigned to C. suchus (Hekkala et al. 2011). Holding museum(s) to be identified by literature agent.",SCHOLARLY,OPEN,egypt
"Ackland Art Museum, UNC","Chapel Hill, NC",US,https://ackland.org/,403; not checked.,OFFICIAL,OPEN,usa_south
Albany Institute of History & Art,Albany,US,Assignment candidate list (unverified memory list from orchestrator); not checked due to budget,NOT YET SEARCHED. Resume: Egyptian collection; search 'crocodile',SECONDARY,OPEN,usa_northeast
American Museum of Natural History (Division of Anthropology),New York,US,Assignment candidate list (unverified memory list from orchestrator); not checked due to budget,NOT YET SEARCHED. Resume: Anthropology collections DB https://anthro.amnh.org/collections - search 'crocodile' + 'mummy',SECONDARY,CHECKED_NO_CONFIRMATION,usa_northeast
Art Museum of the University of Memphis / IEAA,"Memphis, TN",US,https://amum.catalogaccess.com/search (keyword crocodile),"PastPerfect JS-only DB; search 'crocodile', 'animal mummy' in a browser.",OFFICIAL,OPEN,usa_south
Baltimore Museum of Art,"Baltimore, MD",US,https://artbma.org/,Site 403; search collection for crocodile/mummy manually.,OFFICIAL,OPEN,usa_south
Birmingham Museum of Art,"Birmingham, AL",US,https://www.artsbma.org/?s=crocodile,Cloudflare 403; collection DB not searched.,OFFICIAL,OPEN,usa_south
Bowdoin College Museum of Art / Hood Museum (Dartmouth) / Fleming Museum (UVM) / Fairbanks Museum / Currier Museum / Maine State Museum / Portland Museum,Northern New England,US,Assignment candidate list (unverified memory list from orchestrator); not checked due to budget,NOT YET SEARCHED. Resume: collection DBs - search 'crocodile mummy',SECONDARY,OPEN,usa_northeast
Brooklyn Museum,New York,US,"Bleiberg, E., Barbash, Y. & Bruno, L. 2013. Soulful Creatures: Animal Mummies in Ancient Egypt. Brooklyn Museum/Giles (cited in Oliva & Borla 2019 and Ikram 2019); WebSearch snippet; https://www.brooklynmuseum.org/opencollection/objects/3124 (429 Too Many Requests); WebSearch result titles 'Crocodile Mummy · Brooklyn Museum' (https://www.brooklynmuseum.org/objects/3124; https://brooklynmuseum.org/opencollection/objects/117917); Bleiberg, Barbash & Bruno 2013 Soulful Creatures","Exhibition catalogue of Brooklyn animal mummies; crocodile mummies to check | Crocodile Mummy, 37.1365E, Ptolemaic, place made 'Manfalont' (Manfalut) | Candidate crocodile mummies 14.668, 37.1365E (Ptolemaic, Manfalut), 37.1366E (Late Period). Open the two object pages in a browser (Vercel checkpoint blocks bots) or use Brooklyn API with key; search site for 'crocodile' and 'Sobek'.",SCHOLARLY; OFFICIAL; SECONDARY,IN_MASTER INST-US-001,literature;toponyms;usa_northeast
Brooks Museum; Lauren Rogers Museum; Mississippi Museum of Natural Science; University of Mississippi Museum; New Orleans Museum of Art; Tulane collections; LSU Museum of Art; Arkansas Museum of Fine Arts,UNKNOWN,US,UNKNOWN,Not checked.,SECONDARY,OPEN,usa_south
Buffalo Museum of Science,Buffalo,US,Assignment candidate list (unverified memory list from orchestrator); not checked due to budget,NOT YET SEARCHED. Resume: online collection search 'crocodile mummy',SECONDARY,OPEN,usa_northeast
"Burke Museum of Natural History and Culture (Herpetology, UWBM:Herp:7021)",Seattle,US,https://api.gbif.org/v1/occurrence/5195959520,"Crocodylus niloticus 'skin; whole organism (mummified)', total length 70 mm, no locality - possibly an Egyptian hatchling mummy but not stated; Arctos page unreachable in this session",OFFICIAL,OPEN,usa_midwest_west
"Burke Museum of Natural History and Culture, University of Washington (UWBM)",Seattle,US,GBIF occurrence 5195959520 / iDigBio 42c1b487-77cb-447e-8176-cec9fa14cf6e (UWBM:Herp:7021),"Crocodylus niloticus, preparations 'skin; whole organism (mummified)', no locality, collector unknown. Egyptian/ancient origin not stated; check Arctos record and label.",OFFICIAL,CHECKED_NO_CONFIRMATION,biodiversity
"Cantor Arts Center, Stanford University",Stanford,US,https://cantorcollection.stanford.edu/search/crocodile,Stanford family Egyptian collection; eMuseum returned login page,OFFICIAL,OPEN,usa_midwest_west
Carnegie Museum of Natural History,Pittsburgh,US,"Pubblico 2025, Heritage 8:415, fig. 14b; Assignment candidate list (unverified memory list from orchestrator); not checked due to budget",Crocodile mummy CMNH 1867-4 (3D model) | NOT YET SEARCHED. Resume: collection DB https://carnegiemnh.org - search 'crocodile',SCHOLARLY; SECONDARY,IN_MASTER INST-US-002,france;usa_northeast
Charleston Museum,"Charleston, SC",US,https://www.charlestonmuseum.org/,403; holds Egyptian material - search collections for crocodile mummy.,OFFICIAL,OPEN,usa_south
The Children's Museum of Indianapolis,Indianapolis,US,https://www.childrensmuseum.org/search,Egyptian mummy and possibly animal mummies; not searched,OFFICIAL,OPEN,usa_midwest_west
Chrysler Museum of Art,"Norfolk, VA",US,https://chrysler.emuseum.com/search/crocodile,"eMuseum 403 to scripts; search 'crocodile', 'mummy' manually.",OFFICIAL,OPEN,usa_south
Crocker Art Museum,Sacramento,US,https://emuseum.crockerart.org/search/crocodile,URL guessed; proxy 502,SECONDARY,OPEN,usa_midwest_west
Delaware Art Museum; Muscarelle Museum (W&M); Virginia Museum of Natural History; Mint Museum; Columbia Museum of Art; Lowe Art Museum; Orlando Museum of Art,UNKNOWN,US,UNKNOWN,Collection DBs not searched (Delaware eMuseum search path 404; others website-level only or not at all).,SECONDARY,OPEN,usa_south
Denver Museum of Nature & Science,Denver,US,https://www.dmns.org/,Egyptian mummies/animal mummies possible; site 403,OFFICIAL,OPEN,usa_midwest_west
Detroit Institute of Arts,Detroit,US,https://dia.org/collection?search=crocodile,Egyptian collection with animal mummies; DB Cloudflare 403,OFFICIAL,OPEN,usa_midwest_west
Drexel University (formerly Drexel Institute) collections,Philadelphia,US,https://egyptianmuseum.catalogaccess.com/api/items/1433,"Drexel Institute sold Egyptian crocodile mummies to Minneapolis Institute of Arts in 1916 (later Rosicrucian RC-1675, RC-2253); Drexel may have had more",OFFICIAL,OPEN,usa_midwest_west
Dumbarton Oaks; Catholic University of America; Howard University,"Washington, DC",US,UNKNOWN,Not checked (low likelihood).,SECONDARY,OPEN,usa_south
Field Museum of Natural History (inventory numbers),Chicago,US,https://collections-anthropology.fieldmuseum.org/list?ss_all=crocodile,"Institution CONFIRMED (neonatal crocodile mummy, CT; crocodile among 31 animal mummies on display) but EMu web DB blocked by Turnstile - catalogue numbers and count missing",OFFICIAL,IN_MASTER INST-US-003,usa_midwest_west
Fine Arts Museums of San Francisco (Legion of Honor),San Francisco,US,https://www.famsf.org/search?q=crocodile%20mummy,Egyptian collection incl. animal mummies (unverified); site Cloudflare 403,OFFICIAL,OPEN,usa_midwest_west
"Fralin Museum of Art, University of Virginia","Charlottesville, VA",US,https://uvafralinartmuseum.virginia.edu/,403; not checked.,OFFICIAL,OPEN,usa_south
Gibbes Museum of Art,"Charleston, SC",US,https://www.gibbesmuseum.org/,403; not checked.,OFFICIAL,OPEN,usa_south
Harvard Art Museums,"Cambridge, Massachusetts",US,Assignment candidate list (unverified memory list from orchestrator); not checked due to budget,NOT YET SEARCHED. Resume: https://harvardartmuseums.org/collections?q=crocodile,SECONDARY,OPEN,usa_northeast
Harvard Museum of the Ancient Near East,"Cambridge, Massachusetts",US,Assignment candidate list (unverified memory list from orchestrator); not checked due to budget,NOT YET SEARCHED. Resume: https://hmane.harvard.edu - check Egyptian holdings,SECONDARY,OPEN,usa_northeast
Harvard Peabody Museum of Archaeology and Ethnology,"Cambridge, Massachusetts",US,Assignment candidate list (unverified memory list from orchestrator); not checked due to budget,NOT YET SEARCHED. Resume: https://collections.peabody.harvard.edu - search 'crocodile mummy',SECONDARY,OPEN,usa_northeast
Herbert F. Johnson Museum of Art / Cornell Anthropology Collections,Ithaca,US,Assignment candidate list (unverified memory list from orchestrator); not checked due to budget,NOT YET SEARCHED. Resume: emuseum.cornell.edu search crocodile,SECONDARY,OPEN,usa_northeast
Johns Hopkins Archaeological Museum,"Baltimore, MD",US,https://archaeologicalmuseum.jhu.edu/,Cloudflare block; search online collection manually.,OFFICIAL,CHECKED_NO_CONFIRMATION,usa_south
"Kelsey Museum of Archaeology, University of Michigan",Ann Arbor,US,"Shimizu 2026 (Boak 1933 Karanis temples; Michigan excavations Karanis 1924-35, Dimai 1931-32); https://quod.lib.umich.edu/k/kelsey?q1=crocodile; type=simple; rgn=kelsey_all; med=1",Karanis southern temple of Pnepheros & Petesouchos had niches for crocodile mummies on litters; Michigan division of finds may include crocodile mummies/litters - check Kelsey DB (quod.lib.umich.edu/k/kelsey) for 'crocodile'. | Karanis/Dimai excavations; DB blocked by Cloudflare (curl+WebFetch 403); crocodile mummies unverified,SCHOLARLY; OFFICIAL,OPEN,toponyms;usa_midwest_west
Kimbell Art Museum; Perot Museum; Witte Museum; Blanton; Mayborn Museum (Baylor); Museum of Texas Tech; Philbrook; Gilcrease; Fred Jones Jr. Museum; Sam Noble ethnology,UNKNOWN,US,UNKNOWN,Not checked (art/anthropology DBs).,SECONDARY,OPEN,usa_south
"Memorial Art Gallery, University of Rochester",Rochester,US,Assignment candidate list (unverified memory list from orchestrator); not checked due to budget,NOT YET SEARCHED. Resume: https://magart.rochester.edu - search crocodile,SECONDARY,OPEN,usa_northeast
Metropolitan Museum of Art,New York,US,https://www.britishmuseum.org/sites/default/files/2024-11/Animal_mummies_from_beliefs_to_practice_abstracts.pdf,"Crocodile mummy, accession 90.6.115 (TT 315, MMA 516, Deir el-Bahari) - figure in F. Russo abstract on Fayum crocodile mummies with papyrus cartonnage (Tebtynis, Khamsin, El-Lahun)",OFFICIAL,IN_MASTER INST-US-005,uk_south
Michael C. Carlos Museum,"Atlanta, GA",US,https://collections.carlos.emory.edu/,NBC News 2010 says a crocodile mummy was displayed; not in eMuseum - ask registrar / check Niagara Falls Museum purchase list.,SECONDARY,OPEN,usa_south
Milwaukee Public Museum,Milwaukee,US,https://www.mpm.edu/research-collections/anthropology,Egyptian mummies/animal mummies; no online DB found,OFFICIAL,OPEN,usa_midwest_west
Minneapolis Institute of Art (Mia),Minneapolis,US,https://egyptianmuseum.catalogaccess.com/api/items/1433,Mia sold crocodile mummies RC-1675 and RC-2253 to the Rosicrucian Egyptian Museum in 1958 (lot 13); Mia had bought them 1916 from Drexel Institute with the Dunwoody Fund - Mia may retain other Drexel animal mummies,OFFICIAL,CHECKED_NO_CONFIRMATION,usa_midwest_west
Montclair Art Museum / Morris Museum / Zimmerli Art Museum,New Jersey,US,Assignment candidate list (unverified memory list from orchestrator); not checked due to budget,NOT YET SEARCHED. Resume: search 'crocodile',SECONDARY,OPEN,usa_northeast
Mount Holyoke College Art Museum / Smith College / Mead Art Museum / Beneski Museum / Williams College / Davis Museum Wellesley,Massachusetts,US,Assignment candidate list (unverified memory list from orchestrator); not checked due to budget,NOT YET SEARCHED. Resume: college collection DBs - search 'crocodile',SECONDARY,OPEN,usa_northeast
"Museum of Art and Archaeology, University of Missouri",Columbia,US,https://maa.missouri.edu/collections,"Egyptian antiquities; collections page found, not searched",OFFICIAL,OPEN,usa_midwest_west
"Museum of Fine Arts, Boston",Boston,US,Assignment candidate list (unverified memory list from orchestrator); not checked due to budget,"NOT YET SEARCHED. Resume: https://collections.mfa.org/search/objects/*/crocodile%20mummy (also 'animal mummy', 'Sobek')",SECONDARY,OPEN,usa_northeast
"Nasher Museum of Art, Duke University","Durham, NC",US,https://emuseum.nasher.duke.edu/search/crocodile,eMuseum bot check; search manually.,OFFICIAL,OPEN,usa_south
National Museum of Health and Medicine,"Silver Spring, MD",US,https://medicalmuseum.health.mil/,Not checked.,SECONDARY,OPEN,usa_south
"National Museum of Natural History, Smithsonian",Washington DC,US,"Ikram, Aicardi, Facchetti (eds.), The Animal Mummies of the Museo Egizio, Turin, 2024 (https://shop.museoegizio.it/media/fcp/pdf/9788857020136a.pdf), crocodile chapter 8.12 'Parallels'",Crocodile parallel cited: NMNH AT 5604-0,SCHOLARLY,OPEN,southern_europe
"National Museum of Natural History, Smithsonian Institution","Washington, DC",US,https://si.edu/object/mummied-crocodile:nmnhanthropology_8314204,'Mummied Crocodile' nmnhanthropology_8314204 and 'Mummified Reptiles' nmnhanthropology_8325979 (search results),OFFICIAL,IN_MASTER INST-US-007,uk_south
Natural History Museum of Los Angeles County,Los Angeles,US,https://portal.hearstmuseum.berkeley.edu/catalog/bc3494f8-be44-4b6d-8519-1c1eab41056f,"Hearst 5-514 (fragments of baby crocodile mummies) 'Partially sent to Natural History Museum, Los Angeles county, their number is L.1186-701a,b; L.1186-702' (loan 1929-1945); current location unverified; NHM LA also hosted Field Museum 'Mummies' 2015",OFFICIAL,OPEN,usa_midwest_west
Newark Museum of Art,Newark,US,Assignment candidate list (unverified memory list from orchestrator); not checked due to budget,NOT YET SEARCHED. Resume: collection search 'crocodile mummy',SECONDARY,OPEN,usa_northeast
Oriental Institute Museum (ISAC Museum),Chicago,US,"Ikram, Aicardi, Facchetti (eds.), The Animal Mummies of the Museo Egizio, Turin, 2024 (https://shop.museoegizio.it/media/fcp/pdf/9788857020136a.pdf), crocodile chapter 8.12 'Parallels'",Crocodile parallel cited: OIM E714,SCHOLARLY,OPEN,southern_europe
Peabody Essex Museum,Salem,US,Assignment candidate list (unverified memory list from orchestrator); not checked due to budget,NOT YET SEARCHED. Resume: collection search 'crocodile mummy',SECONDARY,OPEN,usa_northeast
Penn Museum (University of Pennsylvania Museum of Archaeology and Anthropology),Philadelphia,US,"Hekkala et al. 2011, Molecular Ecology 20, Table S3; Ikram, Aicardi, Facchetti (eds.), The Animal Mummies of the Museo Egizio, Turin, 2024 (https://shop.museoegizio.it/media/fcp/pdf/9788857020136a.pdf), crocodile chapter 8.12 'Parallels'; Hekkala et al. 2011, Molecular Ecology 20: 4199-4215, Table S3","Crocodile mummies sampled: E521; 2965563 (Dindereh, Coxe Expedition 1918); E2832 (Tell el-Yehudiyeh, Petrie); L12112 (Maabdah/Samoun); L12113 (Thebes?, G.R. Gliddon 1848) | Crocodile parallel cited: Penn 97-121-3 | Crocodile mummies sampled: Upenn E521 (unknown), 2965563 (Dindereh, Coxe Expedition 1918), E2832 (Tel El Yehudiyeh, Flinders Petrie), L12112 (Maabdah (Samoun), Late period), L12113 (Thebes?, G.R. Glidden 1848, Late period).",SCHOLARLY,IN_MASTER INST-US-008,france;southern_europe;usa_south
Phoebe A. Hearst Museum of Anthropology,Berkeley,US,"Pubblico 2025, Heritage 8:415, fig. 15c; Hekkala et al. 2022, p. 5; Hekkala et al. 2011, Molecular Ecology 20, Table S3; https://awk.nrw.de/die-krokodil-und-menschenmumien-von-tebtynis; Hekkala et al. 2022 pp. 4-5; Ikram, Aicardi, Facchetti (eds.), The Animal Mummies of the Museo Egizio, Turin, 2024 (https://shop.museoegizio.it/media/fcp/pdf/9788857020136a.pdf), crocodile chapter 8.12 'Parallels'; Hekkala et al. 2011 Molecular Ecology 20: 4199-4215, Supporting Information Table S3 (https://www.alligatorfarm.com/Conservation/Hekkala%20and%20Shirley%20et%20al%202011%20(Nile%20crocodile%20systematics_supplements%20included).pdf); Hekkala et al. 2011, Molecular Ecology 20: 4199-4215, Table S3 (https://www.alligatorfarm.com/Conservation/Hekkala%20and%20Shirley%20et%20al%202011%20(Nile%20crocodile%20systematics_supplements%20included).pdf)","Crocodile mummy PAHMA 6-21633 (3D model) | Crocodile mummy 55-13 cited as example | Crocodile mummies sampled: PHM 620101, 55121, 514 (noted 'pre-dynastic') | NRW Akademie project 'Die Krokodil- und Menschenmumien von Tebtynis' (Armoni, Hammerstaedt, Sänger) on Tebtunis crocodile mummies with papyrus cartonnage held at Berkeley | crocodile mummy with hatchlings: 55-12, 55-13, 55-14 | Crocodile parallel cited: HM 5-514 | Three crocodile mummies (hatchlings) sampled for aDNA: PHM 620101, 55121, 514 ('pre-dynastic' per museum notes). Check Hearst CollectionSpace portal. | Crocodile mummies sampled for aDNA: PHM 620101, PHM 55121, PHM 514 (listed 'Mummy unknown, Egypt, pre-dynastic'); one PHM hatchling noted.",SCHOLARLY; OFFICIAL,IN_MASTER INST-US-009,france;germany;literature;southern_europe;usa_northeast;usa_south
Princeton University Art Museum,Princeton,US,Assignment candidate list (unverified memory list from orchestrator); not checked due to budget,NOT YET SEARCHED. Resume: https://artmuseum.princeton.edu/search/collections?mainSearch=crocodile (has API),SECONDARY,OPEN,usa_northeast
Putnam Museum and Science Center,Davenport,US,https://www.putnam.org/ancient-egypt/,Egyptian gallery (Palmer bequest mummy); pages show no crocodile; no online DB,OFFICIAL,OPEN,usa_midwest_west
Reading Public Museum / Everhart Museum,Reading / Scranton,US,Assignment candidate list (unverified memory list from orchestrator); not checked due to budget,NOT YET SEARCHED. Resume: collection search 'crocodile',SECONDARY,OPEN,usa_northeast
Remaining Midwest/West candidates not searched,UNKNOWN,US,assignment candidate list (usa_midwest_west),LACMA; Getty; Fowler (UCLA); Bowers; SD Natural History Museum; Santa Barbara MNH; California Academy of Sciences; Cincinnati Art Museum; Cincinnati Museum Center; Cleveland MNH; Dayton Art Institute; Columbus Museum of Art; Newfields; Eskenazi (IU); David Owsley (Ball State); Raclin Murphy/Snite (Notre Dame); Chazen; Logan Museum (Beloit); Science Museum of Minnesota; Bell Museum; UI Museum of Natural History; Kemper; Spencer Museum; Joslyn; Univ. Nebraska State Museum; Denver Art Museum; NHM Utah; BYU Museum of Peoples and Cultures; Phoenix Art Museum; Arizona State Museum; Seattle Art Museum; Portland Art Museum; OMSI; Maryhill; Bishop Museum; Honolulu Museum of Art; UA Museum of the North; Illinois State Museum; Burpee,SECONDARY,OPEN,usa_midwest_west
RISD Museum / Haffenreffer Museum (Brown),Providence / Bristol RI,US,Assignment candidate list (unverified memory list from orchestrator); not checked due to budget,NOT YET SEARCHED. Resume: https://risdmuseum.org/art-design/collection?search_api_fulltext=crocodile,SECONDARY,OPEN,usa_northeast
Rochester Museum & Science Center,Rochester,US,Assignment candidate list (unverified memory list from orchestrator); not checked due to budget,NOT YET SEARCHED. Resume: collections search 'crocodile',SECONDARY,OPEN,usa_northeast
Saint Louis Art Museum,St. Louis,US,https://www.slam.org/collection/objects/?q=crocodile,Egyptian collection; collection search 403,OFFICIAL,OPEN,usa_midwest_west
San Antonio Museum of Art (eMuseum records),"San Antonio, TX",US,https://sanantonio.emuseum.com/search/crocodile,Confirmed 3 (or 4) crocodile mummies; eMuseum Cloudflare-blocked - retrieve individual records/accession numbers manually.,OFFICIAL,IN_MASTER INST-US-010,usa_south
San Diego Museum of Us,San Diego,US,https://collections.museumofus.org/search/crocodile,Egyptian mummies/animal mummies possible; host proxy 502 (URL guessed),SECONDARY,OPEN,usa_midwest_west
"Smithsonian Institution (non-NMNH units: NMAfA, Freer/Sackler etc.)","Washington, DC",US,https://api.si.edu/openaccess/api/v1.0/search,"Only the phrase queries '""crocodile mummy""' and '""mummified crocodile""' completed (2 hits each, both NMNH). Broader queries hit DEMO_KEY 429.",OFFICIAL,OPEN,portals_world
"Smithsonian (Freer/Sackler NMAA, NMAfA) via Open Access API","Washington, DC",US,https://api.si.edu/openaccess/api/v1.0/search?q=Sobek&api_key=DEMO_KEY,Queries 'Sobek' and 'Crocodylus AND Egypt' hit 429; rerun.,OFFICIAL,OPEN,usa_south
Springfield Science Museum / Berkshire Museum / Worcester Art Museum,Massachusetts,US,Assignment candidate list (unverified memory list from orchestrator); not checked due to budget,NOT YET SEARCHED. Resume: Egyptian collections - search 'crocodile',SECONDARY,OPEN,usa_northeast
"Spurlock Museum of World Cultures, University of Illinois",Urbana,US,https://www.spurlock.illinois.edu/collections/search-collection/,"Egyptian collection; online DB entry point found, not searched",OFFICIAL,OPEN,usa_midwest_west
Stanford University (anatomy library mummy project),Stanford,US,https://med.stanford.edu/anatomy-library/the-mummy-project/egyptian-mummy-scanning1.html,'Egyptian Crocodile Mummy' scanning page (search result title),OFFICIAL,OPEN,uk_south
Tampa Museum of Art,"Tampa, FL",US,https://tampamuseum.org/mysteries-of-the-nile-ancient-egypt/,2026 exhibition 'Mysteries of the Nile: Ancient Egypt' mentions crocodiles among sacred animals whose mummified remains were dedicated; no object named - check checklist/lenders.,OFFICIAL,OPEN,usa_south
Toledo Museum of Art,Toledo,US,https://emuseum.toledomuseum.org/search/crocodile/objects,Egyptian collection incl. animal mummies (unverified); eMuseum Cloudflare 403,OFFICIAL,OPEN,usa_midwest_west
Utah Museum of Fine Arts,Salt Lake City,US,https://collections.umfa.utah.edu/search/crocodile/objects,URL guessed; proxy 502,SECONDARY,OPEN,usa_midwest_west
Vassar (Frances Lehman Loeb) / Hamilton College / Syracuse University Art Museum / NYU ISAW / Columbia / Brooklyn Children's Museum,New York State,US,Assignment candidate list (unverified memory list from orchestrator); not checked due to budget,NOT YET SEARCHED. Resume: collection DBs - search 'crocodile',SECONDARY,OPEN,usa_northeast
Wadsworth Atheneum Museum of Art,Hartford,US,Assignment candidate list (unverified memory list from orchestrator); not checked due to budget,NOT YET SEARCHED. Resume: collection search 'crocodile',SECONDARY,OPEN,usa_northeast
Wagner Free Institute of Science / Mutter Museum / Philadelphia Museum of Art,Philadelphia,US,Assignment candidate list (unverified memory list from orchestrator); not checked due to budget,NOT YET SEARCHED. Resume: search 'crocodile mummy',SECONDARY,OPEN,usa_northeast
Yale Peabody Museum,New Haven,US,Hekkala et al. 2022 Bull. Peabody Mus. Nat. Hist. 63: 3-14 (https://par.nsf.gov/servlets/purl/10511480),"9 crocodile mummies, Barringer coll.: YPM ANT 021829, 006435.001-.008",SCHOLARLY,IN_MASTER INST-US-011,literature
Yale Peabody Museum of Natural History,New Haven,US,https://journals.plos.org/plosone/article?id=10.1371/journal.pone.0279137; De Cupere et al. 2023 PLoS ONE (full text) citing Hekkala et al. 2022 Bull. Peabody Mus. Nat. Hist. 63: 3-14,"Two mummified crocodile hatchlings of unknown provenance radiocarbon-dated on skin (Hekkala et al. 2022, Bull. Peabody Mus. Nat. Hist. 63: 3-14). | Radiocarbon dating on skin of two crocodile hatchling mummies of unknown provenance from the Yale Peabody Museum",SCHOLARLY,OPEN,egypt;toponyms
"Yale Peabody Museum of Natural History, Division of Anthropology",New Haven,US,"Hekkala et al. 2022, Table 1 and Fig. 1","Crocodile mummies YPM ANT 021829, 006435.001-.008 (Barringer Collection; hatchlings and medium)",SCHOLARLY,OPEN,france
Yale Peabody Museum / Yale University collections (via LUX),New Haven,US,https://lux.collections.yale.edu/api/search/item?q=%7B%22text%22%3A%22mummified%20crocodile%22%7D,"LUX API: 'mummified crocodile' 9 hits all text-matching crocodile+mummy; 'crocodile mummy' 11 hits, 2 matching. Object records not yet read/verified.",OFFICIAL,OPEN,portals_world
Museo Nacional de Historia Natural (Uruguay),Montevideo,UY,assignment memory list,not checked (WebSearch budget exhausted),SECONDARY,OPEN,rest_of_world
Museo de Bellas Artes de Caracas,Caracas,VE,WebSearch snippet (45 Egyptian pieces bought 1958 from the Metropolitan Museum),not verified whether animal mummies included,SECONDARY,OPEN,rest_of_world
Durban Natural Science Museum,Durban,ZA,https://egyptinsouthafrica.iziko.org.za/resources/ (listed as Egypt resource),Egyptian holdings; site 503,OFFICIAL,OPEN,rest_of_world
"South African Animal Mummy Project, Dept of Ancient Studies, Stellenbosch University",Stellenbosch,ZA,"https://egyptinsouthafrica.iziko.org.za/2014/02/09/containingantiquities/ (poster at 8th World Congress on Mummy Studies, Rio 2013)","Project CT-scanned SA animal mummies; may list other SA holders (Slabbert, Swanepoel)",OFFICIAL,OPEN,rest_of_world
Natural History Museum of Zimbabwe,Bulawayo,ZW,assignment list,not checked,SECONDARY,OPEN,rest_of_world
