institution_id,museum,city,country,official_collection_url,crocodile_mummies_confirmed,minimum_confirmed_objects,possible_additional_holdings,inventory_numbers_known,evidence_type,evidence_urls,scholarly_catalogue,online_images,image_license,api_available,iiif_available,confidence,date_checked,notes,x_museum_original_name,x_object_rows,x_object_rows_confirmed,x_stated_counts,x_api_url,x_iiif_url,x_agents
INST-AT-001,Kunsthistorisches Museum Vienna,Vienna,AT,https://www.khm.at/kunstwerke; https://www.khm.at/kunstwerke/,YES,16,"Online DB and Europeana agree on 8 crocodile items (ÄS 264, 265, 266, 266a, 266b, 266c, 290, 292); nothing further suggested. | KHM online search not systematically run by portals_europe (only Europeana + related-object links); INV 266a and 266b are online at KHM but absent from Europeana, so further KHM-only records are possible. Description text on INV 290/292 mentions bundles with dismembered animals and 50 small crocodiles generically (not tied to an inventory number).","ÄS INV 264; INV 265; INV 266; INV 266a; INV 266b; INV 266c (eggs); INV 290; INV 292; INV 264; Ägyptische Sammlung, INV 264; Ägyptische Sammlung, INV 265; Ägyptische Sammlung, INV 266; Ägyptische Sammlung, INV 266a; Ägyptische Sammlung, INV 266b; Ägyptische Sammlung, INV 266c; Ägyptische Sammlung, INV 290; Ägyptische Sammlung, INV 292; INV 266c",OFFICIAL_DB; NATIONAL_PORTAL; IIIF,https://www.khm.at/kunstwerke/krokodil-324028; https://www.khm.at/kunstwerke/grosses-krokodil-316270; https://www.europeana.eu/item/15502/AE_INV_266; https://www.khm.at/kunstwerke/mumie-eines-kleinen-krokodils-324059; https://www.europeana.eu/item/15502/AE_INV_292; https://www.khm.at/kunstwerke/kleine-krokodilsmumie-324030; https://www.europeana.eu/item/15502/AE_INV_264; https://www.khm.at/kunstwerke/krokodil-324029; https://www.europeana.eu/item/15502/AE_INV_265; https://www.europeana.eu/item/15502/AE_INV_266a; https://www.khm.at/kunstwerke/kleine-krokodilsmumie-324031; https://www.europeana.eu/item/15502/AE_INV_266b; https://www.khm.at/kunstwerke/krokodilseier-319134; https://www.europeana.eu/item/15502/AE_INV_266c; https://www.khm.at/kunstwerke/mumifizierter-koerper-eines-kleinen-krokodils-324057; https://www.europeana.eu/item/15502/AE_INV_290,UNKNOWN,YES,"CC BY-NC-SA 4.0 (Europeana dc:rights/edmRights); KHM site: download for private use, publication requires reproduction request; Bildrecht Kunsthistorisches Museum, Ägyptisch - Orientalische Sammlung | KHM pages: 'Bildrecht: Kunsthistorisches Museum, Ägyptisch - Orientalische Sammlung'; Europeana (via Kulturpool) edm:rights http://creativecommons.org/licenses/by-nc-sa/4.0/ | CC BY-NC-SA 4.0 (Europeana) | KHM page 'Bildrecht: Kunsthistorisches Museum, Ägyptisch - Orientalische Sammlung'; Europeana edm:rights http://creativecommons.org/licenses/by-nc-sa/4.0/ (dc:rights 'CC BY-NC-SA 4.0') | KHM page 'Bildrecht: Kunsthistorisches Museum, Ägyptisch - Orientalische Sammlung'; not in Europeana",YES,YES,CONFIRMED,2026-09-24,"KHM search (scripts/khm_search.py) for Krokodil, Tiermumie, Krokodilsmumie, Sobek. Most came to the collection before 1875 ('Vor 1875 erworben'; 266a and 266c possibly before 1824). ÄS 266 and 266a/b on display Saal IV. | Found via Europeana sweep; 6 of 8 objects in Europeana. Old objektdb URLs redirect to /kunstwerke/<slug>-<id>. Pages slow (curl timeouts; requests with 120 s timeout works).","Kunsthistorisches Museum Wien, Ägyptisch-Orientalische Sammlung",16,16,UNKNOWN,Europeana API dataset 15502 (e.g. https://api.europeana.eu/record/v2/15502/AE_INV_264.json); KHM site has htmx search only; Europeana API dataset 15502 (Kulturpool); no KHM-native API seen,https://iiif.europeana.eu/presentation/15502/AE_INV_264/manifest (Europeana-generated); Europeana-generated manifests e.g. https://iiif.europeana.eu/presentation/15502/AE_INV_292/manifest,benelux_alpine;portals_europe
INST-AT-002,Natural History Museum of the Salzkammergut,Ebensee,AT,UNKNOWN,YES,1,UNKNOWN,UNKNOWN,PEER_REVIEWED,https://www.naturmuseum.at/wp-content/uploads/2019/09/The_secrets_of_Sobek_-_A_crocodile_mummy_mitogenom.pdf,Hekkala et al. 2020,UNKNOWN,UNKNOWN,UNKNOWN,UNKNOWN,CONFIRMED,2026-09-24,One 2.5 m adult crocodile mummy on display; ex Moor Museum Bad Neydharting (dissolved 2000). Official German name to be checked by benelux_alpine/germany agent.,UNKNOWN,1,1,UNKNOWN,UNKNOWN,UNKNOWN,literature
INST-AU-001,"Chau Chak Wing Museum, University of Sydney",Sydney,AU,https://www.sydney.edu.au/museums/collections_search/,YES,4,"None found: EMu SummaryData search 'Mummified animal' = 11 records (4 crocodile, rest cats/ibises); 'crocodile' = 7 hits (4 relevant)",NM52.406.1; NM52.406.2; NM52.406.3; NM84.4,OFFICIAL_DB; OFFICIAL_API; OFFICIAL_WEBPAGE,https://www.sydney.edu.au/museum/our-research/animal-mummies.html; https://www.sydney.edu.au/museums/collections_search/?record=ecatalogue.41239; https://www.sydney.edu.au/museums/collections_search/imu/request.php; https://www.sydney.edu.au/museums/collections_search/?record=ecatalogue.62330; https://www.sydney.edu.au/museums/collections_search/?record=ecatalogue.62331; https://www.sydney.edu.au/museums/collections_search/?record=ecatalogue.35470,"Animal Mummy Research Project (Lord, Richards, Salvemini) - focused on ibises; crocodiles not yet imaged",YES,UNKNOWN (image stored in 'chau-chak-wing-museum-restricted-images' folder),YES,NO,CONFIRMED,2026-09-24,"Online images: only 1 crocodile photo found (NM52.406.1 on research page); DB images not retrievable via exposed columns. Nicholson Collection: 14 animal mummies total. Collection search is a JS (IMu) app; records reached via POST JSON {request:Module, table:ecatalogue, method:findTerms/fetch}. See scripts/sydney_imu.py.",Chau Chak Wing Museum (incorporating the Nicholson Collection),4,4,3 mummified baby crocodiles + 1 skull fragment (https://www.sydney.edu.au/museum/our-research/animal-mummies.html ('Three mummified baby crocodiles are also found within the Nicholson Collection'; 'A fragment of a baby crocodile skull (NM52.406.3)')) [canada_oceania],https://www.sydney.edu.au/museums/collections_search/imu/request.php (KE IMu JSON used by public web client; limited columns),UNKNOWN,canada_oceania
INST-BE-001,Art & History Museum (Royal Museums of Art and History),Brussels,BE,https://www.carmentis.be/eMP/eMuseumPlus?service=ExternalInterface&module=collection&lang=fr,YES,7,Carmentis is described by the museum as 'un travail en cours'; only 3 of 7 crocodile records are on Europeana. Unwrapped/undocumented animal remains may not be online.,E.00453 (pseudo-mummy); E.01229; E.07043a; E.07043b; E.07092a; E.07092b; E.09018; E.00453,OFFICIAL_DB; NATIONAL_PORTAL; IIIF,https://www.carmentis.be/eMP/eMuseumPlus?service=ExternalInterface&module=collection&lang=fr&objectId=84095; https://www.carmentis.be/eMP/eMuseumPlus?service=ExternalInterface&module=collection&lang=fr&objectId=76199; https://www.europeana.eu/item/322/Museu_ProvidedCHO_Mus_es_Royaux_d_Art_et_d_Histoire_75238; https://www.carmentis.be/eMP/eMuseumPlus?service=ExternalInterface&module=collection&lang=fr&objectId=75238; https://www.carmentis.be/eMP/eMuseumPlus?service=ExternalInterface&module=collection&lang=fr&objectId=84039; https://www.carmentis.be/eMP/eMuseumPlus?service=ExternalInterface&module=collection&lang=fr&objectId=84040; https://www.europeana.eu/item/322/Museu_ProvidedCHO_Mus_es_Royaux_d_Art_et_d_Histoire_84095; https://www.carmentis.be/eMP/eMuseumPlus?service=ExternalInterface&module=collection&lang=fr&objectId=84096; https://www.europeana.eu/item/322/Museu_ProvidedCHO_Mus_es_Royaux_d_Art_et_d_Histoire_84096; https://www.carmentis.be/eMP/eMuseumPlus?service=ExternalInterface&module=collection&lang=fr&objectId=86354,UNKNOWN,YES,CC BY-NC-SA 4.0 (Europeana edmRights for KMKG records); dc:rights 'Royal Museums of Art and History' | CC BY-NC-SA 4.0 (Europeana edmRights) | UNKNOWN (Carmentis states copyright notice; KMKG Europeana records are CC BY-NC-SA 4.0) | UNKNOWN (Carmentis copyright notice),NO,YES,CONFIRMED,2026-09-24,"Carmentis simple search (session form POST, script scripts/carmentis_search.py) for crocodile/krokodil/momie animale/Tebtunis/Sobek/Fayoum/Kom Ombo/reptile/Crocodylus/oeuf de crocodile: 7 crocodile 'mummy' records, one (E.00453) radiographically shown to be an ancient fake.","Musées royaux d'Art et d'Histoire / Koninklijke Musea voor Kunst en Geschiedenis (Musée Art & Histoire / Kunst & Geschiedenis Museum, Cinquantenaire)",7,7,UNKNOWN,UNKNOWN (Carmentis eMuseumPlus HTML only; Europeana API covers 3 records),"https://iiif.europeana.eu/presentation/322/Museu_ProvidedCHO_Mus_es_Royaux_d_Art_et_d_Histoire_75238/manifest (Europeana-generated, only for Europeana records)",benelux_alpine
INST-BE-002,Royal Museums of Art and History,Brussels,BE,https://www.carmentis.be,YES,3,UNKNOWN,E.00453 (pseudo-mummy); E.07092a; E.07092b; E.00453,NATIONAL_PORTAL; IIIF,https://www.europeana.eu/item/322/Museu_ProvidedCHO_Mus_es_Royaux_d_Art_et_d_Histoire_84095; https://www.europeana.eu/item/322/Museu_ProvidedCHO_Mus_es_Royaux_d_Art_et_d_Histoire_75238; provider: https://www.carmentis.be/eMP/eMuseumPlus?service=ExternalInterface&module=collection&lang=fr&objectId=75238; provider: https://www.carmentis.be/eMP/eMuseumPlus?service=ExternalInterface&module=collection&lang=fr&objectId=84095; https://www.europeana.eu/item/322/Museu_ProvidedCHO_Mus_es_Royaux_d_Art_et_d_Histoire_84096; provider: https://www.carmentis.be/eMP/eMuseumPlus?service=ExternalInterface&module=collection&lang=fr&objectId=84096,UNKNOWN,YES,Europeana edm:rights http://creativecommons.org/licenses/by-nc-sa/4.0/ | Europeana edm:rights http://creativecommons.org/licenses/by-nc-sa/4.0/; dc:rights Royal Museums of Art and History | Musées Royaux d'Art et d'Histoire | Koninklijke Musea voor Kunst en Geschiedenis,YES,YES,CONFIRMED,2026-09-24,"Carmentis responded 200, not parsed; Carmentis search not run.",Musées royaux d'Art et d'Histoire / Koninklijke Musea voor Kunst en Geschiedenis,3,3,UNKNOWN,Europeana dataset 322,https://iiif.europeana.eu/presentation/322/Museu_ProvidedCHO_Mus_es_Royaux_d_Art_et_d_Histoire_84095/manifest,portals_europe
INST-BR-001,Museu Nacional (Universidade Federal do Rio de Janeiro),Rio de Janeiro,BR,https://museunacional.ufrj.br/dir/exposicoes/arqueologia/egito-antigo/mumias.html,NO,0,Childe's notebooks mention more wrapped examples originally (Santos & Locks 2005); Kitchen & Beltrão 1990 vol. 2 pp. 230-232 list crocodiles from the 1960 inventory (not seen). Official page mumias.html (search snippet only) says the museum kept a small collection of animal mummies incl. crocodile hatchlings.,Nº 234; Nº 268; Nº 269; Nº 270; Nº 271; Nº 272; Nº 273; Nº 274; Nº 275; Nº 277,PEER_REVIEWED,http://static.recantodasletras.com.br/arquivos/2479979.pdf; https://www.pagepressjournals.org/jbr/article/download/10125/9552/54703,"Kitchen, K. A. & Beltrão, M. C. 1990. Catálogo da Coleção do Egito Antigo existente no Museu Nacional, Rio de Janeiro. Warminster: Aris & Phillips, 2 vols (vol. 2 pp. 211, 230-232 per Santos & Locks); Santos & Locks 2005",YES,UNKNOWN,NO,NO,PROBABLE,2026-09-24,"Crocodile hatchling mummies (Fiengo collection, bought by D. Pedro I 1827) documented first-hand 1998-2005 by Santos & Locks (Locks = Setor de Arqueologia, Museu Nacional). Egyptian collection largely destroyed in fire of 2 Sept 2018 (c. 200 of >700 items rescued by 2019 per Agência Brasil search snippet); survival of the crocodile mummies not verified. Official site museunacional.ufrj.br/www.museunacional.ufrj.br unreachable in this session (curl TLS incomplete-chain error; WebFetch 503). Brancaglion Jr. et al. 2005 (J. Biol. Res. 80: 129ff) confirm 'human and animal mummies' generically. Status PROBABLE because of the 2018 loss; would be CONFIRMED as of 2005.",Museu Nacional / UFRJ,10,0,"at least 10 numbered specimens/boxes (Nº 234, 268-275, 277) described; no total stated (Santos & Locks 2005, Revista Uniandrade 6(1): 29-48) [rest_of_world]",UNKNOWN,UNKNOWN,rest_of_world
INST-CA-001,"Redpath Museum, McGill University",Montréal,CA,https://www.mcgill.ca/redpath/exhibits/exhibits,YES,15,"Up to 8 crocodile mummies per Lawson 2016 (historic counts); only 2 individually identified (2725.01, 2725.02) in ÉTS 2024 report. Current total not verified.",2725.01; 2725.02,OFFICIAL_WEBPAGE; SECONDARY; NATIONAL_PORTAL,https://fontanus.library.mcgill.ca/article/view/281/317; https://www.etsmtl.ca/en/news/devoiler-les-secrets-des-momies-animales-de-legypte-ancienne; https://www.mcgill.ca/redpath/exhibits/exhibits; https://app.pch.gc.ca/application/artefacts_hum/detailler_detail.app?d=RMMH8469&lang=en; https://app.pch.gc.ca/application/artefacts_hum/detailler_detail.app?d=RMMH193&lang=en; https://app.pch.gc.ca/application/artefacts_hum/detailler_detail.app?d=RMMH8474&lang=en; https://app.pch.gc.ca/application/artefacts_hum/detailler_detail.app?d=RMMH317&lang=en; https://app.pch.gc.ca/application/artefacts_hum/detailler_detail.app?d=RMMH8467&lang=en; https://app.pch.gc.ca/application/artefacts_hum/detailler_detail.app?d=RMMH8468&lang=en; https://app.pch.gc.ca/application/artefacts_hum/detailler_detail.app?d=RMMH8470&lang=en; https://app.pch.gc.ca/application/artefacts_hum/detailler_detail.app?d=RMMH8471&lang=en; https://app.pch.gc.ca/application/artefacts_hum/detailler_detail.app?d=RMMH8472&lang=en; https://app.pch.gc.ca/application/artefacts_hum/detailler_detail.app?d=RMMH8473&lang=en; https://app.pch.gc.ca/application/artefacts_hum/detailler_detail.app?d=RMMH8461&lang=en; https://app.pch.gc.ca/application/artefacts_hum/detailler_detail.app?d=RMMH8463&lang=en; https://app.pch.gc.ca/application/artefacts_hum/detailler_detail.app?d=RMMH8462&lang=en,Lawson 2016 (Fontanus); ÉTS 2024 micro-CT report,YES,UNKNOWN,NO,NO,CONFIRMED,2026-09-24,"Lawson (Redpath Curator of World Cultures) 2016, on McGill domain: 'There are three human mummies and approximately twenty animal mummies (cats, crocodiles, and birds) in the Redpath World Cultures Collection'. Crocodiles came via James Ferrier (acquired on 1859 Nile trip; Maabdeh visited) and the defunct Natural History Society of Montreal. Redpath 'Permanent displays' page mentions 'several mummified animals'. No online collection DB. Redpath is removing human remains from display 2026-27 (3rd-floor page).","Musée Redpath, Université McGill",15,15,"'eight crocodiles' among ~14 animal mummies transferred from Natural History Society of Montreal; Ferrier 1859 donation incl. 'four small mummified crocodiles'; 1926 transfer notebook '8 Mummified Crocodiles Egypt' (Lawson, B. 2016, 'Egyptian Mummies at the Redpath Museum: Unravelling the History of McGill University's Collection', Fontanus (McGill Library), pp. 2-4 and endnote on 1926 notebook) [canada_oceania]",UNKNOWN,UNKNOWN,canada_oceania
INST-CA-002,Royal Ontario Museum,Toronto,CA,https://collections.rom.on.ca/search/crocodile,YES,13,"ROM eMuseum states ~91,273 objects online (subset of collection); further unpublished animal mummies possible. Accession series 910.169.x and 940.7.x show gaps (e.g. 940.7.1, 940.7.5) not found online - not verified as crocodiles.",910.169.2; 910.169.10; 910.169.11; 910.169.12; 910.169.13; 910.169.24; 940.7.2; 940.7.3; 940.7.4; 940.7.6; 940.7.7; 992X2.6; coffin 979X2.53; 979X2.53,OFFICIAL_DB,https://collections.rom.on.ca/objects/496908; https://collections.rom.on.ca/objects/498130; https://collections.rom.on.ca/objects/192080; https://collections.rom.on.ca/objects/202072; https://collections.rom.on.ca/search/crocodile; https://collections.rom.on.ca/objects/184576; https://collections.rom.on.ca/objects/183811; https://collections.rom.on.ca/objects/183810; https://collections.rom.on.ca/objects/190231; https://collections.rom.on.ca/objects/189453; https://collections.rom.on.ca/objects/189454; https://collections.rom.on.ca/objects/192079; https://collections.rom.on.ca/objects/199281; https://collections.rom.on.ca/objects/201889,UNKNOWN,YES,"Images 'copyrighted to the ROM'; reproduction via licence request, case-by-case (https://collections.rom.on.ca/rights) | © ROM; reproduction by licence request only (collections.rom.on.ca/rights: images 'copyrighted to the ROM', permission case-by-case)",NO,NO,CONFIRMED,2026-09-24,"12 crocodile mummies (4 classed A, 3 C, 5 F after viewing preview photos) + 1 crocodile coffin (E). 496908 (910.169.2) and 192080 (910.169.11) on view in Galleries of Africa: Egypt. Site blocks default curl UA (403) but works with browser UA.",UNKNOWN,13,13,UNKNOWN,eMuseum JSON export returns 'Feature disabled',UNKNOWN,canada_oceania
INST-CL-001,Museo Nacional de Historia Natural (Chile),Santiago,CL,https://www.mnhn.gob.cl/,YES,1,UNKNOWN,Nº 2335,PEER_REVIEWED; OFFICIAL_WEBPAGE,https://publicaciones.mnhn.gob.cl/668/articles-64574_archivo_01.pdf; https://boletinmnhn.cl/index.php/ojs/article/view/240; https://www.mnhn.gob.cl/noticias/momias-egipcias-del-mnhn-una-ventana-directa-al-estudio-del-pasado,"González G., C., Valenzuela, G. & Acevedo C., N. 2009. Egiptología en Chile: reflexiones iniciales sobre la colección egipcia del Museo Nacional de Historia Natural, Santiago. Boletín del Museo Nacional de Historia Natural, Chile 58: 105-120. doi:10.54830/bmnhn.v58.2009.240",YES,UNKNOWN,NO,NO,CONFIRMED,2026-09-24,"Egyptian collection in the Área de Antropología; not currently on display (per search snippet). Photos of the crocodile mummy published in the 2009 article (figs 11-12, photos 2007). MNHN news 2016-04-28 reports the juvenile crocodile mummy was X-rayed by OSTeam Ltda. No online object DB found; SURDOC portal search gave no MNHN Egyptian records.","Museo Nacional de Historia Natural, Área de Antropología",1,1,"1 (González, Valenzuela & Acevedo 2009, Boletín MNHN 58: 105-120 (collection comprises ... 'una cría de cocodrilo momificado')) [rest_of_world]",UNKNOWN,UNKNOWN,rest_of_world
INST-CU-001,Museo Provincial Emilio Bacardí Moreau,Santiago de Cuba,CU,UNKNOWN,NO,0,"News article (OnCubaNews 2024, candidate-only) lists 'un sapo, un gato, un ibis, un halcón y un cocodrilo' among mummified animals brought by Bacardí.",UNKNOWN,PEER_REVIEWED,http://riull.ull.es/xmlui/bitstream/handle/915/22541/TdE_11_%282020%29_09.pdf?sequence=1&isAllowed=y; https://riull.ull.es/xmlui/handle/915/22541; https://cubaarqueologica.com/wp-content/uploads/2024/02/ra14n1-04.pdf,"Lipińska, J. 1982. Monuments de l'Égypte ancienne au Palacio de Bellas Artes à La Havane et du Museo Bacardí à Santiago de Cuba (CAA). Mainz: Philipp von Zabern (not seen; classified part of Bacardí Egyptian material in 1970)",NO,UNKNOWN,NO,NO,PROBABLE,2026-09-24,"Emilio Bacardí bought a human mummy and animal mummies in the Luxor market in 1912 (Begerock et al. 2021, Cuba Arqueológica 14(1): 33-46, p. 39). Begerock et al. 2021 (p. 41) state the Egyptian animal mummies are kept in the museum's deposits (not displayed) and that CT scanning is needed to determine their taxonomic identity. No inventory numbers or photo of the crocodile found. PROBABLE: species identification rests on the 1912 acquisition description; the Cuban Mummy Project (IECIM Madrid / Heidelberg HCCH) planned CT of the animal mummies.",Museo Provincial Emilio Bacardí Moreau (Museo Bacardí),1,0,"1 (juvenile crocodile, among animal mummies acquired 1912) (González, Begerock, Leonard & Faltings 2020, Trabajos de Egiptología 11, p. 145: '...una momia humana (fig. 4) y algunas de animales (una cría de cocodrilo, un gato, un halcón y un ibis)') [rest_of_world]",UNKNOWN,UNKNOWN,rest_of_world
INST-CZ-001,Lešná Castle (Zoo and Castle Zlín-Lešná),Zlín (Lešná/Štípa),CZ,https://www.zoozlin.eu/prohlidky-zamku-lesna/,YES,1,"zlinsko-luhacovicko.cz (tourism) says a 'mumii mláděte krokodýla' is displayed in the Great Castle Library (candidate only, supports current presence)",1007,MONOGRAPH,http://fi.nm.cz/wp-content/uploads/2020/09/Strouhal-mumie-optimalizovano.pdf; https://www.zlinsko-luhacovicko.cz/misto/69/56-zamek-lesna-perla-uprostred-zoologicke-zahrady,UNKNOWN,NO,UNKNOWN,NO,NO,CONFIRMED,2026-09-24,"Brought by Count Joseph Seilern from world trips 1929-31 (1979). 1979 lists holder as 'Zoo Park and Castle Lešná, distr. Gottwaldov'. Official zoo page mentions only 'egyptské mumie' generically.",Zámek Lešná – Zoo Zlín,1,1,1 (Strouhal & Vyhnánek 1979 Cat. 120) [central_east_europe],UNKNOWN,UNKNOWN,central_east_europe
INST-CZ-002,"National Museum – Náprstek Museum of Asian, African and American Cultures",Prague,CZ,https://www.nm.cz/naprstkovo-muzeum-asijskych-africkych-a-americkych-kultur/sbirka-starovekeho-predniho-vychodu-a-afriky,YES,11,"Blesk.cz 26 Aug 2019 (news, candidate only) on exhibition 'Na březích Nilu' mentions ~20 mummified young crocodiles; ČT24/Deník mention crocodile mummy/head on display. Not in eSbírky portal.","P 608; P 609; P 610 (P 610b, P 610c, P 610d, P 610e); P 614; P 2478; P 2492; P 2793; P 2797; P 610b; P 610c; P 610d; P 610e",MONOGRAPH; PEER_REVIEWED; OFFICIAL_CATALOGUE,http://fi.nm.cz/wp-content/uploads/2020/09/Strouhal-mumie-optimalizovano.pdf; https://publikace.nm.cz/en/file/2bcc701618423b77a01bf9ebf608da77/37287/ANNALS_43-02-2022_Blok_onderka_prikryl.pdf,"Strouhal & Vyhnánek 1979 (Sborník NM XXXV B), Cat. 103-110; Onderka & Přikryl 2022 (Annals of the Náprstek Museum 43/2)",NO,UNKNOWN,NO,NO,CONFIRMED,2026-09-24,Egyptian antiquities not published in eSbírky (checked); sbirky.nm.cz returned proxy 502. Ongoing CT project 'Atlas of Egyptian Mummies in the Czech Collections' (vols I-II human; animal volume not found).,"Národní muzeum – Náprstkovo muzeum asijských, afrických a amerických kultur",11,11,"8 crocodile catalogue entries in 1979 (Cat. 103-110: P 608, P 609, P 610, P 614, P 2478, P 2492, P 2793, P 2797); P 610 bundle later split (P 610b-e crocodiles per 2022) (Strouhal & Vyhnánek 1979, pp. 130-132 and Table 1; Onderka & Přikryl 2022, p. 197) [central_east_europe]",UNKNOWN,UNKNOWN,central_east_europe
INST-CZ-003,Podlipanské Museum Český Brod,Český Brod,CZ,https://www.podlipanskemuzeum.cz/o-muzeu/sbirka-podlipanskeho-muzea/,YES,1,UNKNOWN,516,MONOGRAPH; OFFICIAL_WEBPAGE,http://fi.nm.cz/wp-content/uploads/2020/09/Strouhal-mumie-optimalizovano.pdf; https://www.podlipanskemuzeum.cz/o-muzeu/sbirka-podlipanskeho-muzea/,UNKNOWN,NO,UNKNOWN,NO,NO,CONFIRMED,2026-09-24,"Josef Zounek (Mrzky) collection from Egypt; official page says trip 1910, 1979 catalogue says 'around 1900', given to museum 1930.",Podlipanské muzeum v Českém Brodě (Regionální muzeum v Kolíně),1,1,1 (Strouhal & Vyhnánek 1979 Cat. 116; official page 'dvě malé egyptské mumie (krokodýl a poštolka)') [central_east_europe],UNKNOWN,UNKNOWN,central_east_europe
INST-CZ-004,State Castle Kynžvart,Lázně Kynžvart,CZ,http://zamek-kynzvart.cz/cs/vice-o-zamku/zamecke-sbirky,YES,3,Kudy z nudy (tourism site) mentions 'mumiemi nilských krokodýlů' with the Metternich Egyptian collection (candidate only),3480; 3487; 3488 (KY 3776); 3488,MONOGRAPH,http://fi.nm.cz/wp-content/uploads/2020/09/Strouhal-mumie-optimalizovano.pdf,"Strouhal & Vyhnánek 1979, Cat. 117-119, Plate XXa, Fig. 114",NO,UNKNOWN,NO,NO,CONFIRMED,2026-09-24,Metternich collection; Egyptian antiquities gift of Muhammad Ali 1826 (1979 Cat. 6 history). Official castle pages (checked) mention only the two human mummies; crocodile status based on 1979 radiological examination.,Státní zámek Kynžvart (Národní památkový ústav),3,3,"3 crocodile entries (Cat. 117-119) (Strouhal & Vyhnánek 1979, p. 133 and Table 1) [central_east_europe]",UNKNOWN,UNKNOWN,central_east_europe
INST-DE-007,"Dresden State Art Collections, Skulpturensammlung",Dresden,DE,UNKNOWN,YES,1,UNKNOWN,Aeg 736,NATIONAL_PORTAL; IIIF,https://www.europeana.eu/item/669/item_PAKHUFNRIOZHSSTBLWAQV37HLJHU5HXL; https://skd-online-collection.skd.museum/Details/Index/1296154; provider: https://skd-online-collection.skd.museum/Details/Index/1296154,UNKNOWN,YES,"Europeana edm:rights http://rightsstatements.org/vocab/InC/1.0/ | Europeana edm:rights http://rightsstatements.org/vocab/InC/1.0/; dc:rights Skulpturensammlung, Staatliche Kunstsammlungen Dresden",YES,YES,CONFIRMED,2026-09-24,"SKD online page responded 200, not parsed.","Staatliche Kunstsammlungen Dresden, Skulpturensammlung",1,1,UNKNOWN,Europeana dataset 669 (via Deutsche Digitale Bibliothek),https://iiif.europeana.eu/presentation/669/item_PAKHUFNRIOZHSSTBLWAQV37HLJHU5HXL/manifest,portals_europe
INST-DE-001,Gustav-Lübcke-Museum Hamm,Hamm,DE,https://westfalen.museum-digital.de/institution/36,YES,1,"School visit report (fer.schulnetz.hamm.de, 'Zwischen mumifizierten Krokodilen und Hieroglyphen') uses plural – candidate only; catalogue von Falck & Fluck 2004 may list more",1867,NATIONAL_PORTAL; OFFICIAL_API,https://global.museum-digital.org/object/174064; https://global.museum-digital.org/json/object/174064,"von Falck, M. & Fluck, C. 2004, Die Ägyptische Sammlung des Gustav-Lübcke-Museums Hamm, Bönen (ISBN 3-937390-33-2), pp. 64-65",YES,CC BY-NC-SA | CC BY-NC-SA (owner Gustav-Lübcke-Museum Hamm),YES,NO,CONFIRMED,2026-09-24,Own website www.museum-hamm.de has no collection DB; online collection via museum-digital:westfalen.,Gustav-Lübcke-Museum,1,1,UNKNOWN,https://global.museum-digital.org/json/object/174064,UNKNOWN,germany
INST-DE-002,Kulturhistorisches Museum Görlitz,Görlitz,DE,https://global.museum-digital.org/institution/626,YES,2,UNKNOWN,EK 102-1999-6; EK 102-1999-4,NATIONAL_PORTAL; OFFICIAL_API,https://global.museum-digital.org/object/1786299; https://global.museum-digital.org/object/1786298,UNKNOWN,YES,CC BY-NC-SA | CC BY-NC-SA (owner Kulturhistorisches Museum Görlitz),YES,NO,CONFIRMED,2026-09-24,Collection 'Archäologie international' / 'Ur- und Frühgeschichte'. Also a falcon mummy EK 196-1999-47. Dating field in records ('7099 BC') is an unusable placeholder. Institution id on museum-digital global: 626 (from JSON).,Kulturhistorisches Museum Görlitz,2,2,at least 8 crocodile mummies (EK 102-1999-6 = '7 mumifizierte kleine Krokodile mit Mumienbinde'; EK 102-1999-4 = 1 small unwrapped crocodile) (museum-digital records 1786299 and 1786298) [germany],https://global.museum-digital.org/json/object/1786299,UNKNOWN,germany
INST-DE-003,Museum August Kestner,Hannover,DE,https://nds.museum-digital.de/institution/46,YES,3,"Museum education programme 'Katzengöttin und Krokodilmumie – Tiere im Alten Ägypten' (hannover.de, search snippet only) suggests crocodile mummies are on display; no further individual objects found online","2010; 2911; 2010 und 2911 (two mummies, one record); 2010 und 2911",NATIONAL_PORTAL; OFFICIAL_API; IIIF,https://global.museum-digital.org/object/1727933; https://global.museum-digital.org/json/object/1727933; https://www.europeana.eu/item/714/item_COB2KDAXTU4JNOPGI4E2A226XPP2NW6D; https://nds.museum-digital.de/index.php?t=objekt&oges=80012; provider: https://nds.museum-digital.de/index.php?t=objekt&oges=80012,UNKNOWN,YES,CC BY-NC-SA | Europeana edm:rights http://creativecommons.org/licenses/by-nc-sa/4.0/ | CC BY-NC-SA (image creator Christian Tepper; owner Museum August Kestner) | Europeana edm:rights http://creativecommons.org/licenses/by-nc-sa/4.0/; dc:rights Museum August Kestner,YES,YES,CONFIRMED,2026-09-24,"Museum's online collection is published via museum-digital:niedersachsen. Two hatchling crocodile mummies (Fayum, 1st c. CE) in one record. | museum-digital page responded 200, not parsed.",Museum August Kestner,3,3,UNKNOWN,https://global.museum-digital.org/json/objects?s=... (museum-digital JSON API); Europeana dataset 714; museum-digital nds,https://iiif.europeana.eu/presentation/714/item_COB2KDAXTU4JNOPGI4E2A226XPP2NW6D/manifest,germany;portals_europe
INST-DE-004,Roemer- und Pelizaeus-Museum Hildesheim,Hildesheim,DE,https://rpmuseum.de/aegypten/,NO,0,"Zesch, S. (2015) 'Zwischen Diesseits und Jenseits. Objekte altägyptischer Grabausstattung und Tiermumien aus dem Roemer- und Pelizaeus-Museum Hildesheim' (academia.edu/researchgate, both 403 – not read) likely lists animal mummies incl. crocodiles with inventory numbers",UNKNOWN,OFFICIAL_WEBPAGE,https://rpmuseum.de/kinderzeit-osterferienprogramm-im-rpm/; https://www.uni-hildesheim.de/neuigkeiten/tiermumie-erwacht-museumsmagazin-von-jugendlichen-fuer-jugendliche/,"Zesch 2015 (see bibliography, CITATION_ONLY)",NO,UNKNOWN,NO,NO,PROBABLE,2026-09-24,"rpmuseum.de (children's programme 2026, Egyptian permanent exhibition): 'Von schnellen Spitzmäusen über neugierige Paviane bis zu abgetauchten Nilpferden und Mumien-Krokodilen'. Universität Hildesheim news 17.07.2012: pupil stands 'vor einer Vitrine im Roemer- und Pelizaeus-Museum (RPM) und blickt auf die Mumie des Krokodils'; 'Die Tiermumie ... stammt aus der Ptolemäerzeit'. No inventory number found; museum has no online collection DB; Global Egyptian Museum (101 RPM objects) has no crocodile. Upgrade to CONFIRMED once an inventory number is found (Zesch 2015).",Roemer- und Pelizaeus-Museum Hildesheim,0,0,UNKNOWN,UNKNOWN,UNKNOWN,germany
INST-DE-005,"Staatliche Kunstsammlungen Dresden, Skulpturensammlung",Dresden,DE,https://skd-online-collection.skd.museum/,YES,1,Some SKD objects are hidden online for ethical reasons ('Dieses Element wird wegen ethischer Bedenken nicht online gezeigt'); catalogue Gander & Loth 2022 no. 8 may include further animal mummies,Aeg 736,OFFICIAL_DB; NATIONAL_PORTAL; IIIF,https://skd-online-collection.skd.museum/Details/Index/1296154; https://api.deutsche-digitale-bibliothek.de/2/search/index/search/select?q=Krokodilmumie,"Gander, M. & Loth, M. 2022, Faszination Ägypten, Dresden, p. 77 no. 8 (a)",YES,Freier Zugang – Rechte vorbehalten (InC) | Freier Zugang – Rechte vorbehalten (SKD); DDB: http://rightsstatements.org/vocab/InC/1.0/,YES,YES,CONFIRMED,2026-09-24,"SKD Online Collection searches: Krokodil / Krokodil* (only 1 mummy: Aeg 736; others faience amulets, gems), Mumie (19 hits, 1 animal mummy = Aeg 736), Tiermumie 0. Object currently 'verliehen' (on loan).","Staatliche Kunstsammlungen Dresden, Skulpturensammlung (Antikensammlung/Ägyptische Sammlung)",1,1,UNKNOWN,https://api.deutsche-digitale-bibliothek.de/2/search/index/search/select (DDB); SKD site search https://skd-online-collection.skd.museum/Result?q=,"https://iiif.deutsche-digitale-bibliothek.de/image/2/f4f0b04d-a6e5-4160-a7ba-c08801c3103c/full/!800,800/0/default.jpg (via DDB)",germany
INST-DE-006,Staatliches Museum Ägyptischer Kunst,München,DE,https://sammlung.smaek.de/de,YES,1,"Museum policy: no mummies on display (ethics), so any crocodile mummies would be in storage and not online; none found","ÄS 6809 (mask, class E); ÄS 6809",OFFICIAL_WEBPAGE; SECONDARY,https://smaek.de/wp-content/uploads/2021/07/Maat-Ausgabe-11-Online.pdf; https://www.leben-in-luxor.de/luxor_lexikon_museen_smaek5.html,UNKNOWN,NO,UNKNOWN,YES,NO,CONFIRMED,2026-09-24,"CLASS E ONLY: holds a crocodile mummy mask (ÄS 6809); no crocodile mummy itself confirmed. Online collection (Fluxguide API) queried: Krokodil 14 hits (statuettes, amulets, model), Mumie 225, Tiermumie 0, Krokodilsmumie 0, 6809 0, Tiersarg 1 (ibis coffin ÄS 1383).",Staatliches Museum Ägyptischer Kunst (SMÄK),1,1,UNKNOWN,https://smaek-api.fluxguide.dev/content/v1/query (backend of sammlung.smaek.de; POST JSON),UNKNOWN,germany
INST-DK-002,National Museum of Denmark (Nationalmuseet),Copenhagen,DK,https://samlinger.natmus.dk/,YES,1,"AS 7464 'dyremumie' (unspecified animal mummy, objectId 6754); ethnographic collection (/es/) has human mummies only in keyword results","AAa133; AAa136; AAa137; AAa138; 330 (2 records); 15194; 15195; 4 unnumbered ('unr', objectIds 31325-31328)",OFFICIAL_DB; OFFICIAL_API,https://samlinger.natmus.dk/api/objectbrowse?keyword=krokodillemumie; https://samlinger.natmus.dk/as/object/16144; https://samlinger.natmus.dk/as/object/14618,UNKNOWN,NO,UNKNOWN (image assets 404),YES,NO,CONFIRMED,2026-09-24,"Crocodile mummies incl. hatchlings from Kom Ombo (15194) and el-Maabda (15195), accession 1977; AAa133-138 accessioned 1862-63; 330 accessioned 1870. api.natmus.dk fails TLS/403.","Nationalmuseet, Antiksamlingen",0,0,UNKNOWN,https://samlinger.natmus.dk/api/objectbrowse?keyword=<term>&from=<n>,UNKNOWN,nordic_baltic
INST-DK-001,"National Museum of Denmark (Nationalmuseet), Collection of Classical and Near Eastern Antiquities",Copenhagen,DK,UNKNOWN,YES,11,UNKNOWN,AAa137; 330; AAa136; AAa133; AAa138; 15194; 15195,OFFICIAL_DB; OFFICIAL_API,https://samlinger.natmus.dk/as/object/16144; https://samlinger.natmus.dk/as/object/319; https://samlinger.natmus.dk/as/object/42020; https://samlinger.natmus.dk/as/object/31328; https://samlinger.natmus.dk/as/object/16143; https://samlinger.natmus.dk/as/object/31325; https://samlinger.natmus.dk/as/object/31326; https://samlinger.natmus.dk/as/object/31327; https://samlinger.natmus.dk/as/object/16140; https://samlinger.natmus.dk/as/object/16145; https://samlinger.natmus.dk/as/object/14617; https://samlinger.natmus.dk/as/object/14618,UNKNOWN,UNKNOWN,UNKNOWN,UNKNOWN,UNKNOWN,CONFIRMED,2026-09-24,UNKNOWN,UNKNOWN,11,11,UNKNOWN,UNKNOWN,UNKNOWN,nordic_baltic
INST-EG-008,"Akoris archaeological site, Chapel E storeroom (Akoris Archaeological Project, Nagoya University / Paleological Association of Japan; Ministry of Tourism and Antiquities)",Tehna el-Gebel (Minya Governorate),EG,UNKNOWN,YES,1,Abou-Seif (1926) sent Akoris crocodile mummies/coffins to the Egyptian Museum Cairo and left those 'deemed unnecessary for the Cairo Museum' in Chapel E,UNKNOWN,PEER_REVIEWED,https://www.jstage.jst.go.jp/article/orient/61/0/61_109/_pdf/-char/en; https://doi.org/10.5356/orient.61.109,UNKNOWN,NO,UNKNOWN,NO,NO,CONFIRMED,2026-09-24,"Site store, not a museum: 'Currently (in 2024) the crocodile mummies in Akoris are kept inside Chapel E (Shimizu forthcoming)'. Iron-gated storage room.","Tehna el-Gebel (Akoris), Western Temple complex, Chapel E",0,0,"UNKNOWN ('numerous crocodile mummies' from Chapel D found by Abou-Seif 1926) (Shimizu 2026, Orient 61: 109-125) [toponyms]",UNKNOWN,UNKNOWN,toponyms
INST-EG-001,"Akoris (Tehna el-Gebel) archaeological site – Chapel E storeroom, Western Temple (MoTA; Paleological Association of Japan mission)","Tehna el-Gebel, Minya Governorate",EG,UNKNOWN,YES,1,Crocodile coffins relocated by Abou-Seif 1926 into Chapel E; japanese web report (isan-no-sekai.jp 8208) photo of a crocodile mummy placed in the rock-cut temple; 'several crocodiles over 3.5 m' found in the temple,UNKNOWN,PEER_REVIEWED,https://www.jstage.jst.go.jp/article/orient/61/0/61_109/_article; https://www.isan-no-sekai.jp/report/8208,Shimizu forthcoming (Chapel E cleaning 2024); Abou-Seif 1926 ASAE 26: 32-38; Paleological Association of Japan 1995 (Akoris report),YES,UNKNOWN,NO,NO,CONFIRMED,2026-09-24,"On-site storeroom, not a museum. Shimizu 2026: 'Currently (in 2024) the crocodile mummies in Akoris are kept inside Chapel E'; Abou-Seif (1926) relocated there crocodile mummies and coffins 'deemed unnecessary for the Cairo Museum'; iron gate installed, second room became storage. Part of the Akoris crocodile mummies went to the Egyptian Museum Cairo (see EMC basement page: 'Mummies of crocodiles ... from Japanese expedition at Tehna el-Gabal').",تهنا الجبل (أكوريس) / アコリス遺跡,1,1,UNKNOWN,UNKNOWN,UNKNOWN,egypt
INST-EG-002,"Crocodile Museum, Kom Ombo",Kom Ombo (Aswan Governorate),EG,https://egymonuments.gov.eg/en/museums/crocodile-museum,YES,2,"Crocodile fetuses/embryos, eggs (brochure: 'Crocodile mummies include crocodile eggs and embryos, small and large crocodiles' from al-Shutb); model eyes and gold/ivory teeth (replicas). Pottery coffins from el-Shatb cemetery (tomb model).",UNKNOWN,OFFICIAL_WEBPAGE,https://egymonuments.gov.eg/en/museums/crocodile-museum; https://egymonuments.gov.eg/ar/museums/crocodile-museum; https://egymonuments.gov.eg/media/8055/crocodile-en-web.pdf,"UNKNOWN (no catalogue found). El-Shatb excavations by Egyptian Antiquities Organization 1965-68, 1971-83 reported only in secondary web sources so far",YES,"UNKNOWN (MoTA brochure photos, no licence stated)",NO,NO,CONFIRMED,2026-09-24,"Opened 2012 next to Kom Ombo temple. MoTA text (EN/AR): 'Its main exhibition hall displays the mummified mummies of Nile crocodiles' / 'تعرض قاعة العرض الرئيسية بالمتحف مومياوات مُحنطة لتماسيح النيل'. MoTA brochure p. 2 photos: a large linen-wrapped crocodile mummy with lattice bandaging plus smaller wrapped ones, and a row of large unwrapped mummies. A web-search summary attributed the sentence 'A selection of the surviving crocodile mummies from Kom Ombo are on display in the new Crocodile Museum near the temple that opened in 2012' to a scholarly source, but it is NOT in De Cupere et al. 2023 (full text checked) – origin unverified. No individual inventory numbers published online; no object rows created.",متحف التمساح بكوم أمبو,2,2,UNKNOWN,UNKNOWN,UNKNOWN,egypt
INST-EG-003,"Egyptian Museum, Cairo",Cairo,EG,https://egyptianmuseumcairo.eg/,YES,5,"Basement: official page states boxes of 'Mummies of crocodiles' from the Japanese expedition at Tehna el-Gabal (Akoris) are stored in the basement (https://egyptianmuseumcairo.eg/the-basement-of-the-egyptian-museum/). Ikram & Iskander 2002 CG 'Non-human mummies' (print, not seen) likely re-catalogues crocodiles. Popular sources (Archaeology magazine 2004, Ikram) mention an ~18-ft crocodile with a baby crocodile in its mouth (candidate only). Ikram 2005 (Divine Creatures, pp. 16-43) cited by De Cupere et al. 2023 for evisceration in 'two sacred crocodiles from the Cairo Museum collection'.",CG 29578; CG 29579-29585 (eggs); CG 29628; CG 29629; CG 29630; CG 29710-29720; CG 29813; CG 29814; CG 29815 (JE 26485); CG 29816; CG 29816bis; CG 29714 = JE 28373; CG 29579; CG 29580; CG 29581; CG 29582; CG 29583; CG 29584; CG 29585; CG 29710; CG 29711; CG 29712; CG 29713; CG 29714; CG 29715; CG 29716; CG 29717; CG 29718; CG 29719; CG 29720; CG 29815; CG 29816 bis,OFFICIAL_WEBPAGE; OFFICIAL_CATALOGUE; PEER_REVIEWED; MONOGRAPH,https://egyptianmuseumcairo.eg/artefacts/mummies-of-the-big-nile-crocodile/; https://egyptianmuseumcairo.eg/the-basement-of-the-egyptian-museum/; https://archive.org/details/lafaunemomifie00gail; https://doi.org/10.1016/j.jasrep.2020.102483; https://par.nsf.gov/servlets/purl/10511480; https://rivista.museoegizio.it/article/its-a-wrap-bandaging-patterns-on-animal-mummies-from-ancient-egypt/,"Gaillard & Daressy 1905 (CG 29501-29733, 29751-29834); Ikram & Iskander 2002 (CG Non-human mummies, not seen) | Gaillard & Daressy 1905 (Catalogue général, La faune momifiée de l'antique Égypte); Ikram & Iskander 2002 (Catalogue général, Non-Human Mummies) - CG number ranges to be verified",YES,"UNKNOWN (site footer: 'Copyright © 2026 The Egyptian Museum'); 1905 catalogue plates public domain scan (archive.org, NOT_IN_COPYRIGHT) | public domain scan (archive.org NOT_IN_COPYRIGHT) | UNKNOWN (site: Copyright © 2026 The Egyptian Museum)",NO,NO,CONFIRMED,2026-09-24,"Official artefact page 'Mummies of the big Nile crocodile (Crocodilus niloticus)', Gallery 53 – Upper Floor, with photo of two large largely unwrapped bitumen-coated crocodile mummies. The 1905 CG entries are recorded individually as PROBABLE (catalogue >100 years old; some objects may have been transferred e.g. to NMEC/GEM/Kom Ombo Crocodile Museum - not verified). No online collection database. | Some objects may have moved to NMEC or GEM; egypt agent to verify.","المتحف المصري بالقاهرة (Musée égyptien du Caire); المتحف المصري (Egyptian Museum, Tahrir)",29,5,UNKNOWN,UNKNOWN (WordPress REST API exists but artefact post type not exposed; no collection API),UNKNOWN,egypt;literature
INST-EG-004,"Graeco-Roman Museum, Alexandria",Alexandria,EG,https://egymonuments.gov.eg/en/museums/graeco-roman-museum,YES,2,"Arabic news (youm7 2025-05-18 via search snippet, candidate-only): reconstructed 'Crocodile Temple' inside the museum with 'مومياء لتمساح يتوسط المدخل' (a crocodile mummy in the middle of the entrance). Maspero.eg (state media, 2023-10-22) confirms only that the Crocodile Temple model was moved from the garden inside the museum (reopened Oct 2023). | Breccia's 1912-13 Theadelphia (Batn Ihrit) finds from the Pnepheros temple; further crocodile mummies possible","Theadelphia wooden litter inv. 19679–19681 (per Shimizu 2026 n. 5 citing Kockelmann 2017, 614–615, Taf. 72, 77–78); crocodile mummy's own number UNKNOWN; Wooden litter(s) from temple of Pnepheros, Theadelphia: inv. 19679-19681 (per Kockelmann 2017, cited by Shimizu 2026); crocodile mummy on wooden litter photographed 2024 (inv. not given)",PEER_REVIEWED; OFFICIAL_CATALOGUE,https://www.jstage.jst.go.jp/article/orient/61/0/61_109/_article; https://archive.org/details/McGillLibrary-rbsc_alexandrea-aegyptum_DT73A4B72131922-18824; https://egymonuments.gov.eg/en/museums/graeco-roman-museum; https://www.jstage.jst.go.jp/article/orient/61/0/61_109/_pdf/-char/en,"Breccia 1922 guide (Room 9); Kockelmann 2017 (Ägyptologische Abhandlungen 74), 614–615, Taf. 72, 77–78 (not seen); Shimizu 2026, Orient 61, Fig. 5b | Kockelmann, H. 2017. Der Herr der Seen, Sümpfe und Flußläufe (ÄA 74), pp. 614-615, Taf. 72, 77-78; Breccia 1926, Teadelfia e il tempio di Pneferos",YES,"UNKNOWN (Shimizu 2026 Fig. 5b, © Society for Near Eastern Studies in Japan) | UNKNOWN (© Society for Near Eastern Studies in Japan)",NO,NO,CONFIRMED,2026-09-24,"Shimizu 2026 (Orient 61: 109-125) Fig. 5b: 'Example of a crocodile mummy on a wooden litter (Graeco-Roman Museum, Alexandria; photograph by the author, 2024)' – confirms a crocodile mummy on display in 2024. Breccia 1922 (museum guide, Room 9): 'On the litter is the mummy of a crocodile. The wooden case and the litter were discovered in the temple of Theadelphia'. Provenance of the mummy itself not explicitly stated. Current MoTA page (EN/AR) says nothing about crocodiles. | Shimizu 2026 (Orient 61), Fig. 5b: 'Example of a crocodile mummy on a wooden litter (Graeco-Roman Museum, Alexandria; photograph by the author, 2024)'. Theadelphia reverse lookup.",المتحف اليوناني الروماني بالإسكندرية,2,2,UNKNOWN,UNKNOWN,UNKNOWN,egypt;toponyms
INST-EG-005,"Mummification Museum, Luxor",Luxor,EG,https://egymonuments.gov.eg/museums/mummification-museum/,NO,0,"Arabic news (candidate-only, via search snippets: youm7 2023-11-04, al-ain, elbalad) mention 'مومياء تمساح حديث الولادة' (mummy of a newborn crocodile).",UNKNOWN,SECONDARY,https://sis.gov.eg/en/egypt/tourism/cultural-tourism/museums/the-mummification-museum/; https://egymonuments.gov.eg/museums/mummification-museum/,UNKNOWN,UNKNOWN,UNKNOWN,NO,NO,PROBABLE,2026-09-24,"Egyptian State Information Service (official government portal, not the museum's own domain) states: 'The museum also displays a number of human mummies and a group of animal mummies, such as: crocodiles; cats; and fish.' and 'In the hall there are also a number of mummified animals ... such as: the ram; the cat; the ibis; the crocodile; and the monkey.' MoTA egymonuments page only says embalming was applied to animals '(Cats, dogs, crocodiles…. etc.)' – generic, not a holding statement. No object-level data online. sis.gov.eg required adding the missing Sectigo intermediate certificate (chain incomplete); beta.sis.gov.eg Arabic page blocked by WAF.",متحف التحنيط بالأقصر,0,0,UNKNOWN,UNKNOWN,UNKNOWN,egypt
INST-EG-006,"Qubbat al-Hawa Project (Universidad de Jaén) – on-site store, tomb QH34ll",Aswan (West Bank),EG,UNKNOWN,YES,10,UNKNOWN,"Excavation nos. crocodile #1, #3, #4, #5, #6, #7, #8, #9, #10, #11 (#2 merged with #4)",PEER_REVIEWED; EXCAVATION_REPORT,https://journals.plos.org/plosone/article?id=10.1371/journal.pone.0279137,De Cupere et al. 2023,YES,CC BY 4.0 (article) | CC BY 4.0 (article figures),NO,NO,CONFIRMED,2026-09-24,Holding = on-site storage at Qubbat al-Hawa under MoTA / Spanish (Jaén) mission: 'The crocodile finds from tomb QH34ll have been studied on site and are also currently stored there.' Not a museum; status as of analysis in spring 2022.,"Proyecto Qubbet el-Hawa, Universidad de Jaén / قبة الهوا (أسوان)",10,10,"10 individuals (5 more or less complete bodies, 5 heads) (De Cupere et al. 2023, PLOS ONE 18(1): e0279137, abstract and 'Description of the finds') [egypt]",UNKNOWN,UNKNOWN,egypt
INST-EG-007,Sharm el-Sheikh Museum,Sharm el-Sheikh,EG,UNKNOWN,YES,1,UNKNOWN,UNKNOWN,PEER_REVIEWED,https://par.nsf.gov/servlets/purl/10511480; https://mdpi-res.com/d_attachment/heritage/heritage-08-00415/article_deploy/heritage-08-00415.pdf,UNKNOWN,UNKNOWN,UNKNOWN,UNKNOWN,UNKNOWN,CONFIRMED,2026-09-24,"Two scholarly mentions: Hekkala et al. 2022 p.5 (crocodile with hatchlings on back, no number, probably Saqqara) and Pubblico 2025 Heritage 8:415 (crocodile mummy 'kept at the Sharm El-Sheikh Museum of Antiquities' with concentric-square bandage pattern, described in detail). No inventory numbers.",UNKNOWN,2,1,UNKNOWN,UNKNOWN,UNKNOWN,literature
INST-ES-001,Museo Arqueológico Nacional,Madrid,ES,UNKNOWN,YES,1,UNKNOWN,15123,OFFICIAL_DB; NATIONAL_PORTAL,http://ceres.mcu.es/pages/Main?idt=51&inventary=15123&table=FMUS&museum=MAN,UNKNOWN,YES,"http://rightsstatements.org/vocab/InC/1.0/ (In Copyright, per Europeana edmRights)",UNKNOWN,UNKNOWN,CONFIRMED,2026-09-24,UNKNOWN,UNKNOWN,1,1,UNKNOWN,UNKNOWN,UNKNOWN,southern_europe
INST-ES-002,National Archaeological Museum (Museo Arqueológico Nacional),Madrid,ES,http://ceres.mcu.es/pages/Main?idt=51&inventary=15123&table=FMUS&museum=MAN,YES,1,UNKNOWN,15123,OFFICIAL_DB; NATIONAL_PORTAL,http://ceres.mcu.es/pages/Main?idt=51&inventary=15123&table=FMUS&museum=MAN; https://www.europeana.eu/item/2022703/pages_Main_idt_51_inventary_15123_table_FMUS_museum_MAN,Llagostera 1978 (radiological study of MAN Egyptian mummies); Pérez Díe (ed.) 2007,YES,In Copyright (rightsstatements.org InC 1.0 per Europeana),YES,UNKNOWN,CONFIRMED,2026-09-24,Europeana 'momia cocodrilo' returned only this MAN crocodile mummy. CERES direct search hit 429 rate limit; further CERES queries pending.,Museo Arqueológico Nacional,0,0,UNKNOWN,https://api.europeana.eu/record/v2/2022703/pages_Main_idt_51_inventary_15123_table_FMUS_museum_MAN.json,UNKNOWN,southern_europe
INST-ES-003,National Archaeological Museum of Spain,Madrid,ES,UNKNOWN,YES,1,UNKNOWN,15123,NATIONAL_PORTAL; IIIF,https://www.europeana.eu/item/2022703/pages_Main_idt_51_inventary_15123_table_FMUS_museum_MAN; http://ceres.mcu.es/pages/Main?idt=51&inventary=15123&table=FMUS&museum=MAN; provider: http://ceres.mcu.es/pages/Main?idt=51&inventary=15123&table=FMUS&museum=MAN,UNKNOWN,YES,Europeana edm:rights http://rightsstatements.org/vocab/InC/1.0/,YES,YES,CONFIRMED,2026-09-24,"CERES page responded 200, not parsed. CERES itself not searched further.",Museo Arqueológico Nacional,1,1,UNKNOWN,Europeana dataset 2022703 (CER.ES/Hispana),https://iiif.europeana.eu/presentation/2022703/pages_Main_idt_51_inventary_15123_table_FMUS_museum_MAN/manifest,portals_europe
INST-FR-001,Institut Calvet – Musée Lapidaire,Avignon,FR,https://www.institutcalvet.fr/fr/les-oeuvres/momie-de-crocodile,YES,1,Website presents only selected works ('les œuvres'); full Egyptian holdings not online. Catalogue 'Egypte et Provence' (1985) cited as bibliography may list more animal mummies.,A100,OFFICIAL_WEBPAGE,https://www.institutcalvet.fr/en/node/2137; https://www.institutcalvet.fr/fr/les-oeuvres/momie-de-crocodile,"Egypte et Provence (exhibition catalogue, Avignon, 1985) – cited on the object page",YES,UNKNOWN (no licence statement on object page),NO,NO,CONFIRMED,2026-09-24,Site search 'crocodile' and 'momie' (institutcalvet.fr/search/node) returned one crocodile mummy only.,"Fondation Calvet / Institut Calvet, Musée Lapidaire (Avignon)",1,1,UNKNOWN,UNKNOWN,UNKNOWN,france
INST-FR-005,Musée de la Princerie,Verdun,FR,https://pop.culture.gouv.fr/notice/joconde/M0525002604,YES,1,UNKNOWN,85.8.5 (also 54.10.5); 85.8.5,NATIONAL_PORTAL,https://pop.culture.gouv.fr/notice/joconde/M0525002604,UNKNOWN,UNKNOWN,UNKNOWN (Joconde 'Presence_image': oui),YES,UNKNOWN,CONFIRMED,2026-09-24,UNKNOWN,UNKNOWN,1,1,1 (Joconde export (partial pass)) [france],Joconde CSV export,UNKNOWN,france
INST-FR-006,musée des beaux-arts et d'archéologie,Besançon,FR,UNKNOWN,YES,3,UNKNOWN,2014.0.387; 2013.0.2046; 2014.0.388,NATIONAL_PORTAL,https://pop.culture.gouv.fr/notice/joconde/M0332025605; https://pop.culture.gouv.fr/notice/joconde/M0332025607; https://pop.culture.gouv.fr/notice/joconde/M0332025609,UNKNOWN,UNKNOWN,UNKNOWN (Joconde 'Presence_image': oui),UNKNOWN,UNKNOWN,CONFIRMED,2026-09-24,UNKNOWN,UNKNOWN,3,3,UNKNOWN,UNKNOWN,UNKNOWN,france
INST-FR-007,Musée des Beaux-Arts et d'Archéologie de Besançon,Besançon,FR,https://pop.culture.gouv.fr/notice/joconde/M0332025605,YES,3,UNKNOWN,2014.0.387 (A.815); 2013.0.2046 (A.816); 2014.0.388 (A.817),NATIONAL_PORTAL,https://pop.culture.gouv.fr/notice/joconde/M0332025605; https://pop.culture.gouv.fr/notice/joconde/M0332025607; https://pop.culture.gouv.fr/notice/joconde/M0332025609,UNKNOWN,UNKNOWN,UNKNOWN,YES,UNKNOWN,CONFIRMED,2026-09-24,UNKNOWN,musée des beaux-arts et d'archéologie,0,0,3 (Joconde export (partial pass)) [france],Joconde CSV export,UNKNOWN,france
INST-FR-002,Musée des Confluences,Lyon,FR,https://portail.museedesconfluences.fr/fr/collections/search?collection=biens&recherche_libre=crocodile,YES,310,"Nicolotti & Robert 1994 catalogue 'Les crocodiles momifiés du muséum de Lyon' (not accessible, Persée PDF blocked) may list items not titled with 'crocodile' online; Lortet & Gaillard 1903-1909 publications. | Collection of >2500 animal mummies (Porcier et al. 2019); Nicolotti & Robert 1992/1994 catalogue of crocodiles; Berruyer 2021 thesis | Most probably from Esna and Kom Ombo (Lortet & Gaillard 1903, 1909); at least two further crocodile heads from Kom Ombo with fractures; radiocarbon-dated specimens from Kom Ombo (3), Esna (1) and unprovenanced (4) (Richardin et al. 2017). Full catalogue: Nicolotti & Robert 1994; Berruyer 2021 thesis.","90001182-90002437 range (297 records; see objects file), e.g. 90001391, 90001591, 90001850; MHNL 90001193; 90001372; 90001944; 90001591; 90001390; 90001984; 90001387; 90001192; 90001841; 90002311; MHNL 90001591; MHNL 90001850; MHNL 90001839-90001841 (Kom Ombo heads); 90001195; 90001199; 90001287; 90001187; 90001386; 90001374; 90001383; 90001376; 90001196; 90001942; 90001388; 90001183; 90001191; 90001384; 90001396; 90001373; 90001395; 90001380; 90001948; 90001401; 90001193; 90001189; 90001332; 90001901; 90001186; 90001389; 90001394; 90001397; 90001399; 90001393; 90001391; 90001392; 90001398; 90002436; 90002437; 90001276; 90001282; 90001281; 90002155; 90001185; 90001197; 90010246; 90002398; 90002399; 90002329; 90002123; 90002118; 90002100; 90001985; 90001851; 90002066; 90002070; 90002099; 90001953; 90001986; 90001955; 90001950; 90002065; 90002124; 90002117; 90002046; 90002119; 90002041; 90002093; 90002021; 90002125; 90001963; 90002003; 90001840; 90001958; 90002078; 90002015; 90001969; 90001966; 90001946; 90002052; 90002147; 90001967; 90002035; 90001852; 90002005; 90002053; 90002057; 90002026; 90001331; 90002017; 90002151; 90001996; 90002111; 90002054; 90001976; 90002058; 90001938; 90002146; 90002126; 90002127; 90002042; 90002073; 90002156; 90002142; 90002091; 90002062; 90001991; 90002016; 90001998; 90002060; 90001338; 90002008; 90002075; 90002081; 90002071; 90001336; 90002112; 90001941; 90002120; 90001838; 90002072; 90001971; 90001184; 90002000; 90002159; 90002150; 90002030; 90002074; 90002038; 90002001; 90002059; 90001952; 90002031; 90002129; 90002115; 90002010; 90002083; 90002033; 90002022; 90001981; 90002034; 90002027; 90001856; 90002087; 90002012; 90001330; 90002138; 90002055; 90001855; 90001951; 90002076; 90002130; 90001954; 90002104; 90002097; 90002025; 90002056; 90001968; 90001965; 90001339; 90002002; 90001335; 90001997; 90002023; 90002049; 90002116; 90002098; 90002024; 90002106; 90002101; 90002006; 90002050; 90002134; 90001961; 90001334; 90002082; 90002007; 90001957; 90001994; 90002132; 90002102; 90002114; 90002037; 90001974; 90002144; 90001400; 90001964; 90002044; 90001939; 90002086; 90002140; 90002088; 90002080; 90002020; 90002107; 90001979; 90002141; 90002154; 90001962; 90002128; 90001385; 90002061; 90001190; 90002018; 90002139; 90002136; 90001949; 90002095; 90002029; 90001194; 90001947; 90001370; 90001369; 90002009; 90002069; 90001990; 90001839; 90002047; 90001945; 90001843; 90002113; 90001993; 90002063; 90002079; 90001977; 90002109; 90001973; 90002077; 90001992; 90002004; 90002043; 90002137; 90002064; 90002039; 90002149; 90002068; 90002067; 90001850; 90001844; 90002019; 90001978; 90002028; 90002105; 90002145; 90001959; 90002131; 90002092; 90002094; 90002090; 90001980; 90002011; 90002089; 90002110; 90002133; 90002157; 90002040; 90002121; 90002051; 90001337; 90001995; 90001982; 90001989; 90001329; 90002032; 90002153; 90002014; 90002135; 90001943; 90002108; 90002143; 90002036; 90002084; 90002103; 90001999; 90002122; 90001956; 90001842; 90002085; 90002048; 90001960; 90002045; 90001983; 90002148; 90001975; 90001333; 90001972; 90001988; 90001182; 90001355; 90001987; 90001188; 90001328; 90001970; MHNL 90001372; MHNL 90001944; MHNL 90001390; MHNL 90001387; MHNL 90001984; MHNL 90001192; MHNL 90002311; MHNL 90001841; MHNL 90001839; MHNL 90001840",OFFICIAL_DB; PEER_REVIEWED; OFFICIAL_WEBPAGE; MONOGRAPH,https://portail.museedesconfluences.fr/; https://museedesconfluences.fr/fr/le-musee/actualites/la-collection-de-momies-animales-egypte; https://doi.org/10.1371/journal.pone.0229140; https://fount.aucegypt.edu/faculty_journal_articles/495/; https://www.sidestone.com/openaccess/9789088907722.pdf; https://doi.org/10.1371/journal.pone.0279137; https://journals.plos.org/plosone/article?id=10.1371/journal.pone.0279137; https://pmc.ncbi.nlm.nih.gov/articles/PMC7034907/; https://hal.science/hal-03487884/document; https://hal.univ-lorraine.fr/hal-04503931/document; https://portail.museedesconfluences.fr/notice311214403721164638; https://portail.museedesconfluences.fr/notice415136650623547812; https://portail.museedesconfluences.fr/notice182281395633671594; https://portail.museedesconfluences.fr/notice331274549222600511; https://portail.museedesconfluences.fr/notice417985646155568123; https://portail.museedesconfluences.fr/notice304969993129437988; https://portail.museedesconfluences.fr/notice207012775314119742; https://portail.museedesconfluences.fr/notice156008225415031891; https://portail.museedesconfluences.fr/notice221789242811294903; https://portail.museedesconfluences.fr/notice355063080936288429; https://portail.museedesconfluences.fr/notice144836548553705137; https://portail.museedesconfluences.fr/notice365473169236230892; https://portail.museedesconfluences.fr/notice365633795528418964; https://portail.museedesconfluences.fr/notice138122395639198993; https://portail.museedesconfluences.fr/notice387921485537204499; https://portail.museedesconfluences.fr/notice379689122646459678; https://portail.museedesconfluences.fr/notice412183224370178092; https://portail.museedesconfluences.fr/notice184622047251535925; https://portail.museedesconfluences.fr/notice139919750418953290; https://portail.museedesconfluences.fr/notice386744631018703182; https://portail.museedesconfluences.fr/notice143200942318720597; https://portail.museedesconfluences.fr/notice373428651837933924; https://portail.museedesconfluences.fr/notice246743150424694647; https://portail.museedesconfluences.fr/notice287302549571862654; https://portail.museedesconfluences.fr/notice229960661536571015; https://portail.museedesconfluences.fr/notice527245209257436068; https://portail.museedesconfluences.fr/notice364713163127029196; https://portail.museedesconfluences.fr/notice300991964311500001; https://portail.museedesconfluences.fr/notice422570168730557670; https://portail.museedesconfluences.fr/notice110887105920588533; https://portail.museedesconfluences.fr/notice127663075430791934; https://portail.museedesconfluences.fr/notice323855616710298088; https://portail.museedesconfluences.fr/notice424094423735254875; https://portail.museedesconfluences.fr/notice251880475510744415; https://portail.museedesconfluences.fr/notice174728093129154784; https://portail.museedesconfluences.fr/notice309171555924674829; https://portail.museedesconfluences.fr/notice252984395228507426; https://portail.museedesconfluences.fr/notice289180511733249593; https://portail.museedesconfluences.fr/notice966508725268178369; https://portail.museedesconfluences.fr/notice132902738119474544; https://portail.museedesconfluences.fr/notice319899014661416467; https://portail.museedesconfluences.fr/notice178192184828906819; https://portail.museedesconfluences.fr/notice419044586341898846; https://portail.museedesconfluences.fr/notice230924284421170893; https://portail.museedesconfluences.fr/notice113319003824170996; https://portail.museedesconfluences.fr/notice364250110010343086; https://portail.museedesconfluences.fr/notice420507390432956772; https://portail.museedesconfluences.fr/notice165293393138598625; https://portail.museedesconfluences.fr/notice275059736132686079; https://portail.museedesconfluences.fr/notice92056201621192742; https://portail.museedesconfluences.fr/notice337982804340261290; https://portail.museedesconfluences.fr/notice101449468342604762; https://portail.museedesconfluences.fr/notice330515600920887552; https://portail.museedesconfluences.fr/notice355279827110944000; https://portail.museedesconfluences.fr/notice210169846120838656; https://portail.museedesconfluences.fr/notice227043622528833539; https://portail.museedesconfluences.fr/notice368418969482535939; https://portail.museedesconfluences.fr/notice195724043637028355; https://portail.museedesconfluences.fr/notice413309543917704196; https://portail.museedesconfluences.fr/notice339120456728969477; https://portail.museedesconfluences.fr/notice382228320932928262; https://portail.museedesconfluences.fr/notice999111203150441734; https://portail.museedesconfluences.fr/notice426804707038707207; https://portail.museedesconfluences.fr/notice282860602528421127; https://portail.museedesconfluences.fr/notice135882111814096138; https://portail.museedesconfluences.fr/notice246249747796113932; https://portail.museedesconfluences.fr/notice364626212137277710; https://portail.museedesconfluences.fr/notice859105618708481806; https://portail.museedesconfluences.fr/notice487528992608314894; https://portail.museedesconfluences.fr/notice147052201768154382; https://portail.museedesconfluences.fr/notice349586925038113550; https://portail.museedesconfluences.fr/notice113671499676245008; https://portail.museedesconfluences.fr/notice319044585726348305; https://portail.museedesconfluences.fr/notice327432744120234770; https://portail.museedesconfluences.fr/notice445256962610924306; https://portail.museedesconfluences.fr/notice670872614227808532; https://portail.museedesconfluences.fr/notice142019577715418644; https://portail.museedesconfluences.fr/notice263638576538062101; https://portail.museedesconfluences.fr/notice242667216225701141; https://portail.museedesconfluences.fr/notice204440019056131350; https://portail.museedesconfluences.fr/notice183274277725711639; https://portail.museedesconfluences.fr/notice280314776939686424; https://portail.museedesconfluences.fr/notice864024361385267225; https://portail.museedesconfluences.fr/notice303030055166362137; https://portail.museedesconfluences.fr/notice168497707717459994; https://portail.museedesconfluences.fr/notice334913425143091482; https://portail.museedesconfluences.fr/notice309000083222631195; https://portail.museedesconfluences.fr/notice135380700443343899; https://portail.museedesconfluences.fr/notice204568712829835292; https://portail.museedesconfluences.fr/notice352320562530305053; https://portail.museedesconfluences.fr/notice964512756113147422; https://portail.museedesconfluences.fr/notice142938057824117790; https://portail.museedesconfluences.fr/notice461085171323551262; https://portail.museedesconfluences.fr/notice112546350313649695; https://portail.museedesconfluences.fr/notice153477615338940703; https://portail.museedesconfluences.fr/notice251970493933854496; https://portail.museedesconfluences.fr/notice133608236141232929; https://portail.museedesconfluences.fr/notice375662152832427555; https://portail.museedesconfluences.fr/notice294716658113949732; https://portail.museedesconfluences.fr/notice101689913793368100; https://portail.museedesconfluences.fr/notice174146330926637604; https://portail.museedesconfluences.fr/notice287969122520755750; https://portail.museedesconfluences.fr/notice894699917426272038; https://portail.museedesconfluences.fr/notice333960586881737511; https://portail.museedesconfluences.fr/notice116169022181469994; https://portail.museedesconfluences.fr/notice362577429142781227; https://portail.museedesconfluences.fr/notice205045616728238891; https://portail.museedesconfluences.fr/notice169080638835731500; https://portail.museedesconfluences.fr/notice289736351340260396; https://portail.museedesconfluences.fr/notice233951613915523629; https://portail.museedesconfluences.fr/notice397136292625950253; https://portail.museedesconfluences.fr/notice293728854279323437; https://portail.museedesconfluences.fr/notice157728943227677486; https://portail.museedesconfluences.fr/notice286210138841031983; https://portail.museedesconfluences.fr/notice347636480421624623; https://portail.museedesconfluences.fr/notice318590487238029104; https://portail.museedesconfluences.fr/notice334505727126596656; https://portail.museedesconfluences.fr/notice250600255815742768; https://portail.museedesconfluences.fr/notice115165495637851441; https://portail.museedesconfluences.fr/notice326343222413600306; https://portail.museedesconfluences.fr/notice428566990539434290; https://portail.museedesconfluences.fr/notice119992931629482803; https://portail.museedesconfluences.fr/notice502246979223006771; https://portail.museedesconfluences.fr/notice305221628719776051; https://portail.museedesconfluences.fr/notice325638590922776117; https://portail.museedesconfluences.fr/notice269028713134336822; https://portail.museedesconfluences.fr/notice992173870207706423; https://portail.museedesconfluences.fr/notice161768966677216056; https://portail.museedesconfluences.fr/notice318033886333954872; https://portail.museedesconfluences.fr/notice303530835238890041; https://portail.museedesconfluences.fr/notice505040757156981818; https://portail.museedesconfluences.fr/notice165595165416756540; https://portail.museedesconfluences.fr/notice170270649745221180; https://portail.museedesconfluences.fr/notice801133014262203710; https://portail.museedesconfluences.fr/notice193090462839972927; https://portail.museedesconfluences.fr/notice129611378976375361; https://portail.museedesconfluences.fr/notice609434445158445889; https://portail.museedesconfluences.fr/notice835345336237011523; https://portail.museedesconfluences.fr/notice115345635478504774; https://portail.museedesconfluences.fr/notice169716962117353543; https://portail.museedesconfluences.fr/notice311389924936510791; https://portail.museedesconfluences.fr/notice740904763266531144; https://portail.museedesconfluences.fr/notice390664991133321033; https://portail.museedesconfluences.fr/notice330177150321336650; https://portail.museedesconfluences.fr/notice316402077235652170; https://portail.museedesconfluences.fr/notice208551888919714378; https://portail.museedesconfluences.fr/notice371008477135326284; https://portail.museedesconfluences.fr/notice204373237825457741; https://portail.museedesconfluences.fr/notice125229943624648527; https://portail.museedesconfluences.fr/notice346715352312401744; https://portail.museedesconfluences.fr/notice362680356617895505; https://portail.museedesconfluences.fr/notice170121857215605842; https://portail.museedesconfluences.fr/notice190550852631443028; https://portail.museedesconfluences.fr/notice261894709328627030; https://portail.museedesconfluences.fr/notice354857034937900887; https://portail.museedesconfluences.fr/notice382902569532542040; https://portail.museedesconfluences.fr/notice154298268021193817; https://portail.museedesconfluences.fr/notice172192672331052635; https://portail.museedesconfluences.fr/notice531090327360555611; https://portail.museedesconfluences.fr/notice182789355024278107; https://portail.museedesconfluences.fr/notice794274893705163100; https://portail.museedesconfluences.fr/notice243207237289165407; https://portail.museedesconfluences.fr/notice782474471167502945; https://portail.museedesconfluences.fr/notice252151007734624865; https://portail.museedesconfluences.fr/notice369569394721860193; https://portail.museedesconfluences.fr/notice236936806039483492; https://portail.museedesconfluences.fr/notice418239001222172261; https://portail.museedesconfluences.fr/notice362882716729206122; https://portail.museedesconfluences.fr/notice129755434654537835; https://portail.museedesconfluences.fr/notice644953643369364843; https://portail.museedesconfluences.fr/notice338231541886344301; https://portail.museedesconfluences.fr/notice289825136932023919; https://portail.museedesconfluences.fr/notice166237745116488560; https://portail.museedesconfluences.fr/notice411221715412430195; https://portail.museedesconfluences.fr/notice839484688157760885; https://portail.museedesconfluences.fr/notice373765871135143798; https://portail.museedesconfluences.fr/notice366987665137256822; https://portail.museedesconfluences.fr/notice269427029613541238; https://portail.museedesconfluences.fr/notice417045225077471863; https://portail.museedesconfluences.fr/notice173781856627357560; https://portail.museedesconfluences.fr/notice121843093938843004; https://portail.museedesconfluences.fr/notice157465343613559164; https://portail.museedesconfluences.fr/notice358968605733969789; https://portail.museedesconfluences.fr/notice241558361757021565; https://portail.museedesconfluences.fr/notice390699659634149502; https://portail.museedesconfluences.fr/notice387723722424977795; https://portail.museedesconfluences.fr/notice840985499189907844; https://portail.museedesconfluences.fr/notice123355671825598852; https://portail.museedesconfluences.fr/notice199430431630809988; https://portail.museedesconfluences.fr/notice280881517122204293; https://portail.museedesconfluences.fr/notice106629407539619720; https://portail.museedesconfluences.fr/notice138657309033476490; https://portail.museedesconfluences.fr/notice421587660284541578; https://portail.museedesconfluences.fr/notice375411844772483723; https://portail.museedesconfluences.fr/notice236972232637649549; https://portail.museedesconfluences.fr/notice212439165128806798; https://portail.museedesconfluences.fr/notice136211428972738190; https://portail.museedesconfluences.fr/notice163103193310546062; https://portail.museedesconfluences.fr/notice846128698779303312; https://portail.museedesconfluences.fr/notice312854435420450449; https://portail.museedesconfluences.fr/notice162591853038145938; https://portail.museedesconfluences.fr/notice320860552841495698; https://portail.museedesconfluences.fr/notice177670238438565269; https://portail.museedesconfluences.fr/notice282755010211440789; https://portail.museedesconfluences.fr/notice306518989025722263; https://portail.museedesconfluences.fr/notice181235708280456599; https://portail.museedesconfluences.fr/notice317324224040561815; https://portail.museedesconfluences.fr/notice267865284419918744; https://portail.museedesconfluences.fr/notice106149156642358169; https://portail.museedesconfluences.fr/notice285334162415813786; https://portail.museedesconfluences.fr/notice151742796121667227; https://portail.museedesconfluences.fr/notice240425709519243167; https://portail.museedesconfluences.fr/notice247506309617502879; https://portail.museedesconfluences.fr/notice269618360243279524; https://portail.museedesconfluences.fr/notice298413296848703396; https://portail.museedesconfluences.fr/notice163481096433817508; https://portail.museedesconfluences.fr/notice142787910511548581; https://portail.museedesconfluences.fr/notice407260572914228646; https://portail.museedesconfluences.fr/notice337078419076255400; https://portail.museedesconfluences.fr/notice265682322810033323; https://portail.museedesconfluences.fr/notice170057331115701934; https://portail.museedesconfluences.fr/notice420456465313270446; https://portail.museedesconfluences.fr/notice343018483850385326; https://portail.museedesconfluences.fr/notice826126439115468463; https://portail.museedesconfluences.fr/notice377510581842142896; https://portail.museedesconfluences.fr/notice218965621728087729; https://portail.museedesconfluences.fr/notice362978043518740658; https://portail.museedesconfluences.fr/notice296850369040194994; https://portail.museedesconfluences.fr/notice252038620517078707; https://portail.museedesconfluences.fr/notice262019377613130933; https://portail.museedesconfluences.fr/notice359978099241013431; https://portail.museedesconfluences.fr/notice139953312628869305; https://portail.museedesconfluences.fr/notice780633309281702841; https://portail.museedesconfluences.fr/notice281583407629935291; https://portail.museedesconfluences.fr/notice349656279736001213; https://portail.museedesconfluences.fr/notice318293073824722365; https://portail.museedesconfluences.fr/notice885748695609680829; https://portail.museedesconfluences.fr/notice547185535379497406; https://portail.museedesconfluences.fr/notice768760858253386176; https://portail.museedesconfluences.fr/notice286231572220654785; https://portail.museedesconfluences.fr/notice149704032525991361; https://portail.museedesconfluences.fr/notice175008374934361540; https://portail.museedesconfluences.fr/notice335317321132967876; https://portail.museedesconfluences.fr/notice362589891535010501; https://portail.museedesconfluences.fr/notice116742568820723143; https://portail.museedesconfluences.fr/notice109097970619573959; https://portail.museedesconfluences.fr/notice151620313035952584; https://portail.museedesconfluences.fr/notice348107715410523336; https://portail.museedesconfluences.fr/notice424651355935354058; https://portail.museedesconfluences.fr/notice274348328226921419; https://portail.museedesconfluences.fr/notice362880955422253003; https://portail.museedesconfluences.fr/notice10767371863239115; https://portail.museedesconfluences.fr/notice247966145937225420; https://portail.museedesconfluences.fr/notice342153775959264204; https://portail.museedesconfluences.fr/notice180844576047286478; https://portail.museedesconfluences.fr/notice300362131329202896; https://portail.museedesconfluences.fr/notice223252034433882576; https://portail.museedesconfluences.fr/notice428998015220054480; https://portail.museedesconfluences.fr/notice239207393320614097; https://portail.museedesconfluences.fr/notice120273457587167445; https://portail.museedesconfluences.fr/notice294898900637638614; https://portail.museedesconfluences.fr/notice258274100523798487; https://portail.museedesconfluences.fr/notice102347539165709273; https://portail.museedesconfluences.fr/notice211442575256294876; https://portail.museedesconfluences.fr/notice470086170214133724; https://portail.museedesconfluences.fr/notice90443424402784478; https://portail.museedesconfluences.fr/notice299215783824324318; https://portail.museedesconfluences.fr/notice323470478624782047; https://portail.museedesconfluences.fr/notice306497166728798177; https://portail.museedesconfluences.fr/notice743647201800497378; https://portail.museedesconfluences.fr/notice144193500725371875; https://portail.museedesconfluences.fr/notice197267192135335911; https://portail.museedesconfluences.fr/notice341298959232662503; https://portail.museedesconfluences.fr/notice140644421319356392; https://portail.museedesconfluences.fr/notice150876197319918824; https://portail.museedesconfluences.fr/notice121188636815330025; https://portail.museedesconfluences.fr/notice187239909433292521; https://portail.museedesconfluences.fr/notice670801801273137641; https://portail.museedesconfluences.fr/notice198499427412887275; https://portail.museedesconfluences.fr/notice280126599318167275; https://portail.museedesconfluences.fr/notice265161457313719788; https://portail.museedesconfluences.fr/notice380269378638241261; https://portail.museedesconfluences.fr/notice202809575341855471; https://portail.museedesconfluences.fr/notice117808650927679216; https://portail.museedesconfluences.fr/notice265189209623903732; https://portail.museedesconfluences.fr/notice266248935310744564; https://portail.museedesconfluences.fr/notice315972599727844084; https://portail.museedesconfluences.fr/notice334945456662247668; https://portail.museedesconfluences.fr/notice321739214438374389; https://portail.museedesconfluences.fr/notice137619814910312949; https://portail.museedesconfluences.fr/notice399870171741824759; https://portail.museedesconfluences.fr/notice7550905321764855; https://portail.museedesconfluences.fr/notice309624855515947259; https://portail.museedesconfluences.fr/notice427274630624701182; https://portail.museedesconfluences.fr/notice375301061549116927; https://portail.museedesconfluences.fr/notice967274571468097945; https://portail.museedesconfluences.fr/notice331305545422555104,"Lortet & Gaillard, La faune momifiée de l'ancienne Égypte (Archives du Muséum d'histoire naturelle de Lyon 8-10, 1903-1909); Nicolotti & Robert 1994, Nouv. Arch. Mus. Hist. Nat. Lyon 32: 4-62 | Lortet & Gaillard 1903-1909; Nicolotti & Robert 1992 and 1994; Porcier et al. 2019; Richardin et al. 2017 | Nicolotti, M. & Robert, L. 1994. Les crocodiles momifiés du muséum de Lyon. Nouvelles archives du Muséum d'histoire naturelle de Lyon 32: 4-62",YES,"Photos © Musée des Confluences (photographers named per record); portal: download for private, non-commercial use without modification; portal links CC BY-NC-ND 4.0 | © Musée des Confluences  - Olivier Garcin (portal: download for private non-commercial use; site links CC BY-NC-ND 4.0) | © Musée des Confluences (portal: download for private non-commercial use; site links CC BY-NC-ND 4.0) | © Musée des Confluences  - Patrick Ageneau (portal: download for private non-commercial use; site links CC BY-NC-ND 4.0) | © Musée des Confluences  - Didier Berthet (portal: download for private non-commercial use; site links CC BY-NC-ND 4.0) | © Musée des Confluences  - Pierre-Olivier Deschamps (portal: download for private non-commercial use; site links CC BY-NC-ND 4.0)",NO,NO,CONFIRMED,2026-09-24,"Only 36 of 297 crocodile records have an online photo. Crocodile mummies from Kom Ombo (Lortet excavations 1907), Esna (Maspero gift 1900/1901), Roda, Saqqara (teeth). MAHES programme (Porcier et al.) studies the collection. | Largest crocodile-mummy collection outside Egypt. france agent to check DB. | Largest crocodile-mummy holding outside Egypt; main Kom Ombo and Esna destination (Lortet & Gaillard, with Maspero, 1897-1909). collections.museedesconfluences.fr failed TLS verification via proxy; France agent should check DB.",Musée des Confluences (ex-Muséum d'histoire naturelle de Lyon; Lortet & Gaillard animal mummy collection); Musée des Confluences (formerly Muséum d'histoire naturelle de Lyon / Musée Guimet d'histoire naturelle); Musée des Confluences (ex-Muséum d'histoire naturelle de Lyon),310,310,"UNKNOWN (crocodile-specific count not stated; portal search 'crocodile' 2026-09-24 yields 297 Egyptian crocodile mummy/part records: 197 'Bébé crocodile momifié', 25 'Momie de crocodile', 18 'Momie de jeune crocodile', 22 'amas de bébés crocodiles', heads/skulls/fragments/tail/leg/teeth, 2 eggs, 1 embryo, 1 'simulacre') (Official page museedesconfluences.fr/fr/le-musee/actualites/la-collection-de-momies-animales-egypte (24 Jan 2024): 'près de 2 500 momies animales' in total, crocodiles among species) [france] | c. 300 (De Cupere et al. 2023 PLOS ONE e0279137, citing Nicolotti & Robert 1994 (80% juveniles, 10% complete larger 50-350 cm, 10% heads/skulls/jaws)) [literature] | 303 crocodile mummies (Hertzog et al. 2023); '300 or so' (De Cupere et al. 2023) (Hertzog et al. 2023 (HAL hal-04503931): collection comprises 303 crocodile mummies, most from Esna; De Cupere et al. 2023 PLoS ONE e0279137) [toponyms]",UNKNOWN,UNKNOWN,france;literature;toponyms
INST-FR-003,Musée du Louvre,Paris,FR,https://collections.louvre.fr/,YES,7,"Search/export endpoints blocked (429 WADP bot challenge) so enumeration incomplete: Champollion 1827 B.239-241 (third item), 'N 2901 ter' (Pubblico 2025, species not stated), other Guimet-transfer fragments; Louvre dépôts in regional museums (longTermLoanTo field).",N 2900; N 2901; N 2902; E 5832; E 2545 (coffin with croc head); E 21358 (head fragment); E 2545; E 21358; AF 2053,OFFICIAL_DB; OFFICIAL_API,https://collections.louvre.fr/ark:/53355/cl010028295; https://collections.louvre.fr/ark:/53355/cl010024577; https://collections.louvre.fr/ark:/53355/cl010014020; https://collections.louvre.fr/ark:/53355/cl010015120; https://collections.louvre.fr/ark:/53355/cl010008099; https://collections.louvre.fr/ark:/53355/cl010371654; https://collections.louvre.fr/ark:/53355/cl010015094,"Guichard (dir.) 2014, Des animaux et des pharaons, n° 346-347",YES,"© Musée du Louvre, Dist. GrandPalaisRmn / photographer (per record) | © 2024 Musée du Louvre, Dist. GrandPalaisRmn / Hervé Lewandowski | © 2010 Musée du Louvre, Dist. GrandPalaisRmn / Christian Décamps | © 2014 Musée du Louvre, Dist. GrandPalaisRmn / Benjamin Soligny | © 2014 Musée du Louvre, Dist. GrandPalaisRmn / Hervé Lewandowski | © 2013 Musée du Louvre / Département des Antiquités égyptiennes | © 2024 GrandPalaisRmn (musée du Louvre) / Hervé Lewandowski",YES,UNKNOWN,CONFIRMED,2026-09-24,UNKNOWN,"Musée du Louvre, Département des Antiquités égyptiennes",7,7,UNKNOWN,append .json to ark URL,UNKNOWN,france
INST-FR-008,musée municipal,Sens,FR,UNKNOWN,YES,1,UNKNOWN,2014.0.ARC.138,NATIONAL_PORTAL,https://pop.culture.gouv.fr/notice/joconde/01890015528,UNKNOWN,UNKNOWN,UNKNOWN (Joconde 'Presence_image': oui),UNKNOWN,UNKNOWN,CONFIRMED,2026-09-24,UNKNOWN,UNKNOWN,1,1,UNKNOWN,UNKNOWN,UNKNOWN,france
INST-FR-009,Musée municipal de Sens,Sens,FR,https://pop.culture.gouv.fr/notice/joconde/01890015528,YES,1,UNKNOWN,2014.0.ARC.138,NATIONAL_PORTAL,https://pop.culture.gouv.fr/notice/joconde/01890015528,UNKNOWN,UNKNOWN,UNKNOWN,YES,UNKNOWN,CONFIRMED,2026-09-24,UNKNOWN,musée municipal (Sens),0,0,1 (Joconde export (partial pass)) [france],Joconde CSV export,UNKNOWN,france
INST-FR-010,Muséum-Aquarium de Nancy,Nancy,FR,https://pop.culture.gouv.fr/notice/joconde/000AE022279,YES,1,UNKNOWN,N 2902 (as printed in Joconde); N 2902,NATIONAL_PORTAL,https://pop.culture.gouv.fr/notice/joconde/000AE022279,UNKNOWN,UNKNOWN,UNKNOWN (Joconde 'Presence_image': non),YES,UNKNOWN,CONFIRMED,2026-09-24,Record ref prefix 000AE (Louvre Egyptian dept. series) and inventory 'N 2902' identical to a Louvre crocodile mummy on display in Paris: probably a Louvre dépôt record or data error - needs checking on POP.,UNKNOWN,1,1,1 (Joconde export (partial pass)) [france],Joconde CSV export,UNKNOWN,france
INST-FR-011,muséum Emmanuel-Liais,Cherbourg-en-Cotentin,FR,https://pop.culture.gouv.fr/notice/joconde/06780001908,YES,3,UNKNOWN,MEL 2006.0.224; MEL 2006.0.225; MEL 2006.0.226,NATIONAL_PORTAL,https://pop.culture.gouv.fr/notice/joconde/06780001908; https://pop.culture.gouv.fr/notice/joconde/06780001916; https://pop.culture.gouv.fr/notice/joconde/06780001912,UNKNOWN,UNKNOWN,POP notice 06780001908: '© Daniel Sohier - utilisation soumise à autorisation' | UNKNOWN (Joconde 'Presence_image': oui),YES,NO,CONFIRMED,2026-09-24,Juvenile crocodile mummies from 'Grottes du Samoun'; Asselin collection catalogue no. 33-1-7.,muséum Emmanuel-Liais,3,3,"3 (Joconde records with denomination 'momie de crocodile') (Joconde open-data export (partial pass, ~1M of the file's lines) 2026-09-24) [france]",Joconde CSV https://ministere-culture.s3.sbg.io.cloud.ovh.net/POP/joconde.csv,UNKNOWN,france
INST-FR-004,Muséum national d'Histoire naturelle (MNHN),Paris,FR,https://science.mnhn.fr/institution/mnhn/collection/ra/item/search (403 Cloudflare to scripted access); data via GBIF dataset 217b0d4f-c87e-4063-b6c5-78277e40e866 (DOI 10.15468/whdzq3); https://science.mnhn.fr/institution/mnhn/collection/ra/item/search; GBIF dataset 217b0d4f-c87e-4063-b6c5-78277e40e866,YES,25,"RA 1886.445 (C. niloticus, 'Haute Égypte', 1886-10-16; MNHN photo shows a dark desiccated juvenile stored in the same cabinet range 'Cr 56-59' as the mummies; not described as mummy); RA 0.2156 'Crocodilus vulgaris', Égypte, 'Joannis et Jorès' (no photo); RA 0.7504/0.7545/0.7546 'Nil' (no photo). MNHN anatomie comparée (AC) crocodilian holdings are not published to GBIF and were not checked (science.mnhn.fr blocked). | Other MNHN collections (Anatomie comparée, older Geoffroy Saint-Hilaire / Expédition d'Égypte material) not checked because science.mnhn.fr returns Cloudflare 403; GBIF RA dataset shows 13 Egyptian crocodile lots with sepulchral localities (Thèbes, Samoun, Kom Ombo). | Geoffroy Saint-Hilaire's Napoleonic-expedition crocodile mummies (type material of C. suchus, Thebes, Description de l'Égypte pl. 55?) - verify",RA 1901.214; 1901.215; 1986.1471; 1986.1472; 1986.1473; 1986.1474; 1986.1475; 1986.1476; 1986.1477; 1986.1478; 1986.1480; MNHN-RA-1886.445; 1901.214; 1986.1479; MNHN-RA-1986.1471; 1986.148; MNHN-RA-1901.214; MNHN-RA-1901.215; MNHN-RA-1986.1472; MNHN-RA-1986.1473; MNHN-RA-1986.1474; MNHN-RA-1986.1475; MNHN-RA-1986.1476; MNHN-RA-1986.1477; MNHN-RA-1986.1478; MNHN-RA-1986.1479; MNHN-RA-1986.1480; MNHN-RA-1986.148,OFFICIAL_API; NATIONAL_PORTAL; PEER_REVIEWED,"https://api.gbif.org/v1/occurrence/440106623; https://api.gbif.org/v1/occurrence/440072655; https://api.gbif.org/v1/occurrence/440125370/verbatim; https://search.idigbio.org/v2/view/records/bbf19b37-6ae0-4114-a6de-057871ceffed; https://par.nsf.gov/servlets/purl/10511480 (Hekkala et al. 2022, Table 1); https://api.gbif.org/v1/occurrence/search?datasetKey=217b0d4f-c87e-4063-b6c5-78277e40e866&familyKey=5685&country=EG; https://par.nsf.gov/servlets/purl/10511480; https://api.gbif.org/v1/occurrence/440106623/verbatim; https://api.gbif.org/v1/occurrence/440049837; https://api.gbif.org/v1/occurrence/440049837/verbatim; https://search.idigbio.org/v2/view/records/a5c66783-b123-43ed-9d27-de275d7e171d; https://api.gbif.org/v1/occurrence/440087740; https://api.gbif.org/v1/occurrence/440087740/verbatim; https://search.idigbio.org/v2/view/records/9c6671d0-f7b8-4830-b4d1-cffb27513557; https://api.gbif.org/v1/occurrence/440143906; https://api.gbif.org/v1/occurrence/440143906/verbatim; https://search.idigbio.org/v2/view/records/67dcdc95-9629-4c01-9a02-8b82968f87cc; https://api.gbif.org/v1/occurrence/440030979; https://api.gbif.org/v1/occurrence/440030979/verbatim; https://search.idigbio.org/v2/view/records/11a98c08-3172-4fb2-bd18-ceb691f9a2b7; https://api.gbif.org/v1/occurrence/440049838; https://api.gbif.org/v1/occurrence/440049838/verbatim; https://search.idigbio.org/v2/view/records/055ced73-8383-43f9-8187-5c0cf8e48c0e; https://api.gbif.org/v1/occurrence/440030980; https://api.gbif.org/v1/occurrence/440030980/verbatim; https://search.idigbio.org/v2/view/records/9348164d-e860-4ffe-8e0b-b18002408cf8; https://api.gbif.org/v1/occurrence/440068809; https://api.gbif.org/v1/occurrence/440068809/verbatim; https://search.idigbio.org/v2/view/records/25465862-c2ca-4390-be8e-c9559ce4b2e6; https://api.gbif.org/v1/occurrence/440125370; https://search.idigbio.org/v2/view/records/48fb3850-c7f4-4a72-aac7-7069d672e9c9; https://api.gbif.org/v1/occurrence/440072655/verbatim; https://api.gbif.org/v1/occurrence/440053775; https://api.gbif.org/v1/occurrence/440053775/verbatim; https://www.gbif.org/occurrence/440091737; http://coldb.mnhn.fr/catalognumber/mnhn/ra/1886.445; https://www.gbif.org/occurrence/440072655; http://coldb.mnhn.fr/catalognumber/mnhn/ra/1901.214; https://www.gbif.org/occurrence/440053775; http://coldb.mnhn.fr/catalognumber/mnhn/ra/1901.215; https://www.gbif.org/occurrence/440106623; http://coldb.mnhn.fr/catalognumber/mnhn/ra/1986.1471; https://www.gbif.org/occurrence/440049837; http://coldb.mnhn.fr/catalognumber/mnhn/ra/1986.1472; https://www.gbif.org/occurrence/440087740; http://coldb.mnhn.fr/catalognumber/mnhn/ra/1986.1473; https://www.gbif.org/occurrence/440143906; http://coldb.mnhn.fr/catalognumber/mnhn/ra/1986.1474; https://www.gbif.org/occurrence/440030979; http://coldb.mnhn.fr/catalognumber/mnhn/ra/1986.1475; https://www.gbif.org/occurrence/440049838; http://coldb.mnhn.fr/catalognumber/mnhn/ra/1986.1476; https://www.gbif.org/occurrence/440030980; http://coldb.mnhn.fr/catalognumber/mnhn/ra/1986.1477; https://www.gbif.org/occurrence/440068809; http://coldb.mnhn.fr/catalognumber/mnhn/ra/1986.1478; https://www.gbif.org/occurrence/440125370; http://coldb.mnhn.fr/catalognumber/mnhn/ra/1986.1480",Hekkala et al. 2011 (Molecular Ecology) and 2022 (Bull. Peabody Mus. Nat. Hist. 63(1):3-14) | Hekkala et al. 2011; 2022 Table 1,YES,"cc-by-nc-nd (images, per GBIF multimedia extension; photographer Laure Pierre); dataset CC BY 4.0 | CC BY-NC-ND 4.0 (photos Laure Pierre, per GBIF media records) | cc-by-nc-nd (per GBIF multimedia extension); photographer Laure Pierre | CC BY-NC-ND 4.0 (Laure Pierre / MNHN)",YES,UNKNOWN,CONFIRMED,2026-09-24,"Herpetology (Reptiles & Amphibiens, RA) collection. 11 catalogue numbers of crocodile mummies from 'Grottes sepulcrales de Thebes' (1986.1471-1474), 'Grotte de Samoun' (1986.1475-1478, 1986.1480; photographed labels 'Momies de jeunes Crocodiles (de la Grotte de Samoun)' and '2 individus mutilés - momifiés en groupe ... par M. Pariset') and 'Sépultures de Comnunbo' [Kom Ombo] (1901.214-215; label 'Momies des sépultures de Communbo', 'Egypte : Chantre'). Some numbers cover several individuals. Found via scripted GBIF/iDigBio sweep by agent biodiversity. | science.mnhn.fr item pages and mediaphoto.mnhn.fr return 403 (Cloudflare); images viewed via GBIF image cache. Specimen photos show original labels: 'Momies des sépultures de Communbo' (Chantre) and 'Momies de jeunes Crocodiles (de la Grotte de Samoun) Égypte par M. Gervais'. | Reptile collection (RA). france agent to check MNHN science.mnhn.fr collection DB","Muséum national d'Histoire naturelle; Muséum national d'Histoire naturelle, collection Reptiles et Amphibiens (RA), Paris",25,25,UNKNOWN,https://api.gbif.org/v1/occurrence/search?datasetKey=217b0d4f-c87e-4063-b6c5-78277e40e866&taxonKey=11493978&country=EG; https://api.gbif.org/v1/occurrence/search?datasetKey=217b0d4f-c87e-4063-b6c5-78277e40e866,UNKNOWN,biodiversity;france;literature
INST-GB-001,Birmingham Museum and Art Gallery,Birmingham,GB,https://dams.birminghammuseums.org.uk/assetbank-birminghammuseums/,YES,1,"Bio Bank blog (2016-05-10) says Birmingham sent ten animal mummies for scanning, incl. the 2.1 m crocodile and six Sacred Animal Necropolis (Saqqara) mummies; other crocodiles not indicated.",2005.335,OFFICIAL_WEBPAGE; PEER_REVIEWED,https://www.manchester.ac.uk/about/news/crocs-deadly-last-meal-in-ancient-egypt-unearthed/; https://www.manchester.ac.uk/about/news/how-the-last-meal-of-a-3000-year-old-egyptian-crocodile-was-brought-back-to-life-using-modern-science/; https://doi.org/10.1016/j.daach.2024.e00356,"McKnight, Bibb & Cooper 2024 (DAACH 34: e00356)",YES,DAMS images of other objects: 'Creative Commons 0 - Public Domain' (no crocodile mummy asset found),UNKNOWN,UNKNOWN,CONFIRMED,2026-09-24,"www.birminghammuseums.org.uk (incl. search) returns 403 to curl/WebFetch. DAMS keyword searches 'crocodile' (only cippus of Horus etc.), 'crocodile mummy' (0), 'Sobek' (0), '2005.335' (0), 'mummy' (11, no animal mummies).",Birmingham Museum & Art Gallery (Birmingham Museums Trust),1,1,UNKNOWN,UNKNOWN,UNKNOWN,uk_north
INST-GB-002,Bolton Museum,Bolton,GB,http://boltonsegypt.co.uk/,YES,15,Online DB search is full-text; records titled only 'animal mummy'/'mummified animal' without the word crocodile could hide further crocodiles. Bio Bank blog: Bolton animal mummies X-rayed at University of York 1999/2000 (McKnight).,BOLMG:1911.58.14; BOLMG:1983.1.46; BOLMG:1983.1.65; BOLMG:1983.1.70; BOLMG:1983.1.77.1; BOLMG:1983.1.77.2; BOLMG:1983.1.77.3; BOLMG:1983.1.95; BOLMG:1983.1.96; BOLMG:1983.1.147; BOLMG:1983.1.278.1; BOLMG:1983.1.278.2; BOLMG:1983.1.301; INV:16878; AEABB095 (bird bundle with crocodile remains),OFFICIAL_DB; PEER_REVIEWED,http://boltonsegypt.co.uk/?s=crocodile&post_type=object; https://www.boltonlams.co.uk/homepage/78/egyptology; https://doi.org/10.12697/poa.2014.23.1.01; http://boltonsegypt.co.uk/object/ancient-egyptian-mummified-crocodile-dated-332-30-bc/; http://boltonsegypt.co.uk/object/ancient-egyptian-mummified-crocodile-6/; http://boltonsegypt.co.uk/object/ancient-egyptian-mummified-crocodile-4/; http://boltonsegypt.co.uk/object/ancient-egyptian-mummified-crocodile-5/; http://boltonsegypt.co.uk/object/ancient-egyptian-mummified-crocodile-dated-664-332-bc/; http://boltonsegypt.co.uk/object/ancient-egyptian-mummified-crocodile-3/; http://boltonsegypt.co.uk/object/ancient-egyptian-mummified-crocodile-2/; http://boltonsegypt.co.uk/object/ancient-egyptian-crocodile-mummy-dated-332-30-bc/; http://boltonsegypt.co.uk/object/ancient-egyptian-crocodile-mummy-from-kom-ombo-aswan-dated-332-30-bc/; http://boltonsegypt.co.uk/object/ancient-egyptian-crocodile-mummy-from-kom-ombo-aswan-dated-332-30-bc-2/; http://boltonsegypt.co.uk/object/ancient-egyptian-crocodile-mummy-from-kom-ombo-aswan-dated-332-30-bc-3/; http://boltonsegypt.co.uk/object/ancient-egyptian-mummified-crocodile/; http://boltonsegypt.co.uk/object/ancient-egyptian-mummified-crocodile-from-memphis/; http://boltonsegypt.co.uk/object/ancient-egyptian-mummified-crocodile-from-hawara-dated-664-332-bc/,McKnight 2010 (BAR IS 2175) probably includes Bolton radiographs,YES,UNKNOWN (no licence statement found on boltonsegypt.co.uk object pages),NO,NO,CONFIRMED,2026-09-24,"14 crocodile mummies in the online DB (search 'crocodile' 24 hits, of which 14 crocodile mummies; others amulets, cippi, lantern slide, sticks BOLMG:1983.1.77.4 associated with Kom Ombo hatchlings). Provenances given: Kom Ombo (3 hatchlings, 'from a tomb near Kom Ombo'), Memphis (1983.1.95), Hawara (INV:16878). Scrape script: work/agents/uk_north/scripts/bolton_scrape.py; raw output raw/bolton_objects.jsonl.",Bolton Museum (Bolton Library and Museum Services),15,15,UNKNOWN,UNKNOWN,UNKNOWN,uk_north
INST-GB-003,Bristol Museum & Art Gallery,Bristol,GB,https://museums.bristol.gov.uk/; https://collections.bristolmuseums.org.uk/,NO,0,"Other Bristol search hits co-listed with crocodile/mummy queries: museums.bristol.gov.uk details.php?irn=120108, 80239, 187329, 80562 (content unread)",H3034 (from search snippet only); H3034,SECONDARY,https://museums.bristol.gov.uk/details.php?irn=82205 (not openable: curl TLS 'unable to get local issuer certificate' via proxy; WebFetch 503; no Wayback copy),UNKNOWN,UNKNOWN,UNKNOWN,UNKNOWN,UNKNOWN,UNVERIFIED,2026-09-24,"WebSearch snippets (2 queries) quote the official record: mummified crocodile H3034, 'dried body of baby crocodile with its legs tucked into its body, head loose, some of the tail broken off', Stobart collection, given by Miss C. Stobart & Mrs R. Harvey 1927. Upgrade once the page opens.",UNKNOWN,1,0,UNKNOWN,UNKNOWN,UNKNOWN,uk_south
INST-GB-004,British Museum,London,GB,https://www.britishmuseum.org/collection,YES,4,"Baber 2019 lists BM EA35730-2, EA6836-7, EA6847-9, EA35765 as mummies from the Maabdeh (crocodile) pits - species not stated; the 1895 letter says the de Morgan crocodiles 'far surpass those which are already in the Museum' (i.e. BM held other crocodile mummies before 1895) | EA6850 (bundle of small crocodile mummies; search snippet only). BM 'Divine creatures' project (Sept 2024-Mar 2027) is X-raying the whole animal-mummy collection - further crocodile mummies likely. Search hits EA20764, EA6768, EA6813 (co-listed with 'crocodile' queries) unverified; EA65795 checked = cat container (not crocodile).",EA 38562; EA38562; EA37347; EA35752; EA6848; EA6850 (unverified); EA 37347; EA6850,MONOGRAPH; PEER_REVIEWED; OFFICIAL_WEBPAGE; OFFICIAL_DB; SECONDARY,https://www.sidestone.com/openaccess/9789088907722.pdf; https://journals.plos.org/plosone/article?id=10.1371/journal.pone.0279137; https://britishmuseum.iro.bl.uk/concern/book_contributions/c305a66a-306f-4309-8acf-27d239b66491; http://web.archive.org/web/20251011193206/https://www.britishmuseum.org/collection/object/Y_EA38562; http://web.archive.org/web/20241003171010/https://www.britishmuseum.org/collection/object/Y_EA37347; http://web.archive.org/web/20240127214129/https://www.britishmuseum.org/collection/object/Y_EA35752; http://web.archive.org/web/20250925152127/https://www.britishmuseum.org/research/projects/divine-creatures-animal-mummies-ancient-egypt; https://www.britishmuseum.org/sites/default/files/2024-11/Animal_mummies_from_beliefs_to_practice_abstracts.pdf; https://www.britishmuseum.org/sites/default/files/2020-06/British-Museum_Egypt_Sudan_Newsletter3_2016.pdf; https://www.britishmuseum.org/collection/object/Y_EA38562 (403 blocked for this agent); https://www.britishmuseum.org/collection/object/Y_EA38562 (live page 403 Cloudflare; read via http://web.archive.org/web/20251011193206/https://www.britishmuseum.org/collection/object/Y_EA38562); https://www.britishmuseum.org/collection/object/Y_EA37347 (live 403; read via http://web.archive.org/web/20241003171010/https://www.britishmuseum.org/collection/object/Y_EA37347); https://www.britishmuseum.org/collection/object/Y_EA35752 (live 403; read via http://web.archive.org/web/20240127214129/https://www.britishmuseum.org/collection/object/Y_EA35752); https://www.britishmuseum.org/collection/object/Y_EA6848 (403; not archived),Anderson & Antoine 2019; Budge 1904 Guide to the Third and Fourth Egyptian Rooms,YES,UNKNOWN (BM images normally CC BY-NC-SA 4.0 but not verified this session),NO,UNKNOWN,CONFIRMED,2026-09-24,"literature agent record; uk_south agent to check official DB | Recorded via Kom Ombo reverse lookup (EA 38562, Kom Ombo, de Morgan excavation). BM collection online returned 403 (Cloudflare) to curl and WebFetch; uk_south agent should query full BM holdings. | Live Collection Online returns 403 (Cloudflare challenge) to curl and WebFetch; object data read from Wayback archived copies of the official pages. A full keyword search of the BM DB was not possible - holdings list is therefore incomplete; recommend manual browser search 'crocodile' + object type 'animal mummy'.",UNKNOWN,5,4,UNKNOWN (crocodiles among c. 400-500 animal mummies; no crocodile total stated) (BM project page 'Divine creatures' (c. 500 animal mummies incl. crocodiles); BM 2024 colloquium abstracts (c. 400 animal mummies)) [uk_south],UNKNOWN,UNKNOWN,literature;toponyms;uk_south
INST-GB-012,Cuming Museum (Southwark Heritage),London,GB,https://heritage.southwark.gov.uk/,YES,1,"C07374 'Mummy': glass bottle containing bitumen from a mummified crocodile (embalming-material sample, 60 x 26 x 26 mm) https://heritage.southwark.gov.uk/objects/9270/mummy",C00405,OFFICIAL_DB,https://heritage.southwark.gov.uk/objects/9728/mummy; https://heritage.southwark.gov.uk/objects/9270/mummy,UNKNOWN,YES,Copyright © Southwark Heritage | Copyright © Southwark Heritage (no licence stated),NO,UNKNOWN,CONFIRMED,2026-09-24,"Cuming Museum building closed after 2013 fire; collection managed by Southwark Heritage. eMuseum keyword 'crocodile' and 'Sobek' return 0 (description not indexed); 'mummy' returns 14 (incl. ibis C07377, hawk C14079, mummia C00465).",UNKNOWN,1,1,UNKNOWN,UNKNOWN,UNKNOWN,uk_south
INST-GB-013,Fitzwilliam Museum,Cambridge,GB,https://data.fitzmuseum.cam.ac.uk/,YES,2,UNKNOWN,E.1.1894; E.70.1911 (pseudo-mummy); E.70.1911,OFFICIAL_DB; OFFICIAL_API,https://data.fitzmuseum.cam.ac.uk/id/object/49399; https://data.fitzmuseum.cam.ac.uk/id/object/51297; https://data.fitzmuseum.cam.ac.uk/search/results?query=crocodile+mummy&operator=AND,'Roman Egyptomania' pp. 160-161 cited for E.1.1894,YES,The low-resolution images published on this Website are made available under a Creative Commons Attribution licence (CC BY-NC-ND); metadata CC0 | Low-resolution images: Creative Commons CC BY-NC-ND (site terms 'Images: CC-BY-NC-ND'); metadata CC0 | Low-resolution images: Creative Commons CC BY-NC-ND (site terms); metadata CC0,YES,UNKNOWN,CONFIRMED,2026-09-24,"8 queries (crocodile mummy, mummified crocodile, reptile mummy, animal mummy, crocodile [177 hits, titles screened], Sobek, crocodile egg, Kom Ombo). E.1.1894 transferred from University Museum of Zoology, Cambridge (1894) — lead for the Museum of Zoology.",UNKNOWN,2,2,UNKNOWN,https://data.fitzmuseum.cam.ac.uk/id/object/<priref>?format=json,UNKNOWN,portals_world
INST-GB-014,Glasgow Museums (Glasgow Life),Glasgow,GB,https://collections.glasgowmuseums.com/,YES,2,"Keyword 'crocodile' = 125 results (106 objects, 16 natural history) - only the 'crocodile mummy'/'mummified crocodile' subsets checked; objects titled e.g. 'animal mummy' not checked.","1902.116.bi; 1904.14.ax.1; 1904.14.ax.[2]; (plus 2 further 'crocodile tooth' records, ids 109383, 109384, not opened)",OFFICIAL_DB,https://collections.glasgowmuseums.com/mwebcgi/mweb?request=record; id=67307; type=101; id=109381; id=109382,UNKNOWN,UNKNOWN,UNKNOWN,NO,NO,CONFIRMED,2026-09-24,mweb requires cookies set by a JS stub; scripts/glasgow_mweb.py and glasgow_record.py reproduce the search.,Glasgow Museums (Kelvingrove / Glasgow Museums Resource Centre),2,2,UNKNOWN,UNKNOWN,UNKNOWN,uk_north
INST-GB-005,Manchester Museum,Manchester,GB,https://museumcollections.manchester.ac.uk/,YES,3,"'MM9, 1772' crocodile (provenance unknown) cited by Porcier et al. 2019 JAS from McKnight et al. 2015b; Atherton-Woolham 2015 Hawara crocodiles | Curator blog (egyptmanchester.wordpress.com, 16 July 2015) states 'the Manchester collection contains several crocodile mummies' from Petrie's Hawara excavations 1888-89 and illustrates 'EA 19/2' baby crocodile; blog 30 June 2012 reports CT of a crocodile mummy with a blow to the head; search snippet of McKnight et al. 2024 cites Manchester crocodile Accession no. 1772; blog 2025 notes Garnett brothers donated 'a crocodile (possibly mummified)' with Asru to the Manchester Natural History Society. Atherton-Woolham 2015 (CRE 2014) on Hawara crocodiles not accessible.","7892; 12008 (cited MM_7892, MM_12008); AEABB071 (Bio Bank ref.); 1772 (unverified); EA 19/2 (unverified); 12008; 1772; EA 19/2",PEER_REVIEWED; SECONDARY,https://mdpi-res.com/d_attachment/heritage/heritage-08-00415/article_deploy/heritage-08-00415.pdf; https://hal.science/hal-03487884/document; https://doi.org/10.12697/poa.2014.23.1.01; https://egyptmanchester.wordpress.com/2015/07/16/investigating-animal-mummies-i-crocodiles-at-hawara/; https://egyptmanchester.wordpress.com/2012/06/30/curators-diary-30612-ct-scanning-asru-and-a-crocodile-mummy/,McKnight 2010 BAR IS 2175; McKnight & Atherton-Woolham 2015 Gifts for the Gods | McKnight 2010 (BAR IS 2175); Atherton-Woolham 2015 (CRE 2014: 181-193); McKnight & Atherton-Woolham (eds) 2015 Gifts for the Gods (Liverpool UP),YES,UNKNOWN,UNKNOWN,UNKNOWN,CONFIRMED,2026-09-24,"uk_north agent | Official collection DB museumcollections.manchester.ac.uk is behind a Cloudflare challenge (403 for curl and WebFetch) - could not search it. Main site search (www.museum.manchester.ac.uk/search?q=crocodile) only returns the 'Gifts for the Gods' exhibition page mentioning crocodile mummies generically. Home institution of the Ancient Egyptian Animal Bio Bank; 'Gifts for the Gods' exhibition 2015-16 (then Kelvingrove Glasgow 2016, World Museum Liverpool 2016-17).",Manchester Museum (The University of Manchester),5,3,UNKNOWN,UNKNOWN,UNKNOWN,literature;uk_north
INST-GB-007,"Natural History Museum, London (NHMUK)",London,GB,https://data.nhm.ac.uk/dataset/collection-specimens; https://data.nhm.ac.uk/,YES,1,"Skulls only (not described as mummified): 1911.8.15.1 (Hawara, Fayum; donor 'F Petrie'), 1889.9.20.1 (Lower Egypt; Petrie). Mounted skin 2021.6412 (Egypt; Sir John Gardner Wilkinson). Other Egyptian C. niloticus: 1851.7.17.16, 1865.3.16.3, 1869.6.29.1-2, 1920.3.19.1, 1977.445, 2021.6410 (no mummy indication). | Petrie's Hawara crocodile material in LS Reptiles: 1976.290, 1976.291 (skull, partial skin, loose teeth, Hawara, Fayum), 1911.8.15.1 (skull, Hawara), 1889.9.20.1 (skull, Lower Egypt) - partial skin suggests mummy-derived remains, but records do not say mummified. Also c. 60 Egyptian bird mummies (not relevant).","1977.448 (mummified, no data); 1976.290 and 1976.291 (Hawara, Petrie; skull, partial skin, loose teeth); 1977.448 (mummified Crocodylus niloticus); 1977.448; 1976.290; 1976.291",OFFICIAL_API; NATIONAL_PORTAL; MONOGRAPH; OFFICIAL_DB,https://data.nhm.ac.uk/api/3/action/datastore_search?resource_id=05ff2255-c38a-40c9-b657-4ccb55ab2feb&q=mummified&limit=5; https://data.nhm.ac.uk/api/3/action/datastore_search?resource_id=05ff2255-c38a-40c9-b657-4ccb55ab2feb&filters=%7B%22catalogNumber%22%3A%221976.290%22%7D; https://www.sidestone.com/openaccess/9789088907722.pdf; https://data.nhm.ac.uk/object/bedf285f-432f-470d-87ef-613b66fe8bcb; https://data.nhm.ac.uk/api/3/action/datastore_search?resource_id=05ff2255-c38a-40c9-b657-4ccb55ab2feb&q=Crocodylus%20niloticus,Whitehead & Keates 1981 The British Museum (Natural History) p. 73; Anderson & Antoine 2019 p. 32,NO,UNKNOWN,YES,UNKNOWN,CONFIRMED,2026-09-24,Zoology (LS Reptiles) holdings only; Egyptological crocodile mummies at the British Museum are a separate institution. 1977.448 is explicitly 'mummified' but lacks locality; Hawara specimens have archaeological provenance but no 'mummy' wording -> PROBABLE. data.nhm.ac.uk/object pages 403 to scripted access; API works. | One Kom Ombo crocodile mummy (de Morgan gift 1895) viewed by Anderson & Antoine courtesy of reptile curator. Natural-history collection - check NHM Data Portal. | PROBABLE: the only 'mummified' crocodile record lacks locality; Egyptian origin inferred neither by DB nor by us. Needs curator query (LS Reptiles).,Natural History Museum,4,1,UNKNOWN,https://data.nhm.ac.uk/api/3/action/datastore_search?resource_id=05ff2255-c38a-40c9-b657-4ccb55ab2feb,UNKNOWN,biodiversity;literature;uk_south
INST-GB-008,"Petrie Museum of Egyptian Archaeology, UCL",London,GB,https://collections.ucl.ac.uk/,YES,4,"UC6984 (Lahun, probably): 'Remains of young crocodiles, dried, not mummified, 19 skulls' - excluded as not mummified; UC71609 fragmentary crocodile(?) skull (bone) and UC28257I crocodile teeth (Hawara) excluded. Petrie's Hawara 'crocodile cemetery' and Lahun excavations may have yielded more material distributed elsewhere. | UC6984 'Remains of young crocodiles, dried, not mummified, 19 skulls...' (Lahun) excluded as explicitly not mummified; UC71609 fragmentary crocodile(?) skull (bone) excluded. UC71082: palm-stick slips 'found broken up in the wrappings of mummy crocodiles, Hawara' (associated find, not a mummy).","UC6985; UC55008; UC6986; UC71994; UC71664; UC71664 (probable); UC80633i-ii (cartonnage, class E); UC80633i-ii",OFFICIAL_DB; OFFICIAL_API,https://collections.ucl.ac.uk/Details/petrie/17409; https://collections.ucl.ac.uk/Details/petrie/68332; https://collections.ucl.ac.uk/AxiellWebApi/wwwopac.ashx?database=petrie&search=description%3Dcrocodile*&output=json; https://collections.ucl.ac.uk/Details/petrie/17411; https://collections.ucl.ac.uk/Details/petrie/56955; https://collections.ucl.ac.uk/Details/petrie/83244,"Stevenson (ed.) 2015, The Petrie Museum of Egyptian Archaeology: Characters and Collections, p.70 (UC55008)",YES,CC BY-NC-SA 4.0 | CC BY-NC-SA license (UCL Collections Online) | CC BY-NC-SA 4.0 (per UCL Collections Online results page) | CC BY-NC-SA license (as shown in UCL results list),YES,NO,CONFIRMED,2026-09-24,"Found via Lahun/Hawara reverse lookup. 245 records match description=crocodile*; screened object_category for animal remains/mummies. UCL Grant Museum of Zoology (zoology db) has no Egyptian crocodile mummy (only Australian C. porosus skull with mummified skin). | Full-text search 'crocodile' = 245 hits (230 harvested and triaged by category), plus 'crocodile mummy', 'reptile', 'Sobek' (113), 'animal mummy' (30). Lahun is the main provenance of crocodile material.",UNKNOWN,6,4,UNKNOWN,https://collections.ucl.ac.uk/AxiellWebApi/wwwopac.ashx?database=petrie&search=description%3Dcrocodile*&output=json&xmltype=grouped (open Adlib wwwopac API); https://collections.ucl.ac.uk/AxiellWebApi/wwwopac.ashx?database=petrie&search=...&output=json,UNKNOWN,toponyms;uk_south
INST-GB-009,"Science Museum Group (Science Museum, Wellcome collection)",London,GB,https://collection.sciencemuseumgroup.org.uk/,YES,1,"none found: searches 'crocodile' (120 results), 'mummy crocodile', 'animal mummy' return only co84634 as crocodile mummy",A634913,OFFICIAL_DB,https://collection.sciencemuseumgroup.org.uk/objects/co84634/mummy-of-a-crocodile-egypt-2000-1001-bce,UNKNOWN,YES,CC BY-NC-SA 4.0,YES,UNKNOWN,CONFIRMED,2026-09-24,Object from Sir Henry Wellcome's Museum Collection; physical location not stated (SMG stores much Wellcome material off-site).,UNKNOWN,1,1,UNKNOWN,https://collection.sciencemuseumgroup.org.uk/search?q=... with Accept: application/json (403 to curl this session),UNKNOWN,uk_south
INST-GB-010,Touchstones Rochdale,Rochdale,GB,UNKNOWN,YES,2,UNKNOWN,AEABB137; AEABB140 (Bio Bank refs; museum numbers not published in source read),PEER_REVIEWED,https://doi.org/10.12697/poa.2014.23.1.01,Atherton-Woolham & McKnight 2014 (Papers on Anthropology 23(1)),YES,UNKNOWN,NO,NO,CONFIRMED,2026-09-24,No online collection database found (yourtrustrochdale.co.uk venue pages only). Two crocodile-shaped bundles CT-scanned 2011 at Manchester Royal Infirmary.,"Touchstones Rochdale (Your Trust, Rochdale)",2,2,UNKNOWN,UNKNOWN,UNKNOWN,uk_north
INST-GB-011,World Museum (National Museums Liverpool),Liverpool,GB,https://www.liverpoolmuseums.org.uk/search,YES,33,"Items titled 'Animal Mummy' without the word crocodile could hide more (Solr 'animal mummy' = 1622 hits, not all checked). Bio Bank recorded Liverpool's 'extensive collection' (blog 2014-02-11).","56.21.512; 56.21.513; 56.21.514; 56.21.515; 56.21.517; 56.21.518; 56.21.537; 56.21.545; M13642.1-.8; M14289 (AEABB743); 56.22.223; 13.12.05.33; 16.11.06.153; 16.11.06.159; 16.4.61.15; 1973.4.152; 1976.159.270; eggs 16.11.06.155/.156/.157/.160/.161, 25.11.05.65; fragments 52.55.56, 56.22.405a-e; pseudo-mummy 52.55.48; M13642.7; M13642.8; M13642.2; M13642.4; M13642.6; 16.11.06.161; M13642.3; M13642.5; M13642.1; 25.11.05.65; M14289; 16.11.06.155; 16.11.06.157; 16.11.06.156; 16.11.06.160; 52.55.56; 52.55.48; 56.22.405a; 56.22.405b; 56.22.405c; 56.22.405d; 56.22.405e",OFFICIAL_DB; OFFICIAL_API,https://www.liverpoolmuseums.org.uk/artifact/mummified-crocodile-5; https://index.liverpoolmuseums.org.uk/select?wt=json&q=tm_X3b_en_title_2:(crocodile)^2%20OR%20tm_X3b_en_aggregated_field:(crocodile)&fq=(ss_type:collection%20OR%20ss_type:artifact)&rows=200; https://content.liverpoolmuseums.org.uk/jsonapi/node/artifact?filter%5Bfield_number%5D=M14289; https://www.liverpoolmuseums.org.uk/artifact/mummified-crocodile-7; https://www.liverpoolmuseums.org.uk/artifact/mummified-crocodile-0; https://www.liverpoolmuseums.org.uk/artifact/mummified-crocodiles-7; https://www.liverpoolmuseums.org.uk/artifact/mummified-crocodiles-8; https://www.liverpoolmuseums.org.uk/artifact/mummified-crocodiles-0; https://www.liverpoolmuseums.org.uk/artifact/mummified-crocodiles-2; https://www.liverpoolmuseums.org.uk/artifact/mummified-crocodile-8; https://www.liverpoolmuseums.org.uk/artifact/mummified-crocodile-2; https://www.liverpoolmuseums.org.uk/artifact/mummified-crocodile-1; https://www.liverpoolmuseums.org.uk/artifact/mummified-crocodile-11; https://www.liverpoolmuseums.org.uk/artifact/mummified-crocodile-6; https://www.liverpoolmuseums.org.uk/artifact/mummified-crocodile; https://www.liverpoolmuseums.org.uk/artifact/mummified-crocodiles-4; https://www.liverpoolmuseums.org.uk/artifact/mummified-crocodiles-6; https://www.liverpoolmuseums.org.uk/artifact/mummified-crocodile-3; https://www.liverpoolmuseums.org.uk/artifact/mummified-crocodile-egg-3; https://www.liverpoolmuseums.org.uk/artifact/mummified-crocodiles-9; https://www.liverpoolmuseums.org.uk/artifact/mummified-crocodiles-3; https://www.liverpoolmuseums.org.uk/artifact/mummified-crocodiles-5; https://www.liverpoolmuseums.org.uk/artifact/mummified-crocodiles-1; https://www.liverpoolmuseums.org.uk/artifact/mummified-crocodiles; https://www.liverpoolmuseums.org.uk/artifact/mummified-crocodile-egg-4; https://www.liverpoolmuseums.org.uk/artifact/mummified-crocodile-4; https://www.liverpoolmuseums.org.uk/artifact/mummified-crocodile-10; https://www.liverpoolmuseums.org.uk/artifact/mummified-crocodile-egg-0; https://www.liverpoolmuseums.org.uk/artifact/mummified-crocodile-egg-2; https://www.liverpoolmuseums.org.uk/artifact/mummified-crocodile-egg-1; https://www.liverpoolmuseums.org.uk/artifact/mummified-crocodile-egg; https://www.liverpoolmuseums.org.uk/artifact/crocodile-mummy-fragments; https://www.liverpoolmuseums.org.uk/artifact/pseudo-mummified-crocodile; https://www.liverpoolmuseums.org.uk/artifact/mummified-crocodile-9; https://www.liverpoolmuseums.org.uk/artifact/crocodile-tooth; https://www.liverpoolmuseums.org.uk/artifact/crocodile-osteoderm-0; https://www.liverpoolmuseums.org.uk/artifact/crocodile-tooth-0; https://www.liverpoolmuseums.org.uk/artifact/crocodile-osteoderm; https://www.liverpoolmuseums.org.uk/artifact/animal-mummy-wrappings,van der Plas (ed.) 2001 Egyptian Treasures in Europe vol. 4 (NMGM Liverpool); Bienkowski & Tooley 1995 Gifts of the Nile; Cooke 2015 'Auctions and air-raids' in McKnight & Atherton-Woolham (eds) Gifts for the Gods; Gatty 1879 Mayer Collection catalogue,YES,"Photo credit line 'Courtesy of National Museums Liverpool, World Museum'; no open licence stated | Credit line: Courtesy of National Museums Liverpool, World Museum (no licence stated)",YES,NO,CONFIRMED,2026-09-24,"33 object rows: 22 crocodile mummies (A 16, B 2, C 4, D 1... see objects), 6 egg records (F EGG), 2 fragment groups (D), 1 pseudo-mummy (F). Many came from Norwich Castle Museum (sold 1956: Manby, Woodward/Belzoni, Chester, Dawson, Proctor-Beauchamp), Gilstrap Museum Newark (1952, Petrie Kafr Ammar), Cheltenham College (1975), Wellcome (1971), Garstang's Esna excavations (1905-06), Mayer (1867). Scripts: scripts/nml_solr.py, scripts/nml_jsonapi.py; raw/nml_crocodile_jsonapi.jsonl.","World Museum, Liverpool",33,33,UNKNOWN,"https://content.liverpoolmuseums.org.uk/jsonapi/node/artifact (Drupal JSON:API, public); https://index.liverpoolmuseums.org.uk/select (Solr)",UNKNOWN,uk_north
INST-HU-001,"Museum of Fine Arts, Budapest",Budapest,HU,https://www.szepmuveszeti.hu/mutargyak/14576/,NO,0,UNKNOWN,UNKNOWN (online object IDs 14576 'Krokodilmúmia' and 14577 'Krokodil múmia' seen only as search-engine result titles),SECONDARY,https://www.szepmuveszeti.hu/mutargyak/14576/; https://www.szepmuveszeti.hu/mutargyak/14577/,UNKNOWN,UNKNOWN,UNKNOWN,UNKNOWN,UNKNOWN,UNVERIFIED,2026-09-24,"Official object pages exist per search-engine titles ('Krokodilmúmia – Szépművészeti Múzeum', 'Krokodil múmia – Szépművészeti Múzeum') but every szepmuveszeti.hu and mfab.hu URL returns HTTP 451 (Cloudflare) from this environment; no Wayback snapshot. Resume by opening those two URLs from an unblocked network. Very likely CONFIRMED once opened.",Szépművészeti Múzeum,0,0,UNKNOWN,UNKNOWN,UNKNOWN,central_east_europe
INST-HU-002,Savaria Museum,Szombathely,HU,https://savariamuseum.blog.hu/2021/08/26/aldozat_a_nilus_istenenek?token=24d6625551e435ae8089c494a960c3b1,NO,0,UNKNOWN,UNKNOWN,SECONDARY,https://savariamuseum.blog.hu/2021/08/26/aldozat_a_nilus_istenenek?token=24d6625551e435ae8089c494a960c3b1,UNKNOWN,YES,UNKNOWN,NO,NO,UNVERIFIED,2026-09-24,"Museum's own blog (hosted on blog.hu, so treated as blog/candidate): 'alig 20 cm hosszú krokodilmúmia', baby crocodile from the Gothard brothers' Egyptian collection, displayed in the Iseum Savariense exhibition, Ptolemaic; linen remains on the head. Upgrade to PROBABLE/CONFIRMED if an official-domain or catalogue source is found.",Savaria Múzeum (Szombathely),1,0,"1 (Museum blog post (Horváth Bianka, 26 Aug 2021)) [central_east_europe]",UNKNOWN,UNKNOWN,central_east_europe
INST-IT-001,Museo Archeologico Nazionale di Firenze (Museo Egizio di Firenze),Firenze,IT,https://museoarcheologiconazionaledifirenze.wordpress.com/,YES,12,"None known beyond the 12; Cat. 12 (inv. 4744, unidentified mummy end) thought cat/dog",2647; 2648; 2649; 2650; 2651; 2652; 2653; 14294; 14295; 14296; 14297; 14298,THESIS; OFFICIAL_WEBPAGE,https://etd.adm.unipi.it/theses/available/etd-10162014-102043/unrestricted/Tesi___Versione_finale.pdf; https://museoarcheologiconazionaledifirenze.wordpress.com/tag/coccodrillo/,Tezzele 2014; Schiaparelli 1887 (Catalogo generale ... antichità egizie); Del Francia and Guidotti 1993 (Strozzi Sacrati collection),YES,UNKNOWN,NO,NO,CONFIRMED,2026-09-24,"No online collection DB for the Egyptian section found; national ICCD catalogue has no crocodile mummy records. Crocodiles from Rosellini (Franco-Tuscan expedition 1828-29), Ricci collection (1832) and Strozzi Sacrati collection (1992). Official museum site museoarcheologiconazionaledifirenze.it not checked for further records.",Museo Archeologico Nazionale di Firenze - Sezione Egizia (Museo Egizio di Firenze),12,12,12 crocodile mummies (Tezzele 2014 Cat. 15-26) among 65 animal mummies (Tezzele 2014 (Univ. Pisa MA thesis); 65 animal mummies also stated on MAF official blog 2018) [southern_europe],UNKNOWN,UNKNOWN,southern_europe
INST-IT-002,Museo Civico di Modena (Museo Civico Archeologico Etnologico),Modena,IT,https://www.museocivicomodena.it/,YES,3,"PatER (Emilia-Romagna regional catalogue) has at least one individual card 'mummia/ coccodrillo, Museo Civico Archeologico Etnologico, età greco-romana' (id_card=229798) - found only via search engine, site returns 403 so not opened; search snippets say one specimen still wrapped in original coarse strip. Another PatER card (id_card=229629, 'Dettaglio Scheda RA') snippet mentions a crocodile skull with plant-fibre cord - holding institution unverified.",UNKNOWN,OFFICIAL_WEBPAGE,https://www.museocivicomodena.it/it/attivita/scuole-1/mae3-egitto-insegnanti.pdf; https://www.comune.modena.it/salastampa/archivio-comunicati-stampa/2019/1/storie-degitto-per-riscoprire-la-raccolta-egiziana-dei-civici; https://www.comune.modena.it/salastampa/archivio-comunicati-stampa/2019/2/storie-degitto-2-2013-storia-della-raccolta-egizia-modenese,UNKNOWN (Museo Egizio library lists 'La storia della collezione egizia del Museo Archeologico Civico di Modena' - not consulted),YES,UNKNOWN,UNKNOWN,UNKNOWN,CONFIRMED,2026-09-24,"Official PDF: Pietro Tacchini (astronomer, in Egypt 1882 for eclipse observed at Sohag) received from Licurgo Santoni (director of Posts of Egypt and Nubia) a mummy head and three small embalmed crocodiles, donated to the Museum of Modena. 'I tre piccoli coccodrilli provengono da una località vicina ad Assiut, il villaggio di el-Maabda sulla riva est del Nilo'. PDF includes a photo captioned 'I tre piccoli coccodrilli donati a Pietro Tacchini da Licurgo Santoni'. No individual object rows written (no inventory numbers accessible; PatER blocked).",Museo Civico di Modena - Museo Civico Archeologico Etnologico,3,3,"3 ('tre piccoli coccodrilli imbalsamati') (Museo Civico di Modena, teachers' dossier 'Storie d'Egitto. La riscoperta della raccolta egiziana del Museo Civico' (PDF, exhibition 16 Feb 2018 [sic] - 7 Jun 2020); Comune di Modena press releases 2019) [southern_europe]",UNKNOWN,UNKNOWN,southern_europe
INST-IT-003,Museo di Storia Naturale di Venezia Giancarlo Ligabue,Venezia,IT,https://msn.visitmuve.it/,YES,2,UNKNOWN,MSNVE-6863; MSNVE-6864,OFFICIAL_WEBPAGE; PEER_REVIEWED,https://www.visitmuve.it/capolavoro/sacerdotessa-dei-coccodrilli/; https://msn.visitmuve.it/wp-content/uploads/2013/06/Boll59_17_Reggiani.pdf,Reggiani 2009,YES,UNKNOWN,NO,UNKNOWN,CONFIRMED,2026-09-24,Miani collection (from cave opposite Manfalut / el-Mahada = Maabda). No searchable online collection database found.,Museo di Storia Naturale di Venezia Giancarlo Ligabue (Fondazione Musei Civici di Venezia - MUVE),2,2,"2 crocodile mummies (Reggiani 2009, Boll. Mus. civ. St. nat. Venezia 59, pp. 151-156; MUVE page 'Sacerdotessa dei coccodrilli') [southern_europe]",UNKNOWN,UNKNOWN,southern_europe
INST-IT-004,Museo Egizio,Turin,IT,https://collezioni.museoegizio.it/it-IT/search?action=s&description=coccodrillo; https://collezioni.museoegizio.it/,YES,25,"Turin holds >120 animal mummies (Oliva & Borla 2019); Fabretti, Rossi & Lanzone 1882: 332-340 | Historic Drovetti inventory (Documenti inediti III, 1880, pp. 260-261) lists '1. Crocodile embaumé' and '79. Crocodile embaumé, au quel il manque la queue' - identification with current objects ongoing (Moiso and Montonati, RiME, forthcoming), per Ikram et al. 2024. Online DB covers only >4,000 of c. 40,000 objects. | Ikram, Aicardi & Facchetti 2024 (Studi del Museo Egizio 5) catalogues crocodiles pp. c.335-350; items from Anti/Bagnani Tebtynis excavations came to Turin via Museo Nazionale Romano (sculptures documented; crocodile mummies from Tebtynis not identified in DB - all DB crocodile mummies have provenance 'Ignota' or 'Luxor / Tebe (?)')",Cat. 2351/02; Cat. 2351/1; Cat. 2351/2; Cat. 2353/1 (10); Cat. 2353/2 (11); Provv. 1443; Provv. 1444; Provv. 1447; Provv. 1458/1 (8); Provv. 1458/2 (9); Provv. 1458/3 (12); Provv. 1461/1 (15); Provv. 1461/2 (16); Provv. 1461/3 (17); Provv. 1462 (5); Suppl. 9483/2; Cat. 2351/01; Cat. 2353/10; Cat. 2353/11; Provv. 1458/n.8; Provv. 1458/n.9; Provv. 1458/n.12; Provv. 1461/n.16; Provv. 1462; Provv. 1515/03 (bird bundle with crocodile skin fragment); P. 1458/12; Provv. 1458/1; Provv. 1458/2; Provv. 1458/3; Provv. 1461/1; Provv. 1461/2; Provv. 1461/3; Cat. 2353/1; Cat. 2353/2; Provv. 1515/03,MONOGRAPH; OFFICIAL_DB; OFFICIAL_CATALOGUE; PEER_REVIEWED,https://www.sidestone.com/openaccess/9789088907722.pdf; https://collezioni.museoegizio.it/it-IT/material/Cat_2351_01/; https://collezioni.museoegizio.it/it-IT/material/Cat_2351_02/; https://shop.museoegizio.it/media/fcp/pdf/9788857020136a.pdf; https://collezioni.museoegizio.it/it-IT/search/?action=s&description=mummia%20di%20coccodrillo; https://collezioni.museoegizio.it/it-IT/material/Cat_2353_10; https://collezioni.museoegizio.it/it-IT/material/Cat_2351_02; https://collezioni.museoegizio.it/it-IT/material/Provv_1443/; https://collezioni.museoegizio.it/it-IT/material/Provv_1443; https://collezioni.museoegizio.it/it-IT/material/Provv_1444/; https://collezioni.museoegizio.it/it-IT/material/Provv_1444; https://collezioni.museoegizio.it/it-IT/material/Provv_1447/; https://collezioni.museoegizio.it/it-IT/material/Provv_1447; https://collezioni.museoegizio.it/it-IT/material/Provv_1458_n_8/; https://collezioni.museoegizio.it/it-IT/material/Provv_1458_n_9/; https://collezioni.museoegizio.it/it-IT/material/Provv_1458_n_12/; https://collezioni.museoegizio.it/it-IT/material/Provv_1461_n_16/; https://collezioni.museoegizio.it/it-IT/material/Provv_1462/; https://collezioni.museoegizio.it/it-IT/material/Provv_1462; https://collezioni.museoegizio.it/it-IT/material/Cat_2353_10/; https://collezioni.museoegizio.it/it-IT/material/Cat_2353_11/; https://collezioni.museoegizio.it/it-IT/material/S_9483_02/; https://collezioni.museoegizio.it/it-IT/material/Cat_2351_01; https://collezioni.museoegizio.it/it-IT/material/Cat_2353_11; https://collezioni.museoegizio.it/it-IT/material/Provv_1458_n_8; https://collezioni.museoegizio.it/it-IT/material/Provv_1458_n_9; https://collezioni.museoegizio.it/it-IT/material/Provv_1458_n_12; https://collezioni.museoegizio.it/it-IT/material/Provv_1461_n_16; https://collezioni.museoegizio.it/it-IT/material/Provv_1515_03,"Fabretti, Rossi & Lanzone 1882; Oliva & Borla 2019 | Ikram, Aicardi, Facchetti (eds.), The Animal Mummies of the Museo Egizio, Turin (Studi del Museo Egizio 5), 2024 | Ikram, S., Aicardi, S., Facchetti, F. 2024. The animal mummies of the Museo Egizio, Turin (Studi del Museo Egizio 5). Torino/Modena.",YES,CC0 Public Domain (site meta: 'Le immagini sono liberamente scaricabili e riutilizzabili con licenza Creative Commons CC0 Public Domain') | CC0 1.0 (Creative Commons Public Domain Dedication icon on image download links) | CC0 1.0 (per CC icon on download link) | CC0 Public Domain (Museo Egizio online collection statement),NO,UNKNOWN,CONFIRMED,2026-09-24,"southern_europe agent to check collection online | Search results embedded as JSON ('listaRisultati') in the HTML search page - no public API found. Online inventory numbers differ in format from catalogue (e.g. online 'Provv. 1458/n.12' = catalogue 'Provv. 1458/3 (other number: 12)'; online 'Cat. 2353/10' = catalogue 'Cat. 2353/1 (other number: 10)'). Images flagged 'Contenuto potenzialmente sensibile'. | Search by description 'mummia di coccodrillo' = 14 hits (13 crocodile items + 1 papyrus). Title-field search returns 0; use description field. Only Cat. 2353/10 and 2353/11 have a site provenance (Luxor/Thebes (?), Drovetti purchase 1824). Recorded by toponyms agent (Thebes reverse lookup); southern_europe agent likely duplicates.",Museo Egizio (Fondazione Museo delle Antichità Egizie di Torino),25,25,"15 catalogue entries of crocodile mummies/parts (cat. Nos. 149-163) in the 2024 animal-mummy catalogue; 13 of them online (Ikram, Aicardi, Facchetti (eds.), The Animal Mummies of the Museo Egizio, Turin, 2024, ch. 8.12, pp. 334-351) [southern_europe]",UNKNOWN,UNKNOWN,literature;southern_europe;toponyms
INST-IT-005,"Museo Zoologico, Centro Musei delle Scienze Naturali e Fisiche, Università di Napoli Federico II",Napoli,IT,http://www.cmsnf.it/category/collezioni/museo-zoologico/,YES,2,Same Panceri 1873-74 expedition was run with Museo Civico di Storia Naturale di Milano - Milan may have received El-Maabdeh crocodiles too (lead),UNKNOWN,MONOGRAPH; OFFICIAL_WEBPAGE,https://www.sidestone.com/openaccess/9789088907722.pdf; http://web.archive.org/web/20220419124440/http://www.cmsnf.it/le-mummie-dellantico-egitto/,UNKNOWN,YES,UNKNOWN,NO,NO,CONFIRMED,2026-09-24,Collected by Paolo Panceri in the Maabdeh (Samoun) caves 1873-74. Scholarly statement of current holding but no inventory number or examination; southern_europe agent to verify on cmsnf.it. | Live official site cmsnf.it returned 520 (curl) and 401 (WebFetch) on 2026-09-24; text read from Wayback Machine snapshot (2022). Page is WordPress post category 'museo-zoologico'; heads on display in vetrina 7. Some third-party summaries attribute them to the Anthropology museum - the official page category is Museo Zoologico.,"Museo Zoologico, Musei Scientifici dell'Università di Napoli Federico II; Museo Zoologico - Centro Musei delle Scienze Naturali e Fisiche (CMSNF), Università degli Studi di Napoli Federico II",1,1,"2 (mummified crocodile heads) (Baber 2019, Creatures of Earth, Water, and Sky p. 75 n. 32 (citing http://www.cmsnf.it/le-mummie-dellantico-egitto/)) [literature] | 2 mummified Nile crocodile heads (CMSNF page 'Le mummie dell'antico egitto' (Wayback snapshot 20220419124440)) [southern_europe]",UNKNOWN,UNKNOWN,literature;southern_europe
INST-JP-001,"The Ancient Egyptian Museum, Shibuya",Tokyo,JP,https://www.egyptian.jp/outline.html,YES,1,"collection of >1000 objects (official outline page); only the touring-exhibition selection (~200 objects) is published; other animal mummies in the checklist: falcon, fish, cat head, ibis reliquary",UNKNOWN (exhibition cat. no. 63 only),OFFICIAL_CATALOGUE,https://hhmoa.jp/past-special/8823/; https://hhmoa.jp/wp-content/uploads/2023/06/古代エジプト美術館展_目録.pdf; https://www.city.iwaki.lg.jp/www/contents/1678241250601/simple/aem_list.pdf; https://banbi.pref.niigata.lg.jp/wp-content/uploads/egypt_list.pdf; https://akita-kinbi.jp/wp-content/uploads/2025/05/古代エジプト美術館展作品リスト.pdf; https://www.egyptian.jp/outline.html,"UNKNOWN (touring exhibition catalogue 古代エジプト美術館展, not checked)",NO,UNKNOWN,NO,NO,CONFIRMED,2026-09-24,"CONFIRMED for a class E object only (painted plaster mask for the head of a crocodile mummy, Ptolemaic); no crocodile mummy itself found. Private museum (founder Dr Tadashi Kikugawa, chief curator Dr Robert S. Bianchi), Shibuya, Tokyo; open by reservation.",古代エジプト美術館（渋谷）,1,1,UNKNOWN,UNKNOWN,UNKNOWN,east_asia
INST-JP-002,Tokyo National Museum,Tokyo,JP,https://colbase.nich.go.jp/?locale=ja (ColBase); https://webarchives.tnm.jp/imgsearch/; https://colbase.nich.go.jp/,YES,1,"TJ-1887 '鰐' (東洋考古, 1個, no data) — nature unknown, could be an Egyptian crocodile figure or a mummy; needs checking with TNM curators",TJ-2390,OFFICIAL_DB; NATIONAL_PORTAL,https://colbase.nich.go.jp/collection_items/tnm/TJ-2390; https://jpsearch.go.jp/api/item/cobas-152082; https://jpsearch.go.jp/api/item/search/jps-cross?keyword=%E9%B0%90%E6%9C%A8%E4%B9%83%E4%BC%8A; https://jpsearch.go.jp/item/cobas-152082; https://colbase.nich.go.jp/collection_items/tnm/TJ-2390 (JavaScript app; content not rendered to curl),UNKNOWN,NO,ColBase/Japan Search: TNM data typically CC BY via ColBase terms; no image for this object | No image online; Japan Search rights flag for the record: ccby | Japan Search rights facet ccby (applies to metadata/contents; no image present),YES,UNKNOWN,CONFIRMED,2026-09-24,"TNM Egyptian holdings (TJ numbers, 東洋考古) include gifts from Egyptian Antiquities Service (1904), University of Pennsylvania and the Metropolitan Museum, and Momose donation. Only one crocodile mummy record found in ColBase searches (鰐, 木乃伊, ミイラ, エジプト, 動物, セベク, クロコダイル). | Title-only record '鰐木乃伊' (crocodile mummy), Egypt, 1 piece, gift. TNM Image Archives (webarchives.tnm.jp/imgsearch, param q) have no image of TJ-2390 (searched 鰐木乃伊, TJ-2390, 鰐, ワニ, ミイラ, 木乃伊). East-Asia agent may hold further detail.",東京国立博物館,1,1,UNKNOWN,https://jpsearch.go.jp/api/item/search/jps-cross (Japan Search API; ColBase records republished); https://jpsearch.go.jp/api/item/ (Japan Search); ColBase API https://colbase.nich.go.jp/colbaseapi/v2/ (needs x-api-key),UNKNOWN,east_asia;portals_world
INST-LT-001,National Museum of Lithuania,Vilnius,LT,UNKNOWN,YES,1,UNKNOWN,IM 4979,PEER_REVIEWED,https://doi.org/10.15388/ArchLit.2023.24.7,"Snitkuvienė, A. 2011. Lietuva ir Senovės Egiptas. Kaunas",UNKNOWN,UNKNOWN,UNKNOWN,UNKNOWN,CONFIRMED,2026-09-24,nordic_baltic agent to check LIMIS / museum DB,UNKNOWN,1,1,at least 2 individuals (3 fragments) in one lot (Piombino-Mascali et al. 2023 Archaeologia Lituana 24: 115-123) [literature],UNKNOWN,UNKNOWN,literature
INST-NL-003,Allard Pierson (University of Amsterdam),Amsterdam,NL,https://www.allardpierson.nl/collectie,YES,1,UNKNOWN,UNKNOWN (APM number not found; full text not read),MONOGRAPH,https://doi.org/10.59641/a1d7x8y9z0; https://www.sidestone.com/books/animal-mummies,"B. van den Bercken (ed.), Animal Mummies. From Research to Outreach at the Allard Pierson (Leiden: Sidestone 2025), chapters 'Crocodile Mummy' (M. Hoogmoed & B. van den Bercken) and 'Options for the Conservation and Restoration of the Allard Pierson Crocodile Mummy' (W. Bolderman & A. Serrano)",UNKNOWN,UNKNOWN,UNKNOWN,UNKNOWN,CONFIRMED,2026-09-24,"Evidence = publisher abstract + table of contents (read); abstract: 'analysis of the crocodile skeleton brings the identification of mummified crocodile species a step further'; keywords include 'Crocodylus suchus', 'crocodile mummy', 'CT-scan'. Full text in Sidestone encrypted online reader (not read). Allard Pierson object DB not reachable (Nuxt site; not on Europeana).",Allard Pierson - De collecties van de Universiteit van Amsterdam,1,1,UNKNOWN,UNKNOWN,UNKNOWN,benelux_alpine
INST-NL-001,Museon-Omniversum,The Hague,NL,https://cc.museon-omniversum.nl/,YES,1,UNKNOWN,8258,NATIONAL_PORTAL; IIIF,https://www.europeana.eu/item/2021657/resource_document_museon_8258; https://hdl.handle.net/21.12123/140213; provider: https://hdl.handle.net/21.12123/140213,UNKNOWN,YES,In Copyright (http://rightsstatements.org/vocab/InC/1.0/) | Europeana edm:rights http://rightsstatements.org/vocab/InC/1.0/ | In Copyright (rightsstatements.org InC 1.0),YES,YES,CONFIRMED,2026-09-24,"Educational museum in The Hague. Official CollectionConnection page is JS-rendered; record read via Europeana (dataset 2021657). Other animal mummies in same dataset: falcon, cat, fish. | Provenance stated: Krokodilopolis (Arsinoë), Fayum. Provider page (cc.museon-omniversum.nl) responded 200 but was not parsed.",Museon-Omniversum (formerly Museon); Museon,1,1,UNKNOWN,https://api.europeana.eu/record/v2/2021657/resource_document_museon_8258.json; Europeana dataset 2021657,https://iiif.europeana.eu/presentation/2021657/resource_document_museon_8258/manifest (Europeana-generated); https://iiif.europeana.eu/presentation/2021657/resource_document_museon_8258/manifest,benelux_alpine;portals_europe
INST-NL-002,National Museum of Antiquities (Rijksmuseum van Oudheden),Leiden,NL,https://www.rmo.nl/collectie/collectiezoeker/,YES,9,"AMM 16h found via Collectie Nederland OAI (not in Europeana). The reference chains (Leemans 1840 N 28-33, Boeser 1907 E.XLV.24-29, Raven/Taconis 2005 cat. 113-119) have one gap each (N 30 / E.XLV.25 / cat. 115), plausibly AMM 16h (unverified). RMO own DB blocked by Cloudflare, so further crocodile items (eggs, bundles) not in the portals cannot be excluded. | AMM 16 series letters b-f, j etc. not seen in portals",AMM 16a; AMM 16g; AMM 16h; AMM 16i; AMM 16k; CI 260; F 1998/11.3; masks F 1987/1.1; F 1987/1.2; F 1998/11.3 (replica 'req.34' excluded; F 1969/2.10 is a statuette); F 1987/1.1,NATIONAL_PORTAL; IIIF,https://www.europeana.eu/item/2021606/resource_document_rijksmuseum_van_oudheden_AMM16a; https://www.europeana.eu/item/2021606/resource_document_rijksmuseum_van_oudheden_CI260; https://hdl.handle.net/21.12126/21747; https://www.collectienederland.nl/api/oai-pmh/?verb=GetRecord&metadataPrefix=edm&identifier=dcn_rijksmuseum-van-oudheden_1035; https://data.collectienederland.nl/api/search/v2/?q=krokodil%20mummie&format=json&rows=10; provider: https://hdl.handle.net/21.12126/21747; https://www.europeana.eu/item/2021606/resource_document_rijksmuseum_van_oudheden_AMM16g; https://hdl.handle.net/21.12126/549; provider: https://hdl.handle.net/21.12126/549; https://www.europeana.eu/item/2021606/resource_document_rijksmuseum_van_oudheden_AMM16i; https://hdl.handle.net/21.12126/2767; provider: https://hdl.handle.net/21.12126/2767; https://www.europeana.eu/item/2021606/resource_document_rijksmuseum_van_oudheden_AMM16k; https://hdl.handle.net/21.12126/550; provider: https://hdl.handle.net/21.12126/550; https://hdl.handle.net/21.12126/537; provider: https://hdl.handle.net/21.12126/537; https://www.europeana.eu/item/2021606/resource_document_rijksmuseum_van_oudheden_F1998_11_3; https://hdl.handle.net/21.12126/22712; provider: https://hdl.handle.net/21.12126/22712; https://www.europeana.eu/item/2021606/resource_document_rijksmuseum_van_oudheden_F1987_1_1; https://hdl.handle.net/21.12126/22212; https://www.europeana.eu/item/2021606/resource_document_rijksmuseum_van_oudheden_F1987_1_2; https://hdl.handle.net/21.12126/22230; https://hdl.handle.net/21.12126/1035; https://www.collectienederland.nl/detail/foldout/void_edmrecord/dcn_rijksmuseum-van-oudheden_1035; Collectie Nederland doc dcn_rijksmuseum-van-oudheden_1035,"M.J. Raven & W.K. Taconis, Egyptian Mummies. Radiological Atlas of the Collections in the National Museum of Antiquities at Leiden (Turnhout 2005), cat. 113-119; Leemans, Description raisonnée (1840); Boeser, Catalogus (1907)",YES,"CC BY 4.0 (edmRights http://creativecommons.org/licenses/by/4.0/; dc:rights 'Creative Commons By-licensie: bron: Rijksmuseum van Oudheden, Leiden') | Europeana edm:rights http://creativecommons.org/licenses/by/4.0/ (dc:rights 'Creative Commons By-licensie: bron: Rijksmuseum van Oudheden, Leiden') | CC BY 4.0 (edmRights); 'Creative Commons By-licensie: bron: Rijksmuseum van Oudheden, Leiden' | CC BY 4.0 (edmRights) | CC BY 4.0 (edm:rights http://creativecommons.org/licenses/by/4.0/)",YES,YES,CONFIRMED,2026-09-24,"Official RMO collection search, topstuk page ('Mummie van een krokodil') and news page ('Egyptian giant crocodile mummy is full of surprises') all return HTTP 403 (Cloudflare) to curl/WebFetch; data taken from RMO records republished on Europeana; handles hdl.handle.net/21.12126/* redirect to rmo.nl/collectie/collectiezoeker/collectiestuk/?object=N. | rmo.nl returns 403 to curl/WebFetch; evidence from Europeana + Collectie Nederland only.",Rijksmuseum van Oudheden,9,9,UNKNOWN,https://api.europeana.eu/record/v2/search.json (Europeana dataset 2021606; RMO own site not machine-accessible); Europeana dataset 2021606; Collectie Nederland API,https://iiif.europeana.eu/presentation/2021606/resource_document_rijksmuseum_van_oudheden_AMM16a/manifest (Europeana-generated IIIF); https://iiif.europeana.eu/presentation/2021606/resource_document_rijksmuseum_van_oudheden_AMM16a/manifest (Europeana-generated),benelux_alpine;portals_europe
INST-NO-001,"Museum of Cultural History, University of Oslo",Oslo,NO,https://digitaltmuseum.no/0210213468154/krokodillemumie; https://digitaltmuseum.no/owners/KHMUIO-E,YES,1,"Egyptian collection (owner KHMUIO-AE on DigitaltMuseum, 3637 records) has 13 'mumie' records incl. unidentified animal mummies c47685 (no description, classified Fauna) and c47684 (small wrapped bundle, 'Mangler del av hodet') - none identified as crocodile.",UEM3648,NATIONAL_PORTAL; OFFICIAL_API,https://digitaltmuseum.no/0210213468154/krokodillemumie; https://api.dimu.org/artifact/uuid/41de148f-ca6e-4e8f-84a0-a3b20471ce53; https://digitaltmuseum.no/0210213468154,UNKNOWN,NO,UNKNOWN (no image; 'Contact owner for more information') | no image; licence field 'Contact owner for more information',YES,NO,CONFIRMED,2026-09-24,"Ethnographic register lists a 'krokodillemumie' (UEM3648) transferred from the Zootomical Museum via Prof. Chr. Boeck; origin recorded as unknown place, Egypt not stated - hence PROBABLE. | Record 'krokodillemumie' from the Zootomical Museum via Prof. Chr. Boeck; place 'Ukjent Sted' - Egyptian origin not stated. The museum also has an Egyptian collection (not checked here).","Kulturhistorisk museum, Universitetet i Oslo; Kulturhistorisk museum, Universitetet i Oslo (Etnografi)",1,1,UNKNOWN,https://api.dimu.org/api/solr/select (DigitaltMuseum); https://api.dimu.org/artifact/uuid/41de148f-ca6e-4e8f-84a0-a3b20471ce53,UNKNOWN,nordic_baltic;portals_europe
INST-NO-002,University Museum of Bergen,Bergen,NO,https://digitaltmuseum.no/0210112448750/etnografisk-samling-gjenstandsfoto; https://digitaltmuseum.no/owners/UMUIB-F,YES,1,"Two cat mummy photos in the same series (Bf_DiE_000070, 000071); object records of the ethnographic collection not found online for the crocodile.","UNKNOWN (photos Bf_DiE_000068, Bf_DiE_000069)",NATIONAL_PORTAL; OFFICIAL_API,https://digitaltmuseum.no/0210112448750/etnografisk-samling-gjenstandsfoto; https://digitaltmuseum.no/0210112448751/etnografisk-samling-gjenstandsfoto; https://digitaltmuseum.no/0210112448750,UNKNOWN,YES,"CC BY-SA | CC BY-SA (DigitaltMuseum licence code 'by-sa', photographer Svein Skare) | CC BY-SA ('Attrbution-ShareAlike (CC BY-SA)' on DigitaltMuseum; API code 'by-sa')",YES,NO,CONFIRMED,2026-09-24,"Museum's own object photographs of its ethnographic collection show an Egyptian 'Mumie av Krokodille' (resin-coated hatchling, unwrapped). Object number not published. | Only object photographs ('Etnografisk samling gjenstandsfoto', motif 'Mumie av Krokodille', depicted place Egypt) - object record/inventory number not found; photo viewed shows an unwrapped crocodile mummy.","Universitetsmuseet i Bergen; Universitetsmuseet i Bergen, Universitetet i Bergen",2,1,UNKNOWN,https://api.dimu.org/api/solr/select; https://api.dimu.org/artifact/uuid/3132f573-5696-4d98-93c6-53ba8b0ce302,UNKNOWN,nordic_baltic;portals_europe
INST-NZ-001,Auckland War Memorial Museum,Auckland,NZ,https://www.aucklandmuseum.com/discover/collections/record/563692; https://www.aucklandmuseum.com/discover/collections,YES,2,"None found: DigitalNZ search text=mummy within Auckland Museum = 35 records, only 1 crocodile mummy (others: cat, bird mummies, cloth, portraits)",13061; 13061 (ethnology),NATIONAL_PORTAL,https://api.digitalnz.org/v3/records/39611220.json; https://www.aucklandmuseum.com/discover/collections/record/563692; https://api.digitalnz.org/records/39611220.json; https://api.digitalnz.org/records.json?text=crocodile+mummy; https://www.aucklandmuseum.com/discover/collections/record/563692 (HTTP 403 to curl/WebFetch),UNKNOWN,YES,"© Auckland Museum CC BY 4.0 | © Auckland Museum CC BY 4.0 (as republished by DigitalNZ) | © Auckland Museum CC BY 4.0 (DigitalNZ rights field) | © Auckland Museum CC BY 4.0 (DigitalNZ 'rights'; usage: Share, Modify, Use commercially)",YES,UNKNOWN,CONFIRMED,2026-09-24,"Museum site 403 during session; evidence via DigitalNZ republication of the museum's own record. | Museum web record and API blocked (403); record confirmed through DigitalNZ national portal only. Other DigitalNZ Auckland hits: statuette Sobek (563738), amulets Sobek (854275, 854271), figurine reptile (509615) — not mummies.",Auckland War Memorial Museum Tāmaki Paenga Hira; Tāmaki Paenga Hira,2,2,UNKNOWN,https://api.aucklandmuseum.com (blocked 403 during session); DigitalNZ API https://api.digitalnz.org/v3/records.json; https://api.aucklandmuseum.com (returned 403 'Too many requests' on 2026-09-24); DigitalNZ API republishes records,UNKNOWN,canada_oceania;portals_world
INST-PL-001,National Museum in Lublin,Lublin,PL,https://zamek-lublin.pl/magia-starozytnego-egiptu/mumie-zwierzece/,NO,0,cat mummy on same display,UNKNOWN,OFFICIAL_WEBPAGE,https://zamek-lublin.pl/magia-starozytnego-egiptu/mumie-zwierzece/,UNKNOWN,NO,UNKNOWN,NO,NO,PROBABLE,2026-09-24,"Official page names the object but gives no inventory number and does not state whether it is owned or on loan; ancient Egyptian items are absent from the museum's online catalogue (searched mumia, krokodyl, keyword 'mumie', place 'Egipt (Afryka)').",Muzeum Narodowe w Lublinie,1,0,1 (mummy of a small crocodile on display) (Official exhibition text 'Magia Starożytnego Egiptu' – Mumie zwierzęce: 'Drugi zabytek to mumia małego krokodyla'; 'Na wystawie jest mumia małego krokodyla') [central_east_europe],UNKNOWN,UNKNOWN,central_east_europe
INST-PL-002,National Museum in Poznań,Poznań,PL,https://mnp.art.pl/,NO,0,UNKNOWN,UNKNOWN,SECONDARY,https://poznan.naszemiasto.pl/muzeum-narodowe-krokodyl-w-muzeum-skarby-starozytnosci-w/ar/c13-3296793,UNKNOWN,UNKNOWN,UNKNOWN,NO,NO,UNVERIFIED,2026-09-24,"News: 'Muzeum Narodowe w Poznaniu ma w swoich zbiorach mumię głowy krokodyla sprzed ponad 2,5 tysiąca lat' displayed in Gallery of Ancient Art (Egypt). mnp.art.pl WP search (krokodyl, mumia, Sobek, Egipt) found nothing; no online collection DB found (zbiory.mnp.art.pl proxy 502). Would be class D if confirmed.",Muzeum Narodowe w Poznaniu,1,0,"1 (mummified crocodile head, per news) (poznan.naszemiasto.pl news 27 Feb 2015 (candidate only)) [central_east_europe]",UNKNOWN,UNKNOWN,central_east_europe
INST-RO-001,National Museum of Transylvanian History,Cluj-Napoca,RO,https://clasate.cimec.ro/Lista.asp?psearch=crocodil,YES,2,"Clasate covers only legally classified objects; other animal mummies of the Egyptian collection (ibis V 1660, V 58144; cat sarcophagus) are listed; unclassified crocodile items would not appear.",V 1681; V 1681 (two Clasate records with same number); V 1681 (second record),NATIONAL_PORTAL; OFFICIAL_API; IIIF,https://clasate.cimec.ro/detaliu.asp?k=64ef45de9f2e40aeb9f6f79e2f231e85; https://clasate.cimec.ro/detaliu.asp?k=8062b87c49e34ec5a883a119839c4e75; https://www.europeana.eu/item/2048047/Clasate_64ef45de9f2e40aeb9f6f79e2f231e85; https://www.europeana.eu/item/2048047/Clasate_8062b87c49e34ec5a883a119839c4e75; provider: https://clasate.cimec.ro/detaliu.asp?k=64ef45de9f2e40aeb9f6f79e2f231e85; provider: https://clasate.cimec.ro/detaliu.asp?k=8062b87c49e34ec5a883a119839c4e75,UNKNOWN,YES,CC BY-SA 4.0 | Europeana edm:rights http://creativecommons.org/licenses/by-sa/4.0/ | CC BY-SA 4.0 (as stated on Clasate records and Europeana edmRights),YES,YES,CONFIRMED,2026-09-24,Object known only via the national register of classified heritage; no museum-hosted online collection DB found. | Romanian national 'Clasate' register (legally classified heritage). Found via Europeana only.,Muzeul Național de Istorie a Transilvaniei,2,2,UNKNOWN,https://api.europeana.eu/record/v2/2048047/Clasate_64ef45de9f2e40aeb9f6f79e2f231e85.json; Europeana dataset 2048047 (INP Clasate),https://iiif.europeana.eu/presentation/2048047/Clasate_64ef45de9f2e40aeb9f6f79e2f231e85/manifest,central_east_europe;portals_europe
INST-SE-001,Bohuslän Museum (Bohusläns museum),Uddevalla,SE,https://digitaltmuseum.se/owners/S-BM,YES,2,None found (DiMu 'krokodil AND mumie' returns only UM000548 for this owner),UM000548 (2 individuals); UM000548 (2 hatchling mummies); UM000548,NATIONAL_PORTAL; OFFICIAL_API; IIIF,https://digitaltmuseum.se/011024262585/mumie; https://api.dimu.org/artifact/uuid/5c94ebc5-6359-4b46-8145-da5255296acf; https://digitaltmuseum.se/011024262585; https://www.europeana.eu/item/916105/bhm_object_UM000548,"Museum MS catalogues: K. A. Andersson, katalog II (1916), No 66; handwritten catalogue 1957-58 (quoted in DB)",YES,"CC BY-NC-ND | CC BY-NC-ND (DigitaltMuseum 'CC by-nc-nd'; Europeana http://creativecommons.org/licenses/by-nc-nd/4.0/) | CC BY-NC-ND (DigitaltMuseum record licence 'by-nc-nd', Erkännande-Icke kommersiell-Inga bearbetningar); photos credited Bohusläns museum",YES,YES,CONFIRMED,2026-09-24,"Two crocodile hatchling mummies (one wrapped, one unwrapped) from 'the graves at Manfalut, Egypt, 1850', gift of D. J. Macfie, Edinburgh, 1866; displayed in a glass box. | Small regional museum found only via portals (Europeana/DigitaltMuseum/K-samsök). Provenance 'Manfaloot' 1850; gift of D. J. Macfie, Edinburgh, 1866.",Bohusläns museum,1,1,2 (DigitaltMuseum record UM000548: 'Två mumifierade krokodilungar' / 1916 catalogue No 66 'Två små Krokodil-mumier') [nordic_baltic],https://api.dimu.org/api/solr/select (DigitaltMuseum); https://api.dimu.org/artifact/uuid/5c94ebc5-6359-4b46-8145-da5255296acf; K-samsök http://kulturarvsdata.se/bhm/object/UM000548,https://iiif.europeana.eu/presentation/916105/bhm_object_UM000548/manifest (Europeana-generated),nordic_baltic;portals_europe
INST-SE-004,Malmö Museer,Malmö,SE,http://carlotta.malmo.se/carlotta-mmus/,YES,1,UNKNOWN,MM 000030,NATIONAL_PORTAL; OFFICIAL_API; IIIF,https://kulturarvsdata.se/MM/objekt/21265; https://www.europeana.eu/item/91658/MM_objekt_21265; http://carlotta.malmo.se/carlotta-mmus/web/object/21265,UNKNOWN,YES,images CC BY-NC-ND 2.5 SE (http://creativecommons.org/licenses/by-nc-nd/2.5/se/) per K-samsök; Europeana http://creativecommons.org/licenses/by-nc-nd/4.0/ | K-samsök metadata licence CC0 (http://creativecommons.org/publicdomain/zero/1.0/); images http://creativecommons.org/licenses/by-nc-nd/2.5/se/ ; Europeana edm:rights http://creativecommons.org/licenses/by-nc-nd/4.0/,YES,YES,CONFIRMED,2026-09-24,Carlotta DB under maintenance 2026-09-24; K-samsök used. Only a front part of a hatchling found.,Malmö Museer,1,1,UNKNOWN,K-samsök https://kulturarvsdata.se/MM/objekt/21265,https://iiif.europeana.eu/presentation/91658/MM_objekt_21265/manifest (Europeana-generated),portals_europe
INST-SE-002,Malmö Museum (Malmö Museer),Malmö,SE,https://carlotta.malmo.se/carlotta-mmus/web,YES,1,None found: Carlotta free search 'mumifierad' = 1 hit (MM 000030); 'Sebek' = MM 000030 + 2 prints,MM 000030,OFFICIAL_DB; NATIONAL_PORTAL,https://carlotta.malmo.se/carlotta-mmus/web/object/21265; https://api.europeana.eu/record/v2/search.json?wskey=api2demo&query=krokodil&qf=DATA_PROVIDER:%22Malm%C3%B6%20Museum%22,UNKNOWN,YES,CC BY-NC-ND 2.5 | CC BY-NC-ND 2.5 (licence link on Carlotta page; K-samsök mediaLicense by-nc-nd),YES,NO,CONFIRMED,2026-09-24,"One partial crocodile hatchling mummy (front part), gift 1865, formerly in the ethnographic collection (code 'etn').",Malmö Museer / Malmö Museum,1,1,UNKNOWN,https://kulturarvsdata.se/ksamsok/api (K-samsök),UNKNOWN,nordic_baltic
INST-SE-003,Museum of Mediterranean and Near Eastern Antiquities (Medelhavsmuseet),Stockholm,SE,https://collections.smvk.se/carlotta-mhm/web; https://collections.smvk.se/carlotta-mhm/,YES,22,"Unidentified linen bundles/animal-mummy fragments X-rayed 2012 with contents not stated online (MM 11006, MM 30794, MM 30795, MM 30796, NME 794) - no evidence they contain crocodile; linen wrapping removed from MME 1983:013 A kept at Etnografiska museet cold room box MM:1 (per DB). DB comment on MME 1983:013 A mentions X-ray at Karolinska Sjukhuset 21 May 2012 of several crocodiles (Dr Johan Henriksson) - no publication found. | Carlotta photo records 0496G ('Mumie av krokodil', http://collections.smvk.se/carlotta-mhm/web/object/3910030) and 076S/35 ('Röntgenbild av mumie, krokodilungar', http://collections.smvk.se/carlotta-mhm/web/object/3978384) document crocodile mummies (not separately counted). NME 793 was registered as a crocodile mummy but X-ray (2012) shows a snake - excluded.",MM 10133; MM 10134; MM 18406; MM 18407; MM 18408; MM 18409; MM 18410; MM 18411; MM 18412; MM 18413; MM 18414 (=MME 1961:263); MM 18415; MM 19240; MM 30721; MM 30810; MM 30865; MME 1977:002; MME 1983:013 A; NME 796; NME 797; NME 799; S.N. E 0064; MM 18414; MME 1983:013 A (linen MME 1983:013 B),OFFICIAL_DB; NATIONAL_PORTAL; IIIF,https://collections.smvk.se/carlotta-mhm/web/object/3016253; https://kulturarvsdata.se/ksamsok/api?method=search&hitsPerPage=200&query=serviceOrganization%3DSMVK-MM%20and%20text%3Dkrokodil; https://api.europeana.eu/record/v2/search.json?wskey=api2demo&query=krokodil%20OR%20crocodile%20OR%20crocodylus&qf=DATA_PROVIDER:%22The%20Museum%20of%20Mediterranean%20and%20Near%20Eastern%20Antiquities%22; https://www.europeana.eu/item/91639/SMVK_MM_objekt_3016253; https://api.europeana.eu/record/v2/search.json?wskey=api2demo&query=crocodile%20mummy; https://collections.smvk.se/carlotta-mhm/web/object/3015895; https://www.europeana.eu/item/91639/SMVK_MM_objekt_3015895; https://collections.smvk.se/carlotta-mhm/web/object/3015891; https://www.europeana.eu/item/91639/SMVK_MM_objekt_3015891; https://collections.smvk.se/carlotta-mhm/web/object/3011859; https://www.europeana.eu/item/91639/SMVK_MM_objekt_3011859; https://collections.smvk.se/carlotta-mhm/web/object/3011834; https://www.europeana.eu/item/91639/SMVK_MM_objekt_3011834; https://collections.smvk.se/carlotta-mhm/web/object/3011847; https://www.europeana.eu/item/91639/SMVK_MM_objekt_3011847; https://collections.smvk.se/carlotta-mhm/web/object/3011846; https://www.europeana.eu/item/91639/SMVK_MM_objekt_3011846; https://collections.smvk.se/carlotta-mhm/web/object/3011831; https://www.europeana.eu/item/91639/SMVK_MM_objekt_3011831; https://collections.smvk.se/carlotta-mhm/web/object/3011856; https://www.europeana.eu/item/91639/SMVK_MM_objekt_3011856; https://collections.smvk.se/carlotta-mhm/web/object/3011845; https://www.europeana.eu/item/91639/SMVK_MM_objekt_3011845; https://collections.smvk.se/carlotta-mhm/web/object/3011857; https://www.europeana.eu/item/91639/SMVK_MM_objekt_3011857; https://collections.smvk.se/carlotta-mhm/web/object/3016279; https://www.europeana.eu/item/91639/SMVK_MM_objekt_3016279; https://collections.smvk.se/carlotta-mhm/web/object/3016255; https://www.europeana.eu/item/91639/SMVK_MM_objekt_3016255; https://collections.smvk.se/carlotta-mhm/web/object/3016257; https://www.europeana.eu/item/91639/SMVK_MM_objekt_3016257; https://collections.smvk.se/carlotta-mhm/web/object/3016256; https://www.europeana.eu/item/91639/SMVK_MM_objekt_3016256; https://collections.smvk.se/carlotta-mhm/web/object/3016260; https://www.europeana.eu/item/91639/SMVK_MM_objekt_3016260; https://collections.smvk.se/carlotta-mhm/web/object/3016258; https://www.europeana.eu/item/91639/SMVK_MM_objekt_3016258; https://collections.smvk.se/carlotta-mhm/web/object/3016259; https://www.europeana.eu/item/91639/SMVK_MM_objekt_3016259; https://collections.smvk.se/carlotta-mhm/web/object/3016261; https://www.europeana.eu/item/91639/SMVK_MM_objekt_3016261; https://collections.smvk.se/carlotta-mhm/web/object/3016254; https://www.europeana.eu/item/91639/SMVK_MM_objekt_3016254; https://collections.smvk.se/carlotta-mhm/web/object/3016262; https://www.europeana.eu/item/91639/SMVK_MM_objekt_3016262; https://collections.smvk.se/carlotta-mhm/web/object/3016263; https://www.europeana.eu/item/91639/SMVK_MM_objekt_3016263,UNKNOWN (no published catalogue of the crocodile mummies found),YES,"Images CC BY 4.0, (c) Statens museer för världskultur (per K-samsök mediaLicenseUrl and Carlotta page licence link); metadata CC0 (K-samsök itemLicense) | CC BY 4.0 (https://creativecommons.org/licenses/by/4.0/ on Carlotta records; Europeana edm:rights http://creativecommons.org/licenses/by/4.0/); photo-archive records CC BY-NC-ND 2.5 | CC BY 4.0 (https://creativecommons.org/licenses/by/4.0/), (c) Statens museer for varldskultur",YES,YES,CONFIRMED,2026-09-24,"22 distinct crocodile mummies/parts: mostly hatchlings/juveniles (Retzius collection MM 18406-18415; Otto Smith gift MM 10133-10134 L. 99 and 90.8 cm; B. Cronstrand 1842 via Nationalmuseum/Riksmuseet NME 797, MME 1983:013 A). Most not on display are recorded as 'Loan out / Current 0000.0006' to Etnografiska museet (SMVK storage). MM 10134 currently on loan to Östergötlands museum, Linköping (loan 2020.0005). Exhibition 'Egypten' 2014-, showcase 8.4 'Mummified young crocodiles'. Provenance recorded only as 'Egypt'. | 22 crocodile-mummy objects found through Europeana and confirmed on Carlotta (portals_europe). Many X-rayed at Karolinska Sjukhuset 21 May 2012. Retzius collection and Cronstrand (1842) provenances. Regional agent nordic_baltic may duplicate.",Medelhavsmuseet (Statens museer för världskultur),22,22,UNKNOWN,"https://kulturarvsdata.se/ksamsok/api (K-samsök, national); Europeana Search API; Europeana API (datasets 91639, 91644, 91640); K-samsök http://kulturarvsdata.se/SMVK-MM/objekt/<id>","Europeana-generated IIIF Presentation v2 manifests, e.g. https://iiif.europeana.eu/presentation/91639/SMVK_MM_objekt_3016253/manifest (no provider-native IIIF seen)",nordic_baltic;portals_europe
INST-SK-001,Bratislava City Museum,Bratislava,SK,https://slovakiana.sk/kulturne-objekty/cair-ko24op6,YES,5,UNKNOWN,"VE-00045/001; VE-00045/002; VE-00045/003; VE-00045/004; VE-00045/005 (= VE 45 a-e, 1979); VE-00045/005",NATIONAL_PORTAL; OFFICIAL_API; MONOGRAPH,https://slovakiana.sk/kulturne-objekty/cair-ko253s7; https://slovakiana.sk/kulturne-objekty/cair-ko24obh; https://slovakiana.sk/kulturne-objekty/cair-ko1l2bj; https://slovakiana.sk/kulturne-objekty/cair-ko24op6; https://slovakiana.sk/kulturne-objekty/cair-ko4qn3t; http://fi.nm.cz/wp-content/uploads/2020/09/Strouhal-mumie-optimalizovano.pdf,UNKNOWN,YES,"Slovakiana 'Object's rights: voľný' (free) for 3 records with images | Slovakiana: Object's rights 'voľný' (free), objectUse view_free",YES,UNKNOWN,CONFIRMED,2026-09-24,"Slovakiana public API (wcm.slovakiana.sk) discovered from site JS; searched múmia, krokodíl, múmia krokodíla, Sobek, Crocodylus.",Múzeum mesta Bratislavy,5,5,5 (Strouhal & Vyhnánek 1979 Cat. 111-115 (VE 45 a-e); Slovakiana lists 5 records VE-00045/001-005) [central_east_europe],https://wcm.slovakiana.sk/culturalobject/search?searchText=múmia krokodíla&searchByKeywords=true,UNKNOWN,central_east_europe
INST-UA-001,D.I. Yavornytsky National Historical Museum of Dnipro,Dnipro,UA,UNKNOWN,NO,0,"Holds crocodile mummy/mummies: Ukraine has four crocodile mummies across NPKPL, OAM and DYDHM (Yanish et al. 2025, citing Fomenko & Shamray 2006); number at Dnipro not stated",UNKNOWN,PEER_REVIEWED,https://www.journals.vu.lt/archaeologia-lituana/en/article/download/43586/41741; https://www.journals.vu.lt/archaeologia-lituana/en/article/download/43586/41741/131984,"Fomenko, I.A. & Shamray, H.F. 2006. Yehypets'ki starozhytnosti v kolektsiyi Dnipropetrovs'koho istorychnoho muzeyu im. D.I. Yavornyts'koho. Dnipropetrovsk: Art-pres | Fomenko & Shamray 2006 (cited)",UNKNOWN,UNKNOWN,UNKNOWN,UNKNOWN,PROBABLE,2026-09-24,No inventory number; institution named in scholarly source as holder. | Named by Yanish et al. 2025 among Ukrainian institutions housing the four crocodile mummies; no object details.,Дніпропетровський національний історичний музей ім. Д. І. Яворницького,0,0,UNKNOWN,UNKNOWN,UNKNOWN,literature;toponyms
INST-UA-002,Kyiv-Pechersk Lavra National Preserve,Kyiv,UA,UNKNOWN,YES,1,UNKNOWN,KPL Arh-826,PEER_REVIEWED,https://www.journals.vu.lt/archaeologia-lituana/en/article/download/43586/41741,Yanish et al. 2025,UNKNOWN,UNKNOWN,UNKNOWN,UNKNOWN,CONFIRMED,2026-09-24,Name as printed in Yanish et al. 2025 ('Kyiv-Pechersk Lavra National Preserve (NPKPL)'); official name to be verified by regional agent.,UNKNOWN,1,1,UNKNOWN,UNKNOWN,UNKNOWN,literature
INST-UA-004,National Kyiv-Pechersk Historical and Cultural Preserve (Kyiv-Pechersk Lavra National Preserve),Kyiv,UA,UNKNOWN,YES,4,UNKNOWN,KPL Arh-826,PEER_REVIEWED,https://doi.org/10.15388/archlit.2025.26.10; https://www.journals.vu.lt/archaeologia-lituana/en/article/download/43586/41741/131984,UNKNOWN,NO,UNKNOWN,NO,NO,CONFIRMED,2026-09-24,Found via Crossref literature query (reverse lookup). Specimen studied in 'Ukrainian Mummy Project'.,Національний Києво-Печерський історико-культурний заповідник,1,1,"4 crocodile mummies in Ukrainian museums (NPKPL, Odesa Archaeological Museum, Dnipro Yavornytsky Museum) (Yanish et al. 2025, Archaeologia Lituana 26 (citing Fomenko & Shamray 2006)) [toponyms]",UNKNOWN,UNKNOWN,toponyms
INST-UA-005,Odesa Archaeological Museum of the National Academy of Sciences of Ukraine,Odesa,UA,UNKNOWN,NO,0,UNKNOWN,possibly 1208 (text ambiguous: may be the former Kyiv University museum number of the Kyiv specimen),PEER_REVIEWED,https://www.journals.vu.lt/archaeologia-lituana/en/article/download/43586/41741/131984,Fomenko & Shamray 2006; Tarasenko 2019 (cited in Yanish et al. 2025),UNKNOWN,UNKNOWN,UNKNOWN,UNKNOWN,PROBABLE,2026-09-24,"Yanish et al. 2025: four crocodile mummies housed in institutions such as NPKPL, the Odessa Archaeological Museum (OAM) and the Dnipro museum; OAM holds the ex-Kyiv University coffins 'alongside ... a crocodile mummy (Inv. No. 1208)'. No individual OAM object unambiguously identified.",Одеський археологічний музей НАН України,0,0,UNKNOWN,UNKNOWN,UNKNOWN,toponyms
INST-UA-003,Odessa Archaeological Museum of the NAS of Ukraine,Odesa,UA,UNKNOWN,YES,1,UNKNOWN,Inv. No. 1208 (as printed); Inv. No. 1208,PEER_REVIEWED,https://www.journals.vu.lt/archaeologia-lituana/en/article/download/43586/41741,Tarasenko 2019; Tarasenko 2021,UNKNOWN,UNKNOWN,UNKNOWN,UNKNOWN,CONFIRMED,2026-09-24,One crocodile mummy + two snake mummies (Yanish et al. 2025 citing Tarasenko 2021),UNKNOWN,1,1,UNKNOWN,UNKNOWN,UNKNOWN,literature
INST-US-001,Brooklyn Museum,"Brooklyn, New York",US,https://www.brooklynmuseum.org/opencollection/collections,NO,0,"Search-engine results (not opened) list brooklynmuseum.org object pages titled 'Crocodile Mummy' (https://www.brooklynmuseum.org/objects/3124 ; https://brooklynmuseum.org/opencollection/objects/117917); snippet-derived accession numbers 14.668 (1st century, Nile crocodile, linen, white tape), 37.1365E (Ptolemaic, 'Manfalont'), 37.1366E (Late Period). Bleiberg, Barbash & Bruno 2013 'Soulful Creatures' catalogue (Brooklyn) presumably lists them - not accessed.",UNKNOWN (candidate: 14.668; 37.1365E; 37.1366E - snippet only),SECONDARY,https://www.brooklynmuseum.org/objects/3124 (429 Vercel checkpoint); https://www.brooklynmuseum.org/opencollection/objects/117917 (429),"Bleiberg, E., Barbash, Y. & Bruno, L. 2013. Soulful Creatures: Animal Mummies in Ancient Egypt. Brooklyn Museum / D Giles (not accessed)",UNKNOWN,UNKNOWN,YES,UNKNOWN,UNVERIFIED,2026-09-24,Website behind Vercel Security Checkpoint (HTTP 429 for curl and WebFetch); api.brooklynmuseum.org and web.archive.org unreachable; Google Books API quota exhausted; WebSearch budget exhausted. Highly likely holder - re-check from a browser.,UNKNOWN,0,0,UNKNOWN,https://api.brooklynmuseum.org (key required; blocked by egress policy in this session),UNKNOWN,usa_northeast
INST-US-002,Carnegie Museum of Natural History,Pittsburgh,US,UNKNOWN,YES,1,UNKNOWN,1867-4,PEER_REVIEWED,https://mdpi-res.com/d_attachment/heritage/heritage-08-00415/article_deploy/heritage-08-00415.pdf,UNKNOWN,UNKNOWN,UNKNOWN,UNKNOWN,UNKNOWN,CONFIRMED,2026-09-24,usa_northeast agent,UNKNOWN,1,1,UNKNOWN,UNKNOWN,UNKNOWN,literature
INST-US-003,Field Museum of Natural History,Chicago,US,https://collections-anthropology.fieldmuseum.org/,YES,1,"Press release 'Inside Ancient Egypt': 'On display are 31 animal mummies including cats, falcons, even a crocodile' (may be same or different from the neonatal crocodile in the Mummies exhibition); news on 2015 NHM LA venue of the Field Museum's 'Mummies' exhibition mentions baby crocodiles and 'a crocodile mummy encased in an intricate, segmented linen-and-canvas shroud' (secondary).",UNKNOWN,OFFICIAL_WEBPAGE,https://www.fieldmuseum.org/blog/animal-mummies-sale-ancient-egypt; https://www.fieldmuseum.org/about/press/inside-ancient-egypt,UNKNOWN,YES,UNKNOWN,UNKNOWN,UNKNOWN,CONFIRMED,2026-09-24,Anthropology collections database (EMu web) blocked by Cloudflare Turnstile/BunkerWeb for curl and WebFetch; inventory numbers could not be retrieved - needs manual browser check (search 'crocodile' in Egypt). Count of crocodile mummies unknown (at least 1).,UNKNOWN,1,1,UNKNOWN,UNKNOWN,UNKNOWN,usa_midwest_west
INST-US-004,"Institute for the Study of Ancient Cultures Museum, University of Chicago (formerly Oriental Institute Museum)",Chicago,US,https://isac-idb.uchicago.edu/,YES,34,None found beyond the 34 DB records (E695-E728 incl. E702A).,E695-E701; E702A; E703-E728; E695; E696; E697; E698; E699; E700; E701; E703; E704; E705; E706; E707; E708; E709; E710; E711; E712; E713; E714; E715; E716; E717; E718; E719; E720; E721; E722; E723; E724; E725; E726; E727; E728,OFFICIAL_DB; OFFICIAL_API; OFFICIAL_WEBPAGE,https://isac-idb.uchicago.edu/solr/index.php?dataset=MC&q=crocodile; https://isac-idb.uchicago.edu/id/c10da6f4-b22d-472b-bda3-5768b36e62d9; https://mag.uchicago.edu/science-medicine/mummy-figures; https://isac-idb.uchicago.edu/id/67219f3e-551d-47b5-a6ce-4b9396959e51; https://isac-idb.uchicago.edu/id/b0cce3ee-b317-4760-a6c0-5e22977a301f; https://isac-idb.uchicago.edu/id/311a9a30-269e-4f52-8e13-c23deaed1b77; https://isac-idb.uchicago.edu/id/6b97e9b5-8329-47f8-98e6-b3b1aa70df7f; https://isac-idb.uchicago.edu/id/280c9c9a-5e8e-479e-b615-57f9b97936e3; https://isac-idb.uchicago.edu/id/aa729129-e547-4d46-9a85-fa052b9be55f; https://isac-idb.uchicago.edu/id/0a4e40ce-3dc9-4f4f-a55e-4aebf5dc9afc; https://isac-idb.uchicago.edu/id/da9a30ca-c268-4636-aede-3c9fb5a43bc2; https://isac-idb.uchicago.edu/id/44cfe8e1-2f39-4167-b07d-e380b53cc51b; https://isac-idb.uchicago.edu/id/b344b048-6873-44eb-bf18-16ed12ce7d25; https://isac-idb.uchicago.edu/id/9fc5fbf0-9712-4890-99d0-24fb0f63b869; https://isac-idb.uchicago.edu/id/f5f819cc-573d-4e70-ba94-5ab0b2fc7406; https://isac-idb.uchicago.edu/id/f092564b-ffdd-46c4-b11d-a67ecba191a4; https://isac-idb.uchicago.edu/id/64bc0588-2a89-4514-bb63-74d9ff30d2d5; https://isac-idb.uchicago.edu/id/12aca462-02be-40b4-99eb-ace6dd3ac0a4; https://isac-idb.uchicago.edu/id/fafca63a-2d07-4f08-94ad-04e036a8d105; https://isac-idb.uchicago.edu/id/a0df1d47-39e7-4804-bf6a-2871b9fc731e; https://isac-idb.uchicago.edu/id/a0869d60-4402-4205-a8ab-a42c819b5dde; https://isac-idb.uchicago.edu/id/fdc22110-7d6a-4d30-bfb0-380e8a02f0a5; https://isac-idb.uchicago.edu/id/39adaf20-bfc1-4f60-81fe-c538c5ca62f7; https://isac-idb.uchicago.edu/id/c4c12850-d4c4-4e7b-ac2a-aaff02f48d7b; https://isac-idb.uchicago.edu/id/54f22194-a701-4ad7-8922-94e4f6552fea; https://isac-idb.uchicago.edu/id/4e357cc6-c02c-4474-8615-dd7eaba16aeb; https://isac-idb.uchicago.edu/id/5d3a8ac3-e5ef-4ca7-97d0-5c13a5e0bfcb; https://isac-idb.uchicago.edu/id/6d275fce-8a14-4a69-bffc-efeda1882d07; https://isac-idb.uchicago.edu/id/8f481eac-559e-48ea-aac9-263ba20b89d4; https://isac-idb.uchicago.edu/id/e96d5aea-6f10-436b-9729-6bb4a4eb4065; https://isac-idb.uchicago.edu/id/2992532a-b0ad-493b-b1a0-2c03b6c7681e; https://isac-idb.uchicago.edu/id/e2eef860-2ea4-429e-9081-bc8b7baea6bd; https://isac-idb.uchicago.edu/id/3e645d18-923b-48fd-9527-720e1bda6111; https://isac-idb.uchicago.edu/id/d6602668-448d-431a-895d-3eb8f662caaf; https://isac-idb.uchicago.edu/id/fe3bdf71-e7d6-4d5d-bb1e-bccf0b67cf0d; https://isac-idb.uchicago.edu/id/d841f886-395b-44fa-b321-9399fddc5f1e,UNKNOWN,YES,"ISAC IDB 'Terms of Use' shows CC BY-NC-ND 4.0 icon (site-wide) | Site-wide ""Terms of Use"" CC BY-NC-ND 4.0 icon on ISAC IDB (per-image licence not stated)",YES,NO,CONFIRMED,2026-09-24,"All 34 records: provenance 'Unknown (Egypt)', period 'Late Period', accession 11; media captions carry prefix '[Shegilgil]' (unexplained). DB total 34 vs magazine 33 (27+6). Mostly small (c. 10-37 cm) wrapped juveniles plus heads/feet. Only E701 on display.",UNKNOWN,34,34,"33 ('27 crocodiles (and six ""parts of crocodiles"")' - Gibson 2014, University of Chicago Magazine https://mag.uchicago.edu/science-medicine/mummy-figures) [usa_midwest_west]",https://isac-idb.uchicago.edu/solr/index.php?dataset=MC&q=<query> (Solr JSON); images https://isac-idb-static.uchicago.edu/multimedia/<irn>/<file>,UNKNOWN,usa_midwest_west
INST-US-005,Metropolitan Museum of Art,New York,US,https://www.metmuseum.org/art/collection/search; https://www.metmuseum.org/art/collection,YES,2,"Met 04.2.813 'Rope' from 'Crocodile mummy cave', Manfalut (Gift of Darius Ogden Mills, 1904) suggests further material from the Manfalut crocodile caves may exist in storage records not titled as crocodile | Met API 'crocodile' = 653 hits (not exhaustively screened by this agent); 04.2.813 rope 'From Middle Egypt Manfalut Crocodile mummy cave' (Gift of Darius Ogden Mills, 1904) suggests the Met also received other Manfalut cave material | 04.2.813 rope from 'Crocodile mummy cave', Manfalut (Gift of Darius Ogden Mills 1904) indicates material from the Manfalut crocodile caves; no further crocodile mummies found in API.","90.6.115 (crocodile mummy); 12.182.33 (mask for a crocodile mummy, class E); 90.6.115 (crocodile mummy, possibly Manfalut); 12.182.33 (mask for crocodile mummy, Fayum); 90.6.115; 12.182.33",OFFICIAL_API; OFFICIAL_DB,https://collectionapi.metmuseum.org/public/collection/v1/objects/570752; https://collectionapi.metmuseum.org/public/collection/v1/objects/552246; https://collectionapi.metmuseum.org/public/collection/v1/search?q=crocodile%20mummy; https://www.metmuseum.org/art/collection/search/570752; https://www.metmuseum.org/art/collection/search/552246,UNKNOWN,YES,"Public Domain (Met Open Access, CC0) for both objects (API isPublicDomain=true) | Public domain (Open Access, isPublicDomain true) | Public Domain (Open Access, CC0) for isPublicDomain objects | Public Domain (Met Open Access, CC0) — API isPublicDomain=true",YES,NO,CONFIRMED,2026-09-24,"12 API queries, 732 unique object records fetched and screened (all 653 'crocodile' hits in all departments, 128 Egyptian-Art 'crocodile', 76 'animal mummy', 24 'Sobek'). Web object pages returned HTTP 429 (Vercel checkpoint) to curl/WebFetch. iiif_available=NO means the Met API exposes no IIIF endpoint (not verified for other Met services). | Recorded via Manfalut/Fayum reverse lookup; usa_northeast agent should screen full 'crocodile' result set. | API queries (Egyptian Art dept 10): crocodile (128), crocodile mummy, animal mummy (76), sacred animal mummy (182), animal remains (55), Manfalut (2), Sobek (24), crocodile coffin, mummified crocodile; all-department 'crocodile' (653) screened. Only one crocodile mummy and one crocodile mummy mask found.",UNKNOWN,2,2,UNKNOWN,https://collectionapi.metmuseum.org/public/collection/v1/,UNKNOWN,portals_world;toponyms;usa_northeast
INST-US-006,"Michael C. Carlos Museum, Emory University",Atlanta,US,https://collections.carlos.emory.edu/,NO,0,"NBC News (5 Aug 2010, 'Mummy madness: Museum exhibits lure crowds') states the museum 'currently displays animal mummies, including a crocodile, a cat and a hawk, and coffins created for a lizard, an ibis, a snake and a shrew' - popular news source only; object may have been a loan or not yet catalogued online.",UNKNOWN,SECONDARY,https://www.nbcnews.com/id/wbna38545449,UNKNOWN,UNKNOWN,UNKNOWN,NO,UNKNOWN,UNVERIFIED,2026-09-24,"Official eMuseum searched (crocodile, crocodile mummy, animal mummy, Sobek, Crocodylus, Kom Ombo, hatchling, medium 'animal remains'): only falcon, cat, dog, bird and fish mummies found; no crocodile mummy record online. Many Egyptian animal mummies came with the 1999 Niagara Falls Museum purchase. Needs direct enquiry to museum.",UNKNOWN,0,0,UNKNOWN,UNKNOWN,UNKNOWN,usa_south
INST-US-007,"National Museum of Natural History, Smithsonian Institution","Washington, DC",US,https://collections.nmnh.si.edu/search/anth/,YES,2,Lot AT5604-0 'Mummified Reptiles' (ca. 50 specimens) is described as incl. crocodiles and an exhibit label speaks of '4 crocodile mummies with this number'; A1563-A1566 and AT5602-0 'Fragments of mummied animals' (Egypt) might contain crocodile material (DB remark on AT5604) but do not mention crocodiles | AT5604-0 is a box of 50 mummified reptiles 'incl. crocodiles' of which 4 crocodile mummies were exhibited; exact number of crocodiles in the lot not stated. Record suggests origin in old catalogue #s 1563-1565.,A74579-0; AT5604-0,OFFICIAL_API; OFFICIAL_DB,https://api.si.edu/openaccess/api/v1.0/search?q=%22crocodile%20mummy%22; http://n2t.net/ark:/65665/316ca3ab2-b419-49f7-be87-a0961d53fc75; http://n2t.net/ark:/65665/3ff0f7649-3cb7-4016-ba07-c184a54e5f29; https://collections.nmnh.si.edu/search/anth/search.php; https://api.si.edu/openaccess/api/v1.0/search?q=crocodile%20mummy; http://n2t.net/ark:/65665/316ca3ab2-b419-49f7-be87-a0961d53fc75 (resolves to https://collections.nmnh.si.edu/search/anth/?ark=ark:/65665/316ca3ab2b41949f7be87a0961d53fc75); https://www.si.edu/object/nmnhanthropology_8314204; https://www.si.edu/object/nmnhanthropology_8325979,UNKNOWN,YES,"Media rights 'Not determined' with statement 'This image was obtained from the Smithsonian Institution. The image or its contents may be protected by international copyright laws.'; metadata CC0 via SI Open Access; these images not in Open Access | Metadata CC0 (Smithsonian Open Access); image licence not stated in API for these records | Media rights field: 'Not determined'; rights statement: 'This image was obtained from the Smithsonian Institution. The image or its contents may be protected by international copyright laws.' Metadata: CC0 (SI Open Access metadata_usage access=CC0); the Open Access API record carries no online_media, i.e. images are NOT in SI Open Access CC0 | Media rights field: 'Not determined'; rights statement: 'This image was obtained from the Smithsonian Institution. The image or its contents may be protected by international copyright laws.' Metadata CC0 (SI Open Access); images not in SI Open Access",YES,UNKNOWN,CONFIRMED,2026-09-24,"Swept NMNH Anthropology (15 keyword queries) and Herpetology (5 queries) backends: only A74579-0 and AT5604-0 are crocodile mummies; herpetology has no mummified crocodile records (46 Crocodylus niloticus hits, 1 from Egypt: USNM 56776, not described as mummified). Also the Smithsonian Libraries record of Georges/Girardet 1862 'Excursion aux grottes de Samoun ou des crocodiles' (call no. G1 .T727) documents the Samoun crocodile caves (not an object). | Both on display in 'Eternal Life in Ancient Egypt' (2011). si.edu and collections.si.edu web pages return 403 bot verification; NMNH Anthropology search is JS-only. Herpetology (NMNHHERPS) has no Egyptian crocodile mummy in API (only modern specimens). Queries 'Sobek' and 'Crocodylus AND Egypt' not completed (DEMO_KEY 429).",UNKNOWN,2,2,UNKNOWN,https://api.si.edu/openaccess/api/v1.0/search (api.data.gov key; DEMO_KEY rate-limited to ~10 req/hour); NMNH anth JSON backend https://collections.nmnh.si.edu/search/anth/search.php (POST action=1&qtype=1&terms=...); https://api.si.edu/openaccess/api/v1.0/search,UNKNOWN,portals_world;usa_south
INST-US-008,Penn Museum (University of Pennsylvania Museum of Archaeology and Anthropology),Philadelphia,US,https://collections.penn.museum/collections/,YES,54,"Hekkala et al. 2011 Table S3 also sampled 'Upenn L12112' (Mummy-Maabdah (Samoun), Late Period) and 'Upenn L12113' (Mummy-Thebes?, G.R. Glidden 1848) - loan numbers not in the online DB (possibly ANSP loan objects later accessioned as 97-121-*). Unspecified animal mummies E3358, E3350 (animal head, 'skin adhering'), 33-19-20, CG2015-4-9 not identified as crocodile. 97-121-12 (Maabdah) was catalogued by ANSP among 'Mummified Crocodiles' but a scan showed it to be a snake. Bronze 'pseudo boxes with crocodile top' E1200, E1201.","E17631; E519; E520; E521; 97-121-3; 97-121-9.1-.20; 97-121-10.1-.20; 97-121-11.1-.6; 2003-34-1A; 2003-34-1B; container E12571; uncertain (bone vs mummy) 29-65-563, E2832; 97-121-11.6; 97-121-11.1; 97-121-11.2; 97-121-11.3; 97-121-11.4; 97-121-11.5; 97-121-10.1; 97-121-10.2; 97-121-10.3; 97-121-10.4; 97-121-10.5; 97-121-10.6; 97-121-10.7; 97-121-10.8; 97-121-10.9; 97-121-10.10; 97-121-10.11; 97-121-10.12; 97-121-10.13; 97-121-10.14; 97-121-10.15; 97-121-10.16; 97-121-10.17; 97-121-10.18; 97-121-10.19; 97-121-10.20; 97-121-9.1; 97-121-9.2; 97-121-9.3; 97-121-9.4; 97-121-9.5; 97-121-9.6; 97-121-9.7; 97-121-9.8; 97-121-9.9; 97-121-9.10; 97-121-9.11; 97-121-9.12; 97-121-9.13; 97-121-9.14; 97-121-9.15; 97-121-9.16; 97-121-9.17; 97-121-9.18; 97-121-9.19; 97-121-9.20; E12571; 29-65-563; E2832",OFFICIAL_DB; OFFICIAL_API; OFFICIAL_WEBPAGE; PEER_REVIEWED,https://collections.penn.museum/collections/object/122018; https://collections.penn.museum/collections/object/117139; https://collections.penn.museum/collections/object/495459; https://collections.penn.museum/collections/assets/data/Penn_Museum_Collections_Data.csv; https://www.penn.museum/sites/expedition/dogs-and-cats-and-birds-oh-my/; https://collections.penn.museum/collections/object/117138; https://collections.penn.museum/collections/object/25658; https://collections.penn.museum/collections/object/160381; https://collections.penn.museum/collections/object/495507; https://collections.penn.museum/collections/object/495472; https://collections.penn.museum/collections/object/495473; https://collections.penn.museum/collections/object/495474; https://collections.penn.museum/collections/object/495475; https://collections.penn.museum/collections/object/495476; https://collections.penn.museum/collections/object/495451; https://collections.penn.museum/collections/object/495452; https://collections.penn.museum/collections/object/495453; https://collections.penn.museum/collections/object/495454; https://collections.penn.museum/collections/object/495455; https://collections.penn.museum/collections/object/495457; https://collections.penn.museum/collections/object/495458; https://collections.penn.museum/collections/object/495460; https://collections.penn.museum/collections/object/495461; https://collections.penn.museum/collections/object/495462; https://collections.penn.museum/collections/object/495463; https://collections.penn.museum/collections/object/495464; https://collections.penn.museum/collections/object/495465; https://collections.penn.museum/collections/object/495466; https://collections.penn.museum/collections/object/495467; https://collections.penn.museum/collections/object/495468; https://collections.penn.museum/collections/object/495469; https://collections.penn.museum/collections/object/495470; https://collections.penn.museum/collections/object/495471; https://collections.penn.museum/collections/object/495425; https://collections.penn.museum/collections/object/495426; https://collections.penn.museum/collections/object/495427; https://collections.penn.museum/collections/object/495428; https://collections.penn.museum/collections/object/495429; https://collections.penn.museum/collections/object/495430; https://collections.penn.museum/collections/object/495431; https://collections.penn.museum/collections/object/495432; https://collections.penn.museum/collections/object/495435; https://collections.penn.museum/collections/object/495436; https://collections.penn.museum/collections/object/495437; https://collections.penn.museum/collections/object/495438; https://collections.penn.museum/collections/object/495439; https://collections.penn.museum/collections/object/495440; https://collections.penn.museum/collections/object/495441; https://collections.penn.museum/collections/object/495442; https://collections.penn.museum/collections/object/495443; https://collections.penn.museum/collections/object/495444; https://collections.penn.museum/collections/object/495445; https://collections.penn.museum/collections/object/495446; https://collections.penn.museum/collections/object/368548; https://collections.penn.museum/collections/object/368549; https://collections.penn.museum/collections/object/106851,Hekkala et al. 2011 Molecular Ecology 20 (Table S3); Griffith 2018 Expedition 60(3),YES,Metadata CC BY 4.0 (Download Data page); images per Penn Museum Terms and Conditions (not stated on object pages) | Object metadata CC BY 4.0 (Download Data page); image use per Penn Museum Terms and Conditions (no licence on object page),YES,UNKNOWN,CONFIRMED,2026-09-24,"52 DB records with objectName 'Mummy,Crocodile' (incl. 'Mummy,Crocodile Head'); 46 of them came from the Academy of Natural Sciences of Philadelphia in 1997 (97-121-*, Thebes/Egypt, Late Period, no images). E17631 (Fayum, EEF/Grenfell 1902) contains three bodies per X-ray. www.penn.museum returns 403 to curl but collections.penn.museum subdomain works.",UNKNOWN,56,54,UNKNOWN,"https://collections.penn.museum/collections/assets/data/Penn_Museum_Collections_Data.csv (full CSV dump, CC BY 4.0)",UNKNOWN,usa_northeast
INST-US-009,Phoebe A. Hearst Museum of Anthropology,Berkeley,US,https://portal.hearstmuseum.berkeley.edu/,YES,22,"Portal query 'crocodile' lists c. 21 crocodile-mummy-related records (incl. two 5-2xxxx records that look like duplicates of 6-21629c/6-21635); Grenfell & Hunt found >1000 crocodile mummies at Tebtunis 1899-1900, 'a few' kept at Hearst per Berkeley Library | Portal also lists 6-20930 'Papyrus fragment' = 'Crocodile eyes of papyrus. Ptolemaic.' (10 pieces, Cemetery 5, Tebtunis) and 6-20959 'Crocodile figure' (gesso/plaster/paint, 'form is stuffed with linen and papyrus, mounted on wooden slab', Cemetery 5 Tebtunis) - possibly crocodile-mummy decoration / pseudo-mummy, not recorded as objects; 6-20315 limestone Sobek statuette 'from Crocodile mummy' (statue, excluded). Grenfell & Hunt found hundreds of crocodile mummies at Tebtunis 1899-1900; most were broken for papyri.",55-12; 55-13; 55-14 (as printed); 5-512; 5-513; 5-513.1; 5-513.2; 5-514; 5-590; 5-592; 5-712; 6-19073; 6-20100; 6-20100.2; 6-20101; 6-21629a; 6-21629b; 6-21629c; 6-21629d; 6-21633; 6-21634; 6-21635; 6-21636; 5-21629c; 5-21635,PEER_REVIEWED; OFFICIAL_DB; OFFICIAL_API; OFFICIAL_WEBPAGE,https://par.nsf.gov/servlets/purl/10511480; https://portal.hearstmuseum.berkeley.edu/catalog.json?q=crocodile&per_page=100; https://news.berkeley.edu/2021/03/02/crocodile-mummies/; https://www.lib.berkeley.edu/libraries/bancroft-library/tebtunis-papyri/history-of-tebtunis-papyri-collection; https://portal.hearstmuseum.berkeley.edu/catalog.json?q=crocodile; https://portal.hearstmuseum.berkeley.edu/catalog/5144fae9-85c9-4783-87fa-a92d8b62be8a; https://portal.hearstmuseum.berkeley.edu/catalog/b9b07e78-c793-485b-9350-c4ad9eb0af93; https://med.stanford.edu/anatomy-library/the-mummy-project/egyptian-mummy-scanning1.html; https://portal.hearstmuseum.berkeley.edu/catalog/21839a0a-5600-4622-a3b1-e242ea43a616; https://portal.hearstmuseum.berkeley.edu/catalog/ea66c0ff-2d10-4d53-9086-835c9f1f5bf7; https://portal.hearstmuseum.berkeley.edu/catalog/e5d11949-2106-4ced-a56f-5ad8b1fd2831; https://portal.hearstmuseum.berkeley.edu/catalog/972b64ed-b67b-446c-ace4-04d7de017a53; https://portal.hearstmuseum.berkeley.edu/catalog/bc3494f8-be44-4b6d-8519-1c1eab41056f; https://portal.hearstmuseum.berkeley.edu/catalog/2caeac90-48f2-4688-aa02-fbc58f24fffb; https://portal.hearstmuseum.berkeley.edu/catalog/72c1e4b5-09d1-4433-aee2-67b1f47c236e; https://portal.hearstmuseum.berkeley.edu/catalog/b46b80f4-5218-4cd0-84da-75cc69cf6eb8; https://portal.hearstmuseum.berkeley.edu/catalog/c5f2a8b3-5cba-46b9-afa0-be617a62425b; https://guides.lib.berkeley.edu/objectlessons/dying; https://portal.hearstmuseum.berkeley.edu/catalog/f95172fe-6d4c-43d8-89b4-3fe37a45234d; https://portal.hearstmuseum.berkeley.edu/catalog/cc568ec2-5f77-4253-aaf2-a3cf3977705d; https://portal.hearstmuseum.berkeley.edu/catalog/7ccb7d61-3f10-4312-8aa3-77370b6e4334; group: https://portal.hearstmuseum.berkeley.edu/catalog/2c38fbfb-ec4f-467c-b7b3-7b71542b5579; https://portal.hearstmuseum.berkeley.edu/catalog/6ac4d138-84bd-4b0c-b118-8d2c07746746; https://portal.hearstmuseum.berkeley.edu/catalog/0e331d57-776e-4e4f-9150-4ebad826f683; https://portal.hearstmuseum.berkeley.edu/catalog/6ecd3eda-271c-4fd3-a7ea-c81e4dc27422; https://portal.hearstmuseum.berkeley.edu/catalog/8ce723ea-a3e2-4b69-a429-af9f0839a35a; https://portal.hearstmuseum.berkeley.edu/catalog/e6a24c24-5106-4a43-8fa0-b0f6b3ab3e51; https://portal.hearstmuseum.berkeley.edu/catalog/d59f6641-305b-4470-b7cf-a573dfbbff0f; https://portal.hearstmuseum.berkeley.edu/catalog/3c853004-406f-46df-a730-ce299e4f59f5; https://portal.hearstmuseum.berkeley.edu/catalog/59585157-16d5-470a-ad1d-ba1bc98b071b,UNKNOWN,YES,UNKNOWN (not stated in record JSON; images served from webapps.cspace.berkeley.edu/pahma/imageserver) | UNKNOWN (not stated in record JSON),YES,NO,CONFIRMED,2026-09-24,"usa_midwest_west agent to verify numbers in Hearst online catalogue | Core Tebtunis (Umm el-Breigat) holding: Grenfell & Hunt 1899-1900 excavations funded by Phoebe A. Hearst; crocodile-mummy papyri in Bancroft Library (Center for Tebtunis Papyri). Several objects repeatedly lent to Bancroft Library/Center for Tebtunis Papyri. 5-514 partly lent to Natural History Museum of Los Angeles County 1929-1945 (their loan nos. L.1186-701a,b; L.1186-702). Recorded by toponyms agent via Tebtunis reverse lookup; regional agent may duplicate. | 22 DB records recorded (incl. 4 pseudo-/possibly fake items in lot 6-21629a-d, 2 likely duplicate legacy records 5-21629c/5-21635, 1 decoration record 6-20100.2), consistent with the official figure of 19 mummies and mummy parts. Tebtunis material (Grenfell & Hunt 1899-1900, Hearst funding) in Dept Ancient Egypt; 5-512/5-513/5-514 lot (Acc.6, 1899, Phoebe Hearst) catalogued under Africa dept. Parts of 5-514 were sent to Natural History Museum of Los Angeles County (L.1186-701a,b; L.1186-702). Several items loaned to Bancroft Library (Object Lessons exhibit 2019-2021).","Phoebe A. Hearst Museum of Anthropology, University of California, Berkeley",22,22,"19 crocodile mummies and mummy parts (Berkeley News, 2 Mar 2021 'What crocodile mummies can tell us about everyday life in ancient Egypt' (news.berkeley.edu)) [toponyms] | 19 ('19 crocodile mummies and mummy parts' - UC Berkeley News, Anne Brice, 2 March 2021 https://news.berkeley.edu/2021/03/02/crocodile-mummies/) [usa_midwest_west]","https://portal.hearstmuseum.berkeley.edu/catalog.json?q=crocodile (Blacklight JSON; HTML portal returns 403 to non-browser user agents, JSON works with browser UA); https://portal.hearstmuseum.berkeley.edu/catalog.json?q=<term> (Blacklight JSON; HTML pages behind AWS WAF challenge, JSON reachable with browser User-Agent)",UNKNOWN,literature;toponyms;usa_midwest_west
INST-US-012,Rosicrucian Egyptian Museum,San Jose,US,https://egyptianmuseum.catalogaccess.com/,YES,2,"Only keyword 'crocodile' fully searched (6 hits: 2 mummies, 2 amulets, lamp RC-28, coffin of Meshet RC-2822). 'mummy' keyword search returned API error; other animal mummies not reviewed.",RC-1675; RC-2253,OFFICIAL_DB; OFFICIAL_API,https://egyptianmuseum.catalogaccess.com/search?search=crocodile; https://egyptianmuseum.catalogaccess.com/api/items/1433; https://egyptianmuseum.catalogaccess.com/api/items/1903; https://egyptianmuseum.catalogaccess.com/objects/1433; https://egyptianmuseum.catalogaccess.com/objects/1903,Mummies & Magic (1988) p. 234-235 cited for RC-2253,NO,UNKNOWN,YES,NO,CONFIRMED,2026-09-24,"Both crocodile mummies bought 13 June 1958 from the Minneapolis Institute of Arts (lot 13), which had bought them in 1916 from the Drexel Institute, Philadelphia (Dunwoody Fund) - relevant for Mia/Drexel provenance chains.",UNKNOWN,2,2,UNKNOWN,"POST https://egyptianmuseum.catalogaccess.com/api/search/keyword {SearchString, IncludeFields:['101'...], Skip, Top}; GET /api/items/<Id>",UNKNOWN,usa_midwest_west
INST-US-010,San Antonio Museum of Art,"San Antonio, TX",US,https://sanantonio.emuseum.com/collections,YES,3,Culture in Crisis project page (V&A platform; project director Jessica Powers) states the conservation project covered 'four crocodiles' among ten animal mummies from the permanent collection (https://cultureincrisis.org/projects/animal-mummies-conservation-at-the-san-antonio-museum-of-art) - possibly a 4th crocodile mummy.,"91.80.110.b,d (from SAMA photo caption reproduced in Wandering Educators, 4 May 2018); 91.80.110.b,d",OFFICIAL_WEBPAGE; SECONDARY,https://www.samuseum.org/artwork/exhibition/egyptian-animal-mummies-science-explores-an-ancient-religion/; https://cultureincrisis.org/projects/animal-mummies-conservation-at-the-san-antonio-museum-of-art; https://www.wanderingeducators.com/best/stories/science-zoo-help-museum-egyptian-animal-mummy-exhibit,UNKNOWN,YES,UNKNOWN (Photography by Peggy Tenison / SAMA),NO,UNKNOWN,CONFIRMED,2026-09-24,"All mummies X-rayed/CT-scanned with UT Health San Antonio Radiology and San Antonio Zoo for the 2018 exhibition (curator Sarah Schellinger). eMuseum (sanantonio.emuseum.com) behind Cloudflare challenge - individual crocodile records could not be read; eMuseum records exist for falcon, ibis and cat mummies (URLs seen in search results). Priority for manual follow-up / image audit.",UNKNOWN,1,0,"3 (Official exhibition page 'Egyptian Animal Mummies: Science Explores an Ancient Religion' (23 Mar-1 Jul 2018): 'the Museum's collection of animal mummies ... include a cat, three crocodiles, two ibises, and three falcons' (https://www.samuseum.org/artwork/exhibition/egyptian-animal-mummies-science-explores-an-ancient-religion/)) [usa_south]",UNKNOWN,UNKNOWN,usa_south
INST-US-011,Yale Peabody Museum (Division of Anthropology),New Haven,US,UNKNOWN,YES,9,UNKNOWN,YPM ANT 021829; YPM ANT 006435.001-.008; YPM ANT 006435.001; YPM ANT 006435.002; YPM ANT 006435.003; YPM ANT 006435.004; YPM ANT 006435.005; YPM ANT 006435.006; YPM ANT 006435.007; YPM ANT 006435.008,PEER_REVIEWED,https://par.nsf.gov/servlets/purl/10511480,Hekkala et al. 2022; Scott 1986,UNKNOWN,UNKNOWN,UNKNOWN,UNKNOWN,CONFIRMED,2026-09-24,usa_northeast agent to check YPM online collection,"Peabody Museum of Natural History, Yale University (Division of Anthropology)",9,9,"9 (Hekkala et al. 2022 Bull. Peabody Mus. Nat. Hist. 63(1): 5 ('Barringer Egyptian Collection comprises some 700 objects, including nine mummified crocodiles')) [literature]",UNKNOWN,UNKNOWN,literature
