date,country,language,database_or_search_engine,query,institution_checked,result,notes,x_agent
2026-09-24,NL,nl,RMO collectiezoeker (rmo.nl),krokodil,Rijksmuseum van Oudheden,403 Cloudflare challenge (curl and WebFetch); r.jina.ai also challenged,UNKNOWN,benelux_alpine
2026-09-24,NL,nl,"Europeana API (search.json, qf COUNTRY:netherlands)",krokodil mummie,UNKNOWN,"8 hits: RMO AMM16a, AMM16k, AMM16g, AMM16i, CI260, F1998_11_3 crocodile mummies; RMO F1969_2_10 statue; Museon 8258 krokodillenmummie",UNKNOWN,benelux_alpine
2026-09-24,NL,nl,Europeana API (qf COUNTRY:netherlands),krokodillenmummie,UNKNOWN,2 hits: Museon 8258; RMO F1998_11_3,UNKNOWN,benelux_alpine
2026-09-24,NL,nl,Europeana API (qf COUNTRY:netherlands),krokodil,UNKNOWN,"405 hits; first 50 checked: RMO 6 crocodile mummies, rest amulets, prints, tiles, Museon natural-history crocodiles",UNKNOWN,benelux_alpine
2026-09-24,NL,nl,Europeana API (qf DATA_PROVIDER National Museum of Antiquities),krokodil,Rijksmuseum van Oudheden,"113 hits: 6 crocodile mummies (AMM16a,g,i,k; CI260; F1998_11_3), 2 'mummiehouder' crocodile masks F1987_1_1, F1987_1_2; rest amulets, scarabs, statues, coins",UNKNOWN,benelux_alpine
2026-09-24,NL,nl,Europeana API (qf DATA_PROVIDER National Museum of Antiquities),dierenmummie,Rijksmuseum van Oudheden,"42 hits; crocodile ones = same 6; others cats, birds, dogs, snakes, fish",UNKNOWN,benelux_alpine
2026-09-24,NL,nl,Europeana API (qf DATA_PROVIDER National Museum of Antiquities),mummie reptiel,Rijksmuseum van Oudheden,14 hits: same 6 crocodiles + snake mummies (F1956_10_7 checked: snake),UNKNOWN,benelux_alpine
2026-09-24,NL,la,Europeana API (qf DATA_PROVIDER National Museum of Antiquities),Crocodylus,Rijksmuseum van Oudheden,0 hits,UNKNOWN,benelux_alpine
2026-09-24,NL,en,Europeana API (qf DATA_PROVIDER National Museum of Antiquities),Sobek,Rijksmuseum van Oudheden,"7 hits: statues, shabtis, scarab, manuscript; no mummies",UNKNOWN,benelux_alpine
2026-09-24,NL,nl,Europeana API record endpoint,"record ids AMM16h, AMM16j",Rijksmuseum van Oudheden,Invalid record identifier (not in Europeana),UNKNOWN,benelux_alpine
2026-09-24,NL,en,Europeana API (qf DATA_PROVIDER National Museum of Antiquities),Taconis,Rijksmuseum van Oudheden,"2 hits (snake, fish) - references field not fully indexed",UNKNOWN,benelux_alpine
2026-09-24,NL,nl,WebSearch,"""AMM 16h"" krokodil Rijksmuseum van Oudheden",Rijksmuseum van Oudheden,no AMM 16h hit; RMO topstuk page 'Mummie van een krokodil' and museumkennis page 'Krokodillenmummie vol met kleintjes' (both 403),UNKNOWN,benelux_alpine
2026-09-24,NL,en,WebSearch,Leiden Rijksmuseum van Oudheden crocodile mummy CT scan juvenile crocodiles inside 3 metre AMM 16a,Rijksmuseum van Oudheden,"RMO news page (403), Archaeology Magazine 2016, NatGeo, Apollo: 3 m mummy AMM 16a, 2 juveniles (1996 CT) + 47 hatchlings (Interspectral CT) - news only",UNKNOWN,benelux_alpine
2026-09-24,NL,nl,Europeana API (qf DATA_PROVIDER Museon-Omniversum),mummie,Museon-Omniversum,"24 hits: 1 crocodile mummy 8258; falcon, cat, fish mummies; bats etc.",UNKNOWN,benelux_alpine
2026-09-24,NL,nl,Europeana API (qf DATA_PROVIDER Museon-Omniversum),Fayum,Museon-Omniversum,"2 hits: 8258 krokodillenmummie (Krokodilopolis/Arsinoe), shabti",UNKNOWN,benelux_alpine
2026-09-24,NL,nl,Museon CollectionConnection (cc.museon-omniversum.nl),ccobjectid=140213,Museon-Omniversum,JS-rendered page; record content not retrievable by curl,UNKNOWN,benelux_alpine
2026-09-24,NL,nl,Collectie Nederland search (collectienederland.nl),krokodillenmummie,UNKNOWN,"4 hits: Museon 8258 (2 dataset copies), RMO 22712 (F 1998/11.3), RMO 1035 (AMM 16h, new)",UNKNOWN,benelux_alpine
2026-09-24,NL,nl,Collectie Nederland detail pages,dcn_rijksmuseum-van-oudheden_1035; dcn_museon-omniversum_8258,UNKNOWN,rate_limited (redirected to OAI-PMH),UNKNOWN,benelux_alpine
2026-09-24,NL,nl,Collectie Nederland OAI-PMH GetRecord,identifier=dcn_rijksmuseum-van-oudheden_1035,Rijksmuseum van Oudheden,"AMM 16h crocodile mummy 38,5 cm, CC BY 4.0, ref. de Bakker et al. Visions 35 (2020)",UNKNOWN,benelux_alpine
2026-09-24,NL,en,Canon Medical web,https://ca.medical.canon/publication/ct/V35_CTEU200150 ; my.medical.canon; canon.ge; canon.com.cy,Rijksmuseum van Oudheden,404 / 403 - Visions 35 article not readable,UNKNOWN,benelux_alpine
2026-09-24,NL,en,WebSearch,de Bakker Visions 35 2020 Canon CT crocodile mummy Leiden Rijksmuseum van Oudheden,Rijksmuseum van Oudheden,snippet: AMM 16h contains only adult crocodile skull without lower jaw on a stick (Canon article; candidate only),UNKNOWN,benelux_alpine
2026-09-24,NL,nl,Collectie Nederland search,krokodil mummie; dierenmummie krokodil,UNKNOWN,HTTP 429 rate-limited,UNKNOWN,benelux_alpine
2026-09-24,BE,en,Europeana API (qf COUNTRY:belgium),crocodile mummy,UNKNOWN,"3 hits: KMKG E.00453 (75238), E.07092a (84095), E.07092b (84096)",UNKNOWN,benelux_alpine
2026-09-24,BE,fr,Europeana API (qf COUNTRY:belgium),momie crocodile,UNKNOWN,"3 hits, same KMKG records",UNKNOWN,benelux_alpine
2026-09-24,BE,de,Europeana API (qf COUNTRY:belgium),Krokodilmumie; Krokodil Mumie,UNKNOWN,0; 3 (same KMKG),UNKNOWN,benelux_alpine
2026-09-24,BE,nl,Europeana API (qf COUNTRY:belgium),krokodil mummie,UNKNOWN,"3 hits, same KMKG records",UNKNOWN,benelux_alpine
2026-09-24,CH,en;fr;de;nl,Europeana API (qf COUNTRY:switzerland),crocodile mummy; momie crocodile; Krokodilmumie; Krokodil Mumie; krokodil mummie,UNKNOWN,0 hits each,UNKNOWN,benelux_alpine
2026-09-24,AT,en;fr;de,Europeana API (qf COUNTRY:austria),crocodile mummy; momie crocodile; Krokodil Mumie,UNKNOWN,"5-7 hits: KHM Vienna AE_INV_264, 265, 266, 266c (Krokodilseier), 290, 292; 1 Ars Electronica irrelevant",UNKNOWN,benelux_alpine
2026-09-24,LU,en;fr;de;nl,Europeana API (qf COUNTRY:luxembourg),crocodile mummy; momie crocodile; Krokodilmumie; Krokodil Mumie; krokodil mummie,UNKNOWN,0 hits each,UNKNOWN,benelux_alpine
2026-09-24,LI,en;fr;de;nl,Europeana API (qf COUNTRY:liechtenstein),crocodile mummy; momie crocodile; Krokodilmumie; Krokodil Mumie; krokodil mummie,UNKNOWN,0 hits each,UNKNOWN,benelux_alpine
2026-09-24,BE,fr,Carmentis (KMKG eMuseumPlus simple search),crocodile,Art & History Museum Brussels,"30 hits: 7 crocodile mummies E.00453, E.01229, E.07043a, E.07043b, E.07092a, E.07092b, E.09018; rest amulets, scarabs, statuettes, coins",UNKNOWN,benelux_alpine
2026-09-24,BE,nl,Carmentis,krokodil (nl interface),Art & History Museum Brussels,26 hits: same 7 mummies; no new,UNKNOWN,benelux_alpine
2026-09-24,BE,fr,Carmentis,momie animale,Art & History Museum Brussels,"24 hits: same 7 crocodile + calf, dog, cat, ibis, bird mummies, human mummies",UNKNOWN,benelux_alpine
2026-09-24,BE,fr,Carmentis,Tebtunis,Art & History Museum Brussels,"3 hits: E.07043a, E.07043b crocodile mummies; 1 papyrus",UNKNOWN,benelux_alpine
2026-09-24,BE,fr,Carmentis,Sobek; Kom Ombo,Art & History Museum Brussels,"12; 5 hits: statues, amulets, photos of Kom Ombo temple; no mummies",UNKNOWN,benelux_alpine
2026-09-24,BE,fr,Carmentis,Crocodylus; oeuf de crocodile; krokodil (fr interface),Art & History Museum Brussels,0 hits each,UNKNOWN,benelux_alpine
2026-09-24,BE,fr,Carmentis,reptile; Fayoum,Art & History Museum Brussels,"273 (musical instruments etc.); 439 (Fayum items incl. same crocodile mummies E.00453, E.07043a/b)",UNKNOWN,benelux_alpine
2026-09-24,BE,en,Europeana record API,"KMKG objectIds 76199, 84039, 84040, 86354",UNKNOWN,Invalid record identifier - not on Europeana,UNKNOWN,benelux_alpine
2026-09-24,AT,de,Europeana API (qf DATA_PROVIDER Fine Arts Museum Vienna),Krokodil,Kunsthistorisches Museum Wien,"49 hits: crocodile mummies AE_INV_264, 265, 266, 290, 292; statuettes 1177, 1097; rest coins/cippus",UNKNOWN,benelux_alpine
2026-09-24,AT,en,Europeana API (qf DATA_PROVIDER Fine Arts Museum Vienna),crocodile,Kunsthistorisches Museum Wien,"15 hits: 264, 265, 266, 266c, 290, 292 + statuettes + coins",UNKNOWN,benelux_alpine
2026-09-24,AT,de,Europeana API (qf DATA_PROVIDER Fine Arts Museum Vienna),Tiermumie,Kunsthistorisches Museum Wien,"45 hits: crocodile 264, 265, 266, 266a, 266b, 266c, 290, 292; ibis, cat, snake, fish, falcon mummies; baboon pseudo-mummy",UNKNOWN,benelux_alpine
2026-09-24,AT,de,"KHM online collection (khm.at/kunstwerke/suche, htmx POST)",Krokodil,Kunsthistorisches Museum Wien,"24 links: crocodile mummies 324028, 324029, 324030, 324031, 324057, 324059, eggs 319134; statuettes, papyrus fragments, coins",UNKNOWN,benelux_alpine
2026-09-24,AT,de,KHM online collection,Tiermumie,Kunsthistorisches Museum Wien,24 links incl. same crocodile objects; no new crocodile,UNKNOWN,benelux_alpine
2026-09-24,AT,de,KHM online collection,Krokodilsmumie; Sobek,Kunsthistorisches Museum Wien,"2 hits (266a, 266b); 2 hits (290, 292)",UNKNOWN,benelux_alpine
2026-09-24,AT,de,KHM object pages khm.at/de/objektdb/detail/<id>,324028 324029 316270 324030 324031 319134 324057 324059,Kunsthistorisches Museum Wien,"8 records read: inv. nos, dimensions, provenance (acquired before 1875 / before 1824)",UNKNOWN,benelux_alpine
2026-09-24,CH,fr,WebSearch,momie de crocodile musée Genève OR Neuchâtel OR Lausanne OR Bâle collection égyptienne,UNKNOWN,not performed - session WebSearch budget (200) exhausted; continued with direct DB queries,UNKNOWN,benelux_alpine
2026-09-24,CH,fr,DuckDuckGo HTML / Bing via curl,momie de crocodile musée Genève,UNKNOWN,DDG bot challenge; Bing returned irrelevant results - unusable,UNKNOWN,benelux_alpine
2026-09-24,CH,fr,MAH Genève collection (mahmah.ch/collection/oeuvres?search=crocodile),crocodile,Musée d'art et d'histoire Genève,JS/cookie bot challenge (curl); WebFetch returned empty page,UNKNOWN,benelux_alpine
2026-09-24,CH,en,opendata.swiss CKAN API,collection musée art histoire genève,UNKNOWN,403,UNKNOWN,benelux_alpine
2026-09-24,CH,de,"Swiss museum websites (bhm.ch, antikenmuseumbasel.ch, mkb.ch, men.ch, mcah.ch, bibel-orient-museum.ch, nmbs.ch, meg.ch, museum.uzh.ch)",collection page probes,UNKNOWN,"bhm/antikenmuseum/nmbs 404 on guessed paths; mcah SSL error; bibel-orient and uzh proxy 502; MKB DB found at onlinecollection.mkb.ch (JS app, not searched)",UNKNOWN,benelux_alpine
2026-09-24,NL,en,OpenAlex API,crocodile mummy (and variants),UNKNOWN,rate limit exhausted (daily budget),UNKNOWN,benelux_alpine
2026-09-24,XX,en;fr;de,Crossref API,crocodile mummy museum; crocodile mummies; momie de crocodile; Krokodilmumie; animal mummies crocodile collection,UNKNOWN,1 in-scope find: van den Bercken (ed.) 2025 Animal Mummies at the Allard Pierson (DOI 10.59641/a1d7x8y9z0); Krokodilmumie query returned non-JSON,UNKNOWN,benelux_alpine
2026-09-24,NL,nl,Europeana API,Allard Pierson krokodil; krokodil/mummie with DATA_PROVIDER Allard Pierson; APM krokodil,Allard Pierson,0 hits each,UNKNOWN,benelux_alpine
2026-09-24,NL,nl,allardpierson.nl; uvaerfgoed.nl viewer,?s=krokodil; /viewer/search/-/krokodil mummie/,Allard Pierson,no object DB found; UvA Erfgoed viewer 0 crocodile hits,UNKNOWN,benelux_alpine
2026-09-24,GB,multilingual,NHM London Data Portal CKAN datastore_search (data.nhm.ac.uk),"filters={""order"": ""Crocodylia""} | https://data.nhm.ac.uk/api/3/action/datastore_search {} resource_id=05ff2255-c38a-40c9-b657-4ccb55ab2feb","Natural History Museum, London","1366 records matched, 1366 fetched and scanned; croc_mummy_hits=0, croc_egypt_hits=133",scripted sweep; hits = records whose text matched mummy regex (and crocodilian); egypt = crocodilian records with Egypt/Egyptian site in locality/country; reviewed manually,biodiversity
2026-09-24,GB,multilingual,NHM London Data Portal CKAN datastore_search (data.nhm.ac.uk),"filters={""family"": ""Crocodylidae""} | https://data.nhm.ac.uk/api/3/action/datastore_search {} resource_id=05ff2255-c38a-40c9-b657-4ccb55ab2feb","Natural History Museum, London","868 records matched, 868 fetched and scanned; croc_mummy_hits=1, croc_egypt_hits=174",scripted sweep; hits = records whose text matched mummy regex (and crocodilian); egypt = crocodilian records with Egypt/Egyptian site in locality/country; reviewed manually,biodiversity
2026-09-24,GB,multilingual,NHM London Data Portal CKAN datastore_search (data.nhm.ac.uk),"filters={""family"": ""Alligatoridae""} | https://data.nhm.ac.uk/api/3/action/datastore_search {} resource_id=05ff2255-c38a-40c9-b657-4ccb55ab2feb","Natural History Museum, London","479 records matched, 479 fetched and scanned; croc_mummy_hits=0, croc_egypt_hits=41",scripted sweep; hits = records whose text matched mummy regex (and crocodilian); egypt = crocodilian records with Egypt/Egyptian site in locality/country; reviewed manually,biodiversity
2026-09-24,GB,multilingual,NHM London Data Portal CKAN datastore_search (data.nhm.ac.uk),"filters={""family"": ""Gavialidae""} | https://data.nhm.ac.uk/api/3/action/datastore_search {} resource_id=05ff2255-c38a-40c9-b657-4ccb55ab2feb","Natural History Museum, London","148 records matched, 148 fetched and scanned; croc_mummy_hits=0, croc_egypt_hits=46",scripted sweep; hits = records whose text matched mummy regex (and crocodilian); egypt = crocodilian records with Egypt/Egyptian site in locality/country; reviewed manually,biodiversity
2026-09-24,GB,multilingual,NHM London Data Portal CKAN datastore_search (data.nhm.ac.uk),"filters={""genus"": ""Crocodylus""} | https://data.nhm.ac.uk/api/3/action/datastore_search {} resource_id=05ff2255-c38a-40c9-b657-4ccb55ab2feb","Natural History Museum, London","462 records matched, 462 fetched and scanned; croc_mummy_hits=1, croc_egypt_hits=146",scripted sweep; hits = records whose text matched mummy regex (and crocodilian); egypt = crocodilian records with Egypt/Egyptian site in locality/country; reviewed manually,biodiversity
2026-09-24,GB,multilingual,NHM London Data Portal CKAN datastore_search (data.nhm.ac.uk),"filters={""genus"": ""Crocodilus""} | https://data.nhm.ac.uk/api/3/action/datastore_search {} resource_id=05ff2255-c38a-40c9-b657-4ccb55ab2feb","Natural History Museum, London","191 records matched, 191 fetched and scanned; croc_mummy_hits=0, croc_egypt_hits=14",scripted sweep; hits = records whose text matched mummy regex (and crocodilian); egypt = crocodilian records with Egypt/Egyptian site in locality/country; reviewed manually,biodiversity
2026-09-24,GB,multilingual,NHM London Data Portal CKAN datastore_search (data.nhm.ac.uk),q=mummy | https://data.nhm.ac.uk/api/3/action/datastore_search {} resource_id=05ff2255-c38a-40c9-b657-4ccb55ab2feb,"Natural History Museum, London","163 records matched, 163 fetched and scanned; croc_mummy_hits=0, croc_egypt_hits=0",scripted sweep; hits = records whose text matched mummy regex (and crocodilian); egypt = crocodilian records with Egypt/Egyptian site in locality/country; reviewed manually,biodiversity
2026-09-24,GB,multilingual,NHM London Data Portal CKAN datastore_search (data.nhm.ac.uk),q=mummified | https://data.nhm.ac.uk/api/3/action/datastore_search {} resource_id=05ff2255-c38a-40c9-b657-4ccb55ab2feb,"Natural History Museum, London","10 records matched, 10 fetched and scanned; croc_mummy_hits=1, croc_egypt_hits=0",scripted sweep; hits = records whose text matched mummy regex (and crocodilian); egypt = crocodilian records with Egypt/Egyptian site in locality/country; reviewed manually,biodiversity
2026-09-24,GB,multilingual,NHM London Data Portal CKAN datastore_search (data.nhm.ac.uk),q=mummies | https://data.nhm.ac.uk/api/3/action/datastore_search {} resource_id=05ff2255-c38a-40c9-b657-4ccb55ab2feb,"Natural History Museum, London","2 records matched, 2 fetched and scanned; croc_mummy_hits=0, croc_egypt_hits=0",scripted sweep; hits = records whose text matched mummy regex (and crocodilian); egypt = crocodilian records with Egypt/Egyptian site in locality/country; reviewed manually,biodiversity
2026-09-24,GB,multilingual,NHM London Data Portal CKAN datastore_search (data.nhm.ac.uk),q=momie | https://data.nhm.ac.uk/api/3/action/datastore_search {} resource_id=05ff2255-c38a-40c9-b657-4ccb55ab2feb,"Natural History Museum, London","0 records matched, 0 fetched and scanned; croc_mummy_hits=0, croc_egypt_hits=0",scripted sweep; hits = records whose text matched mummy regex (and crocodilian); egypt = crocodilian records with Egypt/Egyptian site in locality/country; reviewed manually,biodiversity
2026-09-24,GB,multilingual,NHM London Data Portal CKAN datastore_search (data.nhm.ac.uk),q=mumie | https://data.nhm.ac.uk/api/3/action/datastore_search {} resource_id=05ff2255-c38a-40c9-b657-4ccb55ab2feb,"Natural History Museum, London","0 records matched, 0 fetched and scanned; croc_mummy_hits=0, croc_egypt_hits=0",scripted sweep; hits = records whose text matched mummy regex (and crocodilian); egypt = crocodilian records with Egypt/Egyptian site in locality/country; reviewed manually,biodiversity
2026-09-24,GB,multilingual,NHM London Data Portal CKAN datastore_search (data.nhm.ac.uk),q=embalmed | https://data.nhm.ac.uk/api/3/action/datastore_search {} resource_id=05ff2255-c38a-40c9-b657-4ccb55ab2feb,"Natural History Museum, London","0 records matched, 0 fetched and scanned; croc_mummy_hits=0, croc_egypt_hits=0",scripted sweep; hits = records whose text matched mummy regex (and crocodilian); egypt = crocodilian records with Egypt/Egyptian site in locality/country; reviewed manually,biodiversity
2026-09-24,GB,multilingual,NHM London Data Portal CKAN datastore_search (data.nhm.ac.uk),q=crocodile | https://data.nhm.ac.uk/api/3/action/datastore_search {} resource_id=05ff2255-c38a-40c9-b657-4ccb55ab2feb,"Natural History Museum, London","236 records matched, 236 fetched and scanned; croc_mummy_hits=0, croc_egypt_hits=2",scripted sweep; hits = records whose text matched mummy regex (and crocodilian); egypt = crocodilian records with Egypt/Egyptian site in locality/country; reviewed manually,biodiversity
2026-09-24,GB,multilingual,NHM London Data Portal CKAN datastore_search (data.nhm.ac.uk),q=Crocodylus | https://data.nhm.ac.uk/api/3/action/datastore_search {} resource_id=05ff2255-c38a-40c9-b657-4ccb55ab2feb,"Natural History Museum, London","622 records matched, 622 fetched and scanned; croc_mummy_hits=1, croc_egypt_hits=149",scripted sweep; hits = records whose text matched mummy regex (and crocodilian); egypt = crocodilian records with Egypt/Egyptian site in locality/country; reviewed manually,biodiversity
2026-09-24,GB,multilingual,NHM London Data Portal CKAN datastore_search (data.nhm.ac.uk),q=Hawara | https://data.nhm.ac.uk/api/3/action/datastore_search {} resource_id=05ff2255-c38a-40c9-b657-4ccb55ab2feb,"Natural History Museum, London","5 records matched, 5 fetched and scanned; croc_mummy_hits=0, croc_egypt_hits=3",scripted sweep; hits = records whose text matched mummy regex (and crocodilian); egypt = crocodilian records with Egypt/Egyptian site in locality/country; reviewed manually,biodiversity
2026-09-24,GB,multilingual,NHM London Data Portal CKAN datastore_search (data.nhm.ac.uk),q=Kom Ombo | https://data.nhm.ac.uk/api/3/action/datastore_search {} resource_id=05ff2255-c38a-40c9-b657-4ccb55ab2feb,"Natural History Museum, London","8 records matched, 8 fetched and scanned; croc_mummy_hits=0, croc_egypt_hits=0",scripted sweep; hits = records whose text matched mummy regex (and crocodilian); egypt = crocodilian records with Egypt/Egyptian site in locality/country; reviewed manually,biodiversity
2026-09-24,GB,multilingual,NHM London Data Portal CKAN datastore_search (data.nhm.ac.uk),q=Ombos | https://data.nhm.ac.uk/api/3/action/datastore_search {} resource_id=05ff2255-c38a-40c9-b657-4ccb55ab2feb,"Natural History Museum, London","4 records matched, 4 fetched and scanned; croc_mummy_hits=0, croc_egypt_hits=0",scripted sweep; hits = records whose text matched mummy regex (and crocodilian); egypt = crocodilian records with Egypt/Egyptian site in locality/country; reviewed manually,biodiversity
2026-09-24,GB,multilingual,NHM London Data Portal CKAN datastore_search (data.nhm.ac.uk),q=Thebes | https://data.nhm.ac.uk/api/3/action/datastore_search {} resource_id=05ff2255-c38a-40c9-b657-4ccb55ab2feb,"Natural History Museum, London","128 records matched, 128 fetched and scanned; croc_mummy_hits=0, croc_egypt_hits=0",scripted sweep; hits = records whose text matched mummy regex (and crocodilian); egypt = crocodilian records with Egypt/Egyptian site in locality/country; reviewed manually,biodiversity
2026-09-24,GB,multilingual,NHM London Data Portal CKAN datastore_search (data.nhm.ac.uk),q=Manfalut | https://data.nhm.ac.uk/api/3/action/datastore_search {} resource_id=05ff2255-c38a-40c9-b657-4ccb55ab2feb,"Natural History Museum, London","0 records matched, 0 fetched and scanned; croc_mummy_hits=0, croc_egypt_hits=0",scripted sweep; hits = records whose text matched mummy regex (and crocodilian); egypt = crocodilian records with Egypt/Egyptian site in locality/country; reviewed manually,biodiversity
2026-09-24,GB,multilingual,NHM London Data Portal CKAN datastore_search (data.nhm.ac.uk),q=Maabdeh | https://data.nhm.ac.uk/api/3/action/datastore_search {} resource_id=05ff2255-c38a-40c9-b657-4ccb55ab2feb,"Natural History Museum, London","0 records matched, 0 fetched and scanned; croc_mummy_hits=0, croc_egypt_hits=0",scripted sweep; hits = records whose text matched mummy regex (and crocodilian); egypt = crocodilian records with Egypt/Egyptian site in locality/country; reviewed manually,biodiversity
2026-09-24,GB,multilingual,NHM London Data Portal CKAN datastore_search (data.nhm.ac.uk),q=Samoun | https://data.nhm.ac.uk/api/3/action/datastore_search {} resource_id=05ff2255-c38a-40c9-b657-4ccb55ab2feb,"Natural History Museum, London","0 records matched, 0 fetched and scanned; croc_mummy_hits=0, croc_egypt_hits=0",scripted sweep; hits = records whose text matched mummy regex (and crocodilian); egypt = crocodilian records with Egypt/Egyptian site in locality/country; reviewed manually,biodiversity
2026-09-24,GB,multilingual,NHM London Data Portal CKAN datastore_search (data.nhm.ac.uk),q=Fayum | https://data.nhm.ac.uk/api/3/action/datastore_search {} resource_id=05ff2255-c38a-40c9-b657-4ccb55ab2feb,"Natural History Museum, London","400 records matched, 400 fetched and scanned; croc_mummy_hits=0, croc_egypt_hits=42",scripted sweep; hits = records whose text matched mummy regex (and crocodilian); egypt = crocodilian records with Egypt/Egyptian site in locality/country; reviewed manually,biodiversity
2026-09-24,GB,multilingual,NHM London Data Portal CKAN datastore_search (data.nhm.ac.uk),q=Gebelein | https://data.nhm.ac.uk/api/3/action/datastore_search {} resource_id=05ff2255-c38a-40c9-b657-4ccb55ab2feb,"Natural History Museum, London","0 records matched, 0 fetched and scanned; croc_mummy_hits=0, croc_egypt_hits=0",scripted sweep; hits = records whose text matched mummy regex (and crocodilian); egypt = crocodilian records with Egypt/Egyptian site in locality/country; reviewed manually,biodiversity
2026-09-24,GB,multilingual,NHM London Data Portal CKAN datastore_search (data.nhm.ac.uk),q=Crocodilopolis | https://data.nhm.ac.uk/api/3/action/datastore_search {} resource_id=05ff2255-c38a-40c9-b657-4ccb55ab2feb,"Natural History Museum, London","0 records matched, 0 fetched and scanned; croc_mummy_hits=0, croc_egypt_hits=0",scripted sweep; hits = records whose text matched mummy regex (and crocodilian); egypt = crocodilian records with Egypt/Egyptian site in locality/country; reviewed manually,biodiversity
2026-09-24,GB,multilingual,NHM London Data Portal CKAN datastore_search (data.nhm.ac.uk),q=Labyrinth | https://data.nhm.ac.uk/api/3/action/datastore_search {} resource_id=05ff2255-c38a-40c9-b657-4ccb55ab2feb,"Natural History Museum, London","12 records matched, 12 fetched and scanned; croc_mummy_hits=0, croc_egypt_hits=1",scripted sweep; hits = records whose text matched mummy regex (and crocodilian); egypt = crocodilian records with Egypt/Egyptian site in locality/country; reviewed manually,biodiversity
2026-09-24,UNKNOWN,multilingual,iDigBio search API v2,"family=crocodylidae basisofrecord=preservedspecimen | https://search.idigbio.org/v2/search/records {""family"": ""crocodylidae"", ""basisofrecord"": ""preservedspecimen""}",ALL (aggregator),"7092 records matched, 7092 fetched and scanned; croc_mummy_hits=4, croc_egypt_hits=44",scripted sweep; hits = records whose text matched mummy regex (and crocodilian); egypt = crocodilian records with Egypt/Egyptian site in locality/country; reviewed manually,biodiversity
2026-09-24,UNKNOWN,multilingual,iDigBio search API v2,"family=crocodylidae basisofrecord=fossilspecimen | https://search.idigbio.org/v2/search/records {""family"": ""crocodylidae"", ""basisofrecord"": ""fossilspecimen""}",ALL (aggregator),"5970 records matched, 5970 fetched and scanned; croc_mummy_hits=0, croc_egypt_hits=117",scripted sweep; hits = records whose text matched mummy regex (and crocodilian); egypt = crocodilian records with Egypt/Egyptian site in locality/country; reviewed manually,biodiversity
2026-09-24,UNKNOWN,multilingual,iDigBio search API v2,"family=crocodylidae basisofrecord=materialsample | https://search.idigbio.org/v2/search/records {""family"": ""crocodylidae"", ""basisofrecord"": ""materialsample""}",ALL (aggregator),"101 records matched, 101 fetched and scanned; croc_mummy_hits=0, croc_egypt_hits=0",scripted sweep; hits = records whose text matched mummy regex (and crocodilian); egypt = crocodilian records with Egypt/Egyptian site in locality/country; reviewed manually,biodiversity
2026-09-24,UNKNOWN,multilingual,iDigBio search API v2,"family=crocodylidae basisofrecord=occurrence | https://search.idigbio.org/v2/search/records {""family"": ""crocodylidae"", ""basisofrecord"": ""occurrence""}",ALL (aggregator),"2 records matched, 2 fetched and scanned; croc_mummy_hits=0, croc_egypt_hits=0",scripted sweep; hits = records whose text matched mummy regex (and crocodilian); egypt = crocodilian records with Egypt/Egyptian site in locality/country; reviewed manually,biodiversity
2026-09-24,UNKNOWN,multilingual,iDigBio search API v2,"family=crocodylidae basisofrecord=humanobservation | https://search.idigbio.org/v2/search/records {""family"": ""crocodylidae"", ""basisofrecord"": ""humanobservation""}",ALL (aggregator),"0 records matched, 0 fetched and scanned; croc_mummy_hits=0, croc_egypt_hits=0",scripted sweep; hits = records whose text matched mummy regex (and crocodilian); egypt = crocodilian records with Egypt/Egyptian site in locality/country; reviewed manually,biodiversity
2026-09-24,UNKNOWN,multilingual,iDigBio search API v2,"family=crocodylidae basisofrecord=machineobservation | https://search.idigbio.org/v2/search/records {""family"": ""crocodylidae"", ""basisofrecord"": ""machineobservation""}",ALL (aggregator),"37 records matched, 37 fetched and scanned; croc_mummy_hits=0, croc_egypt_hits=0",scripted sweep; hits = records whose text matched mummy regex (and crocodilian); egypt = crocodilian records with Egypt/Egyptian site in locality/country; reviewed manually,biodiversity
2026-09-24,UNKNOWN,multilingual,iDigBio search API v2,"family=crocodylidae basisofrecord=livingspecimen | https://search.idigbio.org/v2/search/records {""family"": ""crocodylidae"", ""basisofrecord"": ""livingspecimen""}",ALL (aggregator),"0 records matched, 0 fetched and scanned; croc_mummy_hits=0, croc_egypt_hits=0",scripted sweep; hits = records whose text matched mummy regex (and crocodilian); egypt = crocodilian records with Egypt/Egyptian site in locality/country; reviewed manually,biodiversity
2026-09-24,UNKNOWN,multilingual,iDigBio search API v2,"family=crocodylidae basisofrecord missing | https://search.idigbio.org/v2/search/records {""family"": ""crocodylidae"", ""basisofrecord"": {""type"": ""missing""}}",ALL (aggregator),"0 records matched, 0 fetched and scanned; croc_mummy_hits=0, croc_egypt_hits=0",scripted sweep; hits = records whose text matched mummy regex (and crocodilian); egypt = crocodilian records with Egypt/Egyptian site in locality/country; reviewed manually,biodiversity
2026-09-24,UNKNOWN,multilingual,iDigBio search API v2,"family=alligatoridae basisofrecord=preservedspecimen | https://search.idigbio.org/v2/search/records {""family"": ""alligatoridae"", ""basisofrecord"": ""preservedspecimen""}",ALL (aggregator),"9732 records matched, 9732 fetched and scanned; croc_mummy_hits=2, croc_egypt_hits=0",scripted sweep; hits = records whose text matched mummy regex (and crocodilian); egypt = crocodilian records with Egypt/Egyptian site in locality/country; reviewed manually,biodiversity
2026-09-24,UNKNOWN,multilingual,iDigBio search API v2,"family=alligatoridae basisofrecord=fossilspecimen | https://search.idigbio.org/v2/search/records {""family"": ""alligatoridae"", ""basisofrecord"": ""fossilspecimen""}",ALL (aggregator),"18413 records matched, 18413 fetched and scanned; croc_mummy_hits=0, croc_egypt_hits=2",scripted sweep; hits = records whose text matched mummy regex (and crocodilian); egypt = crocodilian records with Egypt/Egyptian site in locality/country; reviewed manually,biodiversity
2026-09-24,UNKNOWN,multilingual,iDigBio search API v2,"family=alligatoridae basisofrecord=materialsample | https://search.idigbio.org/v2/search/records {""family"": ""alligatoridae"", ""basisofrecord"": ""materialsample""}",ALL (aggregator),"0 records matched, 0 fetched and scanned; croc_mummy_hits=0, croc_egypt_hits=0",scripted sweep; hits = records whose text matched mummy regex (and crocodilian); egypt = crocodilian records with Egypt/Egyptian site in locality/country; reviewed manually,biodiversity
2026-09-24,UNKNOWN,multilingual,iDigBio search API v2,"family=alligatoridae basisofrecord=occurrence | https://search.idigbio.org/v2/search/records {""family"": ""alligatoridae"", ""basisofrecord"": ""occurrence""}",ALL (aggregator),"16 records matched, 16 fetched and scanned; croc_mummy_hits=0, croc_egypt_hits=0",scripted sweep; hits = records whose text matched mummy regex (and crocodilian); egypt = crocodilian records with Egypt/Egyptian site in locality/country; reviewed manually,biodiversity
2026-09-24,UNKNOWN,multilingual,iDigBio search API v2,"family=alligatoridae basisofrecord=humanobservation | https://search.idigbio.org/v2/search/records {""family"": ""alligatoridae"", ""basisofrecord"": ""humanobservation""}",ALL (aggregator),"0 records matched, 0 fetched and scanned; croc_mummy_hits=0, croc_egypt_hits=0",scripted sweep; hits = records whose text matched mummy regex (and crocodilian); egypt = crocodilian records with Egypt/Egyptian site in locality/country; reviewed manually,biodiversity
2026-09-24,UNKNOWN,multilingual,iDigBio search API v2,"family=alligatoridae basisofrecord=machineobservation | https://search.idigbio.org/v2/search/records {""family"": ""alligatoridae"", ""basisofrecord"": ""machineobservation""}",ALL (aggregator),"155 records matched, 155 fetched and scanned; croc_mummy_hits=0, croc_egypt_hits=0",scripted sweep; hits = records whose text matched mummy regex (and crocodilian); egypt = crocodilian records with Egypt/Egyptian site in locality/country; reviewed manually,biodiversity
2026-09-24,UNKNOWN,multilingual,iDigBio search API v2,"family=alligatoridae basisofrecord=livingspecimen | https://search.idigbio.org/v2/search/records {""family"": ""alligatoridae"", ""basisofrecord"": ""livingspecimen""}",ALL (aggregator),"0 records matched, 0 fetched and scanned; croc_mummy_hits=0, croc_egypt_hits=0",scripted sweep; hits = records whose text matched mummy regex (and crocodilian); egypt = crocodilian records with Egypt/Egyptian site in locality/country; reviewed manually,biodiversity
2026-09-24,UNKNOWN,multilingual,iDigBio search API v2,"family=alligatoridae basisofrecord missing | https://search.idigbio.org/v2/search/records {""family"": ""alligatoridae"", ""basisofrecord"": {""type"": ""missing""}}",ALL (aggregator),"0 records matched, 0 fetched and scanned; croc_mummy_hits=0, croc_egypt_hits=0",scripted sweep; hits = records whose text matched mummy regex (and crocodilian); egypt = crocodilian records with Egypt/Egyptian site in locality/country; reviewed manually,biodiversity
2026-09-24,UNKNOWN,multilingual,iDigBio search API v2,"family=gavialidae | https://search.idigbio.org/v2/search/records {""family"": ""gavialidae""}",ALL (aggregator),"481 records matched, 481 fetched and scanned; croc_mummy_hits=0, croc_egypt_hits=37",scripted sweep; hits = records whose text matched mummy regex (and crocodilian); egypt = crocodilian records with Egypt/Egyptian site in locality/country; reviewed manually,biodiversity
2026-09-24,UNKNOWN,multilingual,iDigBio search API v2,"family missing, genus=crocodylus | https://search.idigbio.org/v2/search/records {""genus"": ""crocodylus"", ""family"": {""type"": ""missing""}}",ALL (aggregator),"0 records matched, 0 fetched and scanned; croc_mummy_hits=0, croc_egypt_hits=0",scripted sweep; hits = records whose text matched mummy regex (and crocodilian); egypt = crocodilian records with Egypt/Egyptian site in locality/country; reviewed manually,biodiversity
2026-09-24,UNKNOWN,multilingual,iDigBio search API v2,"order=crocodilia family missing | https://search.idigbio.org/v2/search/records {""order"": ""crocodilia"", ""family"": {""type"": ""missing""}}",ALL (aggregator),"0 records matched, 0 fetched and scanned; croc_mummy_hits=0, croc_egypt_hits=0",scripted sweep; hits = records whose text matched mummy regex (and crocodilian); egypt = crocodilian records with Egypt/Egyptian site in locality/country; reviewed manually,biodiversity
2026-09-24,UNKNOWN,multilingual,iDigBio search API v2,"fulltext=mummy | https://search.idigbio.org/v2/search/records {""data"": {""type"": ""fulltext"", ""value"": ""mummy""}}",ALL (aggregator),"30928 records matched, 30928 fetched and scanned; croc_mummy_hits=0, croc_egypt_hits=0",scripted sweep; hits = records whose text matched mummy regex (and crocodilian); egypt = crocodilian records with Egypt/Egyptian site in locality/country; reviewed manually,biodiversity
2026-09-24,UNKNOWN,multilingual,iDigBio search API v2,"fulltext=mummified | https://search.idigbio.org/v2/search/records {""data"": {""type"": ""fulltext"", ""value"": ""mummified""}}",ALL (aggregator),"7075 records matched, 7075 fetched and scanned; croc_mummy_hits=6, croc_egypt_hits=0",scripted sweep; hits = records whose text matched mummy regex (and crocodilian); egypt = crocodilian records with Egypt/Egyptian site in locality/country; reviewed manually,biodiversity
2026-09-24,UNKNOWN,multilingual,iDigBio search API v2,"fulltext=mummies | https://search.idigbio.org/v2/search/records {""data"": {""type"": ""fulltext"", ""value"": ""mummies""}}",ALL (aggregator),"278 records matched, 278 fetched and scanned; croc_mummy_hits=0, croc_egypt_hits=0",scripted sweep; hits = records whose text matched mummy regex (and crocodilian); egypt = crocodilian records with Egypt/Egyptian site in locality/country; reviewed manually,biodiversity
2026-09-24,UNKNOWN,multilingual,iDigBio search API v2,"fulltext=momie | https://search.idigbio.org/v2/search/records {""data"": {""type"": ""fulltext"", ""value"": ""momie""}}",ALL (aggregator),"9 records matched, 9 fetched and scanned; croc_mummy_hits=0, croc_egypt_hits=0",scripted sweep; hits = records whose text matched mummy regex (and crocodilian); egypt = crocodilian records with Egypt/Egyptian site in locality/country; reviewed manually,biodiversity
2026-09-24,UNKNOWN,multilingual,iDigBio search API v2,"fulltext=momifie | https://search.idigbio.org/v2/search/records {""data"": {""type"": ""fulltext"", ""value"": ""momifie""}}",ALL (aggregator),"0 records matched, 0 fetched and scanned; croc_mummy_hits=0, croc_egypt_hits=0",scripted sweep; hits = records whose text matched mummy regex (and crocodilian); egypt = crocodilian records with Egypt/Egyptian site in locality/country; reviewed manually,biodiversity
2026-09-24,UNKNOWN,multilingual,iDigBio search API v2,"fulltext=mumie | https://search.idigbio.org/v2/search/records {""data"": {""type"": ""fulltext"", ""value"": ""mumie""}}",ALL (aggregator),"2345 records matched, 2345 fetched and scanned; croc_mummy_hits=0, croc_egypt_hits=0",scripted sweep; hits = records whose text matched mummy regex (and crocodilian); egypt = crocodilian records with Egypt/Egyptian site in locality/country; reviewed manually,biodiversity
2026-09-24,UNKNOWN,multilingual,iDigBio search API v2,"fulltext=mumifiziert | https://search.idigbio.org/v2/search/records {""data"": {""type"": ""fulltext"", ""value"": ""mumifiziert""}}",ALL (aggregator),"0 records matched, 0 fetched and scanned; croc_mummy_hits=0, croc_egypt_hits=0",scripted sweep; hits = records whose text matched mummy regex (and crocodilian); egypt = crocodilian records with Egypt/Egyptian site in locality/country; reviewed manually,biodiversity
2026-09-24,UNKNOWN,multilingual,iDigBio search API v2,"fulltext=mummia | https://search.idigbio.org/v2/search/records {""data"": {""type"": ""fulltext"", ""value"": ""mummia""}}",ALL (aggregator),"3 records matched, 3 fetched and scanned; croc_mummy_hits=0, croc_egypt_hits=0",scripted sweep; hits = records whose text matched mummy regex (and crocodilian); egypt = crocodilian records with Egypt/Egyptian site in locality/country; reviewed manually,biodiversity
2026-09-24,UNKNOWN,multilingual,iDigBio search API v2,"fulltext=momia | https://search.idigbio.org/v2/search/records {""data"": {""type"": ""fulltext"", ""value"": ""momia""}}",ALL (aggregator),"10 records matched, 10 fetched and scanned; croc_mummy_hits=0, croc_egypt_hits=0",scripted sweep; hits = records whose text matched mummy regex (and crocodilian); egypt = crocodilian records with Egypt/Egyptian site in locality/country; reviewed manually,biodiversity
2026-09-24,UNKNOWN,multilingual,iDigBio search API v2,"fulltext=embalmed | https://search.idigbio.org/v2/search/records {""data"": {""type"": ""fulltext"", ""value"": ""embalmed""}}",ALL (aggregator),"27 records matched, 27 fetched and scanned; croc_mummy_hits=0, croc_egypt_hits=0",scripted sweep; hits = records whose text matched mummy regex (and crocodilian); egypt = crocodilian records with Egypt/Egyptian site in locality/country; reviewed manually,biodiversity
2026-09-24,UNKNOWN,multilingual,iDigBio search API v2,"fulltext=crocodile mummy | https://search.idigbio.org/v2/search/records {""data"": {""type"": ""fulltext"", ""value"": ""crocodile mummy""}}",ALL (aggregator),"1 records matched, 1 fetched and scanned; croc_mummy_hits=0, croc_egypt_hits=0",scripted sweep; hits = records whose text matched mummy regex (and crocodilian); egypt = crocodilian records with Egypt/Egyptian site in locality/country; reviewed manually,biodiversity
2026-09-24,UNKNOWN,multilingual,iDigBio search API v2,"fulltext=mummified crocodile | https://search.idigbio.org/v2/search/records {""data"": {""type"": ""fulltext"", ""value"": ""mummified crocodile""}}",ALL (aggregator),"4 records matched, 4 fetched and scanned; croc_mummy_hits=3, croc_egypt_hits=0",scripted sweep; hits = records whose text matched mummy regex (and crocodilian); egypt = crocodilian records with Egypt/Egyptian site in locality/country; reviewed manually,biodiversity
2026-09-24,UNKNOWN,multilingual,iDigBio search API v2,"fulltext=crocodile | https://search.idigbio.org/v2/search/records {""data"": {""type"": ""fulltext"", ""value"": ""crocodile""}}",ALL (aggregator),"26101 records matched, 26101 fetched and scanned; croc_mummy_hits=3, croc_egypt_hits=72",scripted sweep; hits = records whose text matched mummy regex (and crocodilian); egypt = crocodilian records with Egypt/Egyptian site in locality/country; reviewed manually,biodiversity
2026-09-24,UNKNOWN,multilingual,iDigBio search API v2,"fulltext=crocodilus | https://search.idigbio.org/v2/search/records {""data"": {""type"": ""fulltext"", ""value"": ""crocodilus""}}",ALL (aggregator),"8337 records matched, 8337 fetched and scanned; croc_mummy_hits=2, croc_egypt_hits=35",scripted sweep; hits = records whose text matched mummy regex (and crocodilian); egypt = crocodilian records with Egypt/Egyptian site in locality/country; reviewed manually,biodiversity
2026-09-24,UNKNOWN,multilingual,iDigBio search API v2,"fulltext=sobek | https://search.idigbio.org/v2/search/records {""data"": {""type"": ""fulltext"", ""value"": ""sobek""}}",ALL (aggregator),"140 records matched, 140 fetched and scanned; croc_mummy_hits=0, croc_egypt_hits=0",scripted sweep; hits = records whose text matched mummy regex (and crocodilian); egypt = crocodilian records with Egypt/Egyptian site in locality/country; reviewed manually,biodiversity
2026-09-24,UNKNOWN,multilingual,iDigBio search API v2,"country=egypt fulltext=crocodile | https://search.idigbio.org/v2/search/records {""country"": ""egypt"", ""data"": {""type"": ""fulltext"", ""value"": ""crocodile""}}",ALL (aggregator),"73 records matched, 73 fetched and scanned; croc_mummy_hits=0, croc_egypt_hits=35",scripted sweep; hits = records whose text matched mummy regex (and crocodilian); egypt = crocodilian records with Egypt/Egyptian site in locality/country; reviewed manually,biodiversity
2026-09-24,UNKNOWN,multilingual,iDigBio search API v2,"country=egypt fulltext=crocodylus | https://search.idigbio.org/v2/search/records {""country"": ""egypt"", ""data"": {""type"": ""fulltext"", ""value"": ""crocodylus""}}",ALL (aggregator),"96 records matched, 96 fetched and scanned; croc_mummy_hits=0, croc_egypt_hits=96",scripted sweep; hits = records whose text matched mummy regex (and crocodilian); egypt = crocodilian records with Egypt/Egyptian site in locality/country; reviewed manually,biodiversity
2026-09-24,FR,fr,GBIF occurrence API,https://api.gbif.org/v1/occurrence/search?taxonKey=11493978&country=EG&institutionCode=MNHN&limit=100 (+ /occurrence/{key}/verbatim for each),"Muséum national d'Histoire naturelle, Paris","18 records: 11 crocodile mummies (Thebes grottoes 1986.1471-1474, Samoun 1986.1475-1478/1480, Kom Ombo 'Comnunbo' 1901.214-215); 7 other Egyptian C. niloticus (0.7515 mounted, Geoffroy 1798; 1886.445 desiccated juvenile; 0.7504/0.7545/0.7546/1977.1604/0.2156 no mummy indication)",raw saved: raw/gbif_mnhn_RA_egypt_crocodylia_verbatim.json,biodiversity
2026-09-24,FR,fr,MNHN science.mnhn.fr / coldb.mnhn.fr (curl + WebFetch),https://science.mnhn.fr/institution/mnhn/collection/ra/item/1986.1471 ; http://coldb.mnhn.fr/catalognumber/mnhn/ra/1986.1471,"Muséum national d'Histoire naturelle, Paris",403 blocked (Cloudflare challenge) for both curl and WebFetch,used GBIF API + GBIF image cache instead,biodiversity
2026-09-24,FR,fr,mediaphoto.mnhn.fr / GBIF image cache,MNHN media identifiers of 13 Egyptian C. niloticus records; fetched via https://api.gbif.org/v1/image/cache/occurrence/{key}/media/{md5},"Muséum national d'Histoire naturelle, Paris","mediaphoto.mnhn.fr 403; GBIF cache OK: photos show unwrapped resin-coated whole crocodiles (1986.1471-1473), wrapped juvenile groups (1986.1474, 1986.1475-1478), labels for 1986.1480 and 1901.214-215","images viewed in scratchpad only, not saved in project",biodiversity
2026-09-24,FR,multilingual,iDigBio view API,https://search.idigbio.org/v2/view/records/{uuid} for 9 MNHN RA records,"Muséum national d'Histoire naturelle, Paris",9 records confirmed (same data as GBIF: Grotte de Samoun / Grottes sepulcrales de Thebes),UNKNOWN,biodiversity
2026-09-24,UNKNOWN,multilingual,GBIF occurrence API,full paging sweep taxonKey=11493978 basisOfRecord=PRESERVED_SPECIMEN limit=300 (scripts/gbif_sweep.py),ALL (aggregator),ABORTED: GBIF deep-offset pages (offset>~10000) stream at ~4 KB/s through the proxy (>90 s per page); replaced by targeted full-text q= and country/place queries (scripts/gbif_targeted.py),offset 0-300 pages fast (1-2 s); deep offsets time out,biodiversity
2026-09-24,CA,en,ROM eMuseum collections.rom.on.ca (HTML; JSON export disabled),crocodile,Royal Ontario Museum,"56 hits: 12 'Mummified crocodile' (910.169.2, .10, .11, .12, .13, .24; 940.7.2, .3, .4, .6, .7; 992X2.6), 1 'Coffin for a mummified crocodile' 979X2.53; 1 Nile crocodile natural-history specimen (Schad_1.2 10-026, not mummy); rest amulets, fossils, weapons, photos",UNKNOWN,canada_oceania
2026-09-24,CA,en,ROM eMuseum collections.rom.on.ca,crocodile mummy,Royal Ontario Museum,324 hits (OR search); same 12 mummified crocodiles + coffin; no new crocodile items,UNKNOWN,canada_oceania
2026-09-24,CA,en,ROM eMuseum collections.rom.on.ca,mummified crocodile,Royal Ontario Museum,109 hits (OR search); same 12 + coffin; no new crocodile items,UNKNOWN,canada_oceania
2026-09-24,CA,en,ROM eMuseum collections.rom.on.ca,Sobek,Royal Ontario Museum,"14 hits: 12 mummified crocodiles (same), coffin lid of Padikhonsu, +1 other; no new",UNKNOWN,canada_oceania
2026-09-24,CA,la,ROM eMuseum collections.rom.on.ca,Crocodylus,Royal Ontario Museum,"1 hit: Nile Crocodile (Crocodylus niloticus) Schad_1.2 10-026, modern natural-history specimen, not a mummy",UNKNOWN,canada_oceania
2026-09-24,CA,en,ROM eMuseum collections.rom.on.ca,animal mummy,Royal Ontario Museum,"1372 hits (OR search); filtered titles with mumm/croc: same 12 crocodiles + coffin; other animal mummies (cats, ibises, hawks, shrews, gazelles) not relevant",UNKNOWN,canada_oceania
2026-09-24,CA,en,ROM eMuseum collections.rom.on.ca,reptile mummy,Royal Ontario Museum,495 hits (OR search); no new crocodile mummies,UNKNOWN,canada_oceania
2026-09-24,CA,en,ROM eMuseum collections.rom.on.ca,940.7 ; 910.169 (object-number searches),Royal Ontario Museum,0 hits for both (number search not supported in keyword box),UNKNOWN,canada_oceania
2026-09-24,CA,fr,ROM eMuseum collections.rom.on.ca,momie crocodile,Royal Ontario Museum,56 hits = identical to 'crocodile' (English records only),UNKNOWN,canada_oceania
2026-09-24,CA,en,WebSearch,Royal Ontario Museum crocodile mummy CT scan,Royal Ontario Museum,"ROM press-release/magazine pages (404 on fetch), CBC news; no ROM crocodile CT study found",UNKNOWN,canada_oceania
2026-09-24,CA,en,WebSearch,"""Royal Ontario Museum"" ""crocodile"" mummy Sobek juvenile hatchling ROM Egyptian gallery",Royal Ontario Museum,ROM eMuseum record 496908 surfaced; no publications on ROM crocodiles,UNKNOWN,canada_oceania
2026-09-24,AU,en,WebSearch,Chau Chak Wing Museum crocodile mummy Nicholson collection,"Chau Chak Wing Museum, University of Sydney","Animal Mummy Research Project page (sydney.edu.au) lists 3 crocodiles NM52.406.1, NM52.406.2, NM84.4 + skull fragment NM52.406.3",UNKNOWN,canada_oceania
2026-09-24,AU,en,WebSearch,Macquarie University Museum of Ancient Cultures crocodile mummy,Macquarie University (Gale History Museum / Museum of Ancient Cultures),No crocodile mummy identified; academia.edu 'Death is only the beginning' Macquarie funerary customs; museum renamed Gale History Museum 2025,UNKNOWN,canada_oceania
2026-09-24,CA,en,WebSearch,Redpath Museum McGill crocodile mummy,Redpath Museum,"ÉTS Montréal 2024 micro-CT report: 2 juvenile crocodile bundles 2725.01, 2725.02",UNKNOWN,canada_oceania
2026-09-24,CA,en,WebSearch,Reznikov Nelson Redpath Museum animal mummies micro-CT crocodile 2725,Redpath Museum,ÉTS article; AuntMinnieEurope news; RadioGraphics 2012 (human+bird mummies); no peer-reviewed crocodile paper,UNKNOWN,canada_oceania
2026-09-24,CA,en,WebSearch,site:mcgill.ca Redpath crocodile mummy,Redpath Museum,Fontanus article Lawson 2016 (PDF) found: ~20 animal mummies incl. crocodiles; '8 Mummified Crocodiles Egypt' 1926,UNKNOWN,canada_oceania
2026-09-24,CA,en,WebSearch,Reznikov Brailovski votive animal mummies micro-CT Redpath journal article 2024 2025,Redpath Museum,No formal publication located (summariser conflated with Bates et al. 2020 Sci Rep on Egypt Centre Swansea),UNKNOWN,canada_oceania
2026-09-24,AU,en,WebSearch,Museums Victoria collections crocodile mummy Egypt,Museums Victoria,"0 relevant hits (Kom Ombo, Science Museum Group, Brooklyn)",UNKNOWN,canada_oceania
2026-09-24,NZ,en,WebSearch,Otago Museum crocodile mummy Egypt,Otago Museum,0 crocodile hits; Otago human mummy blog only,UNKNOWN,canada_oceania
2026-09-24,NZ,en,WebSearch,Canterbury Museum Christchurch Egyptian crocodile mummy,Canterbury Museum,0 crocodile hits; mummified head CT (paleoimaging.com),UNKNOWN,canada_oceania
2026-09-24,AU,en,Univ. of Sydney museums IMu API (collections_search/imu/request.php),findTerms SummaryData='crocodile',"Chau Chak Wing Museum, University of Sydney","7 hits: NM52.406.1, NM52.406.2, NM52.406.3 (head), NM84.4 crocodile mummies; 3 non-relevant (bark painting, model, lantern slide)",UNKNOWN,canada_oceania
2026-09-24,AU,en,Univ. of Sydney museums IMu API,findTerms SummaryData='Mummified animal',"Chau Chak Wing Museum, University of Sydney","11 hits: 4 crocodile (as above), 5 cats, 2 ibises",UNKNOWN,canada_oceania
2026-09-24,AU,en,Univ. of Sydney museums IMu API,findTerms SummaryData='Sobek',"Chau Chak Wing Museum, University of Sydney",0 hits,UNKNOWN,canada_oceania
2026-09-24,AU,la,Univ. of Sydney museums IMu API,findTerms SummaryData='Crocodylus',"Chau Chak Wing Museum, University of Sydney",0 hits,UNKNOWN,canada_oceania
2026-09-24,AU,en,Univ. of Sydney museums IMu API,findTerms SummaryData='reptile' ; 'mummy',"Chau Chak Wing Museum, University of Sydney","reptile 2 (model, photo); mummy 100 hits - no additional crocodile items",UNKNOWN,canada_oceania
2026-09-24,AU,en,"collections.museumsvictoria.com.au API + website (curl, WebFetch)",api/search?query=crocodile mummy | mummified crocodile | crocodile egypt | sobek | animal mummy,Museums Victoria,403 Cloudflare challenge ('Just a moment...') for curl and WebFetch; blocked,UNKNOWN,canada_oceania
2026-09-24,AU,en,WebSearch,site:collections.museumsvictoria.com.au crocodile mummy ; site:collections.museumsvictoria.com.au mummified crocodile Egypt,Museums Victoria,0 crocodile mummy records; hits: Crocodylus cataphractus specimen 290420; article 306 'Egyptian Antiquities',UNKNOWN,canada_oceania
2026-09-24,AU,en,WebSearch,"""Museums Victoria"" OR ""Melbourne Museum"" mummified crocodile Egyptian",Museums Victoria,"NOT RUN: session WebSearch budget exhausted (200/200, shared)",UNKNOWN,canada_oceania
2026-09-24,AU,en,WebSearch,South Australian Museum Egyptian room crocodile mummy,South Australian Museum,NOT RUN: WebSearch budget exhausted,UNKNOWN,canada_oceania
2026-09-24,NZ,en,WebSearch,Auckland Museum collection crocodile mummy Egypt,Auckland War Memorial Museum,NOT RUN: WebSearch budget exhausted,UNKNOWN,canada_oceania
2026-09-24,NZ,en,WebSearch,Te Papa collections mummified crocodile,Museum of New Zealand Te Papa Tongarewa,NOT RUN: WebSearch budget exhausted,UNKNOWN,canada_oceania
2026-09-24,NZ,en,DigitalNZ API v3 (no key),text=crocodile mummy,all NZ partners,"138 hits: 1 museum object 'mummy, crocodile' (Auckland Museum 563692); rest Papers Past newspaper items (incl. 1897 note on British Museum crocodile)",UNKNOWN,canada_oceania
2026-09-24,NZ,en,DigitalNZ API v3,text=mummified crocodile,all NZ partners,21 hits: no museum objects (radio/newspaper items),UNKNOWN,canada_oceania
2026-09-24,NZ,en,DigitalNZ API v3,text=crocodile Egypt,all NZ partners,"739 hits; museum objects: Auckland 'mummy, crocodile', Auckland Sobek statuette; Te Papa 'Ancient Egypt Series' photographs; Canterbury Museum lantern slide - no other crocodile mummies",UNKNOWN,canada_oceania
2026-09-24,NZ,en,DigitalNZ API v3,text=Sobek,all NZ partners,18 hits: Auckland Sobek statuette + 2 amulets + crocodile mummy 563692,UNKNOWN,canada_oceania
2026-09-24,NZ,en,DigitalNZ API v3,text=animal mummy,all NZ partners,"1106 hits; relevant: Auckland cat, bird, crocodile mummies; Teece Museum shroud; Univ. Auckland ibis mitogenome thesis/paper - no new crocodile",UNKNOWN,canada_oceania
2026-09-24,NZ,en,DigitalNZ API v3,text=crocodile (first 100 of 13460),all NZ partners,"only Auckland 'mummy, crocodile' among mummy-related records in first page",UNKNOWN,canada_oceania
2026-09-24,NZ,en,DigitalNZ API v3,text=mummy & content_partner=Auckland War Memorial Museum Tāmaki Paenga Hira,Auckland War Memorial Museum,"35 hits: 1 crocodile mummy (13061), 1 cat mummy, 1 bird mummy, cloth, portraits, library items",UNKNOWN,canada_oceania
2026-09-24,NZ,en,"aucklandmuseum.com / api.aucklandmuseum.com (curl, WebFetch)",collection/search?k=crocodile mummy ; record/563692,Auckland War Memorial Museum,HTTP 403 ('Too many requests') - blocked,UNKNOWN,canada_oceania
2026-09-24,NZ,en,DigitalNZ API v3,"text=crocodile excluding newspaper/library/radio partners (406 hits, 4 pages x 100)","NZ museums in DigitalNZ (Auckland, Canterbury, Te Papa, Nelson, Waikato, Hawke's Bay, Puke Ariki, Teece, eHive partners)","Only 1 crocodile mummy (Auckland 563692); others: natural-history specimens, Sobek statuette/amulets, crocodile-skin goods, photographs",UNKNOWN,canada_oceania
2026-09-24,NZ,en,"Te Papa Collections API (data.tepapa.govt.nz, guest token)",q=crocodile mummy (113) ; mummified crocodile (109) ; crocodile (81) ; mummy (32) ; Sobek (0),Museum of New Zealand Te Papa Tongarewa,"0 crocodile mummies; crocodile items are modern reptile specimens (RE.*, locality 'No data'), photographs; Egyptian animal mummies = 2 ibis packages FE000968, FE001738",UNKNOWN,canada_oceania
2026-09-24,NZ,en,DigitalNZ API v3,"text=mummy, per partner: Canterbury Museum (12), Teece Museum (3), Nelson (1), Puke Ariki (1), South Canterbury (1), Waikato (1), Sarjeant (4), Univ. Otago (11)",Canterbury Museum; Teece Museum; Nelson Provincial Museum; Puke Ariki; Waikato Museum; Sarjeant Gallery,"0 crocodile mummies: postcards, shroud, scarab, Osiris figurine, Puke Ariki Egyptian funerary artefacts (ushabtis, scarabs)",UNKNOWN,canada_oceania
2026-09-24,NZ,en,collection.canterburymuseum.com (Vernon browser) curl + WebFetch,objects?query=mummy ; objects?query=crocodile,Canterbury Museum,curl HTTP 202 empty body; WebFetch 403 - blocked,UNKNOWN,canada_oceania
2026-09-24,AU,en,eHive (ehive.com) object search,crocodile mummy ; mummified crocodile ; crocodile egypt ; animal mummy,eHive-hosted AU/NZ/CA small museums,"0 Egyptian crocodile mummies; hits: Tweed Regional Museum NK296-98 dried juvenile crocodile (taxidermy, not Egyptian), Florida crocodile head, mummy-cloth, library items",UNKNOWN,canada_oceania
2026-09-24,CA,en,Artefacts Canada - Humanities (app.pch.gc.ca; cookie challenge + intermittent SSL EOF),t=all w='crocodile mummy',all Canadian contributors,"13 hits, all McGill University - Redpath Museum: Object Name 'mummy', Object Type 'crocodile' (records RMMH8469, 193, 8474, 317, 8467, 8468, 8470, 8471, 8472, 8473, 8461, 8463, 8462)",UNKNOWN,canada_oceania
2026-09-24,CA,en,Artefacts Canada - Humanities,t=any w='crocodile mummy' (first 8 of 390 shown),all Canadian contributors,"390 hits (OR search); first page: crocodile-skin bag, Musées de la civilisation faience crocodile amulet MUCQ1991.1723, prints, paintings - not reviewed further",UNKNOWN,canada_oceania
2026-09-24,CA,fr,collections.mcq.org (Musées de la civilisation),recherche?q=crocodile,Musées de la civilisation,Meteor JS app - no server-rendered results; not checked,UNKNOWN,canada_oceania
2026-09-24,PL,pl,WebSearch,mumia krokodyla muzeum,UNKNOWN,"9 hits: leads Muzeum Narodowe w Lublinie 'Mumie zwierzęce' page (small crocodile mummy), Poznań 'Krokodyl w muzeum' (naszemiasto news, crocodile head mummy), MNW gallery (generic); rest news/popular",UNKNOWN,central_east_europe
2026-09-24,CZ,cs,WebSearch,mumie krokodýla muzeum,UNKNOWN,"10 hits: Náprstek Museum exhibition news (ČT24, Deník) mention crocodile mummy; Kudy z nudy mentions Kynžvart castle (Metternich) crocodile mummy; rest popular",UNKNOWN,central_east_europe
2026-09-24,HU,hu,WebSearch,krokodilmúmia múzeum,UNKNOWN,9 hits: Szépművészeti Múzeum object pages /mutargyak/14576/ (Krokodilmúmia) and /14577/ (Krokodil múmia); Savaria Múzeum blog 'Áldozat a Nílus istenének' (Szombathely); rest news,UNKNOWN,central_east_europe
2026-09-24,RU,ru,WebSearch,мумия крокодила музей Египет коллекция,UNKNOWN,9 hits: Pushkin Museum 'Мумии Древнего Египта' exhibition pages (2022); no specific crocodile record; rest popular,UNKNOWN,central_east_europe
2026-09-24,UNKNOWN,hu/en/cs/pl,Europeana API (wskey api2demo),krokodil múmia; krokodilmúmia; crocodile mummy; mumie krokodýla; mumia krokodyla,UNKNOWN,"krokodil múmia 55 / crocodile mummy 68 hits, all SE/AT/NL/BE (out of region); krokodilmúmia 0; mumie krokodýla 0; mumia krokodyla 1 (Elbląg Digital Library: 'Führer durch die Sammlungen des Städtischen Museums zu Elbing' — lead)",UNKNOWN,central_east_europe
2026-09-24,UNKNOWN,pl/cs/hr/ro/el/ru/hu,Europeana API (wskey api2demo),krokodyl; krokodýl; krokodil mumie; krokodil egipat; crocodil mumie; κροκόδειλος; крокодил; Sobek mummy; krokodil Egyiptom; krokodil állatmúmia,UNKNOWN,"crocodil mumie 2 hits: Muzeul Național de Istorie a Transilvaniei Cluj 'mumie zoomorfă' (Clasate records, inv. V 1681, crocodil mumificat). Others: only non-mummy crocodile items (Silesian Museum Opava Crocodylus rhombifer specimen, Náprstek ethnographic items), no crocodile mummies in region",UNKNOWN,central_east_europe
2026-09-24,RO,ro,CIMEC/INP Clasate (clasate.cimec.ro) quick search,crocodil,UNKNOWN,15 hits: 2 = Cluj MNIT 'mumie zoomorfă' crocodil mumificat V 1681 (two classification orders 2009 Tezaur & 2010 Fond); 8 = Antipa natural-history crocodile specimens (not mummies); rest irrelevant,UNKNOWN,central_east_europe
2026-09-24,RO,ro,CIMEC/INP Clasate (clasate.cimec.ro) quick search,mumie,UNKNOWN,"14 hits: Cluj MNIT human mummy+coffin, ibis/bird mummies V 1660, V 58144, crocodile V 1681 (x2), cat sarcophagus, cartonnage; Antipa 3 Egyptian human mummy heads (11202/122-124), Peruvian mummies; ASTRA Sibiu human mummy. Only crocodile = V 1681 Cluj",UNKNOWN,central_east_europe
2026-09-24,RO,ro,CIMEC/INP Clasate (clasate.cimec.ro) quick search,Sobek,UNKNOWN,not separately returned (301 redirect on first try); crocodil/mumie queries cover the relevant set,UNKNOWN,central_east_europe
2026-09-24,CZ,cs,"eSbírky portal internal API (internal-api.esbirky.cz/api/1/subjects, q=)",mumie krokodýla,UNKNOWN,"58 hits (OR-matching): photos, ethnographic items, Silesian Museum Crocodylus rhombifer taxidermy (inv. 2871), Holub Museum Nile crocodile exhibit P 310; 0 crocodile mummies",script scripts/esbirky_search.py,central_east_europe
2026-09-24,CZ,cs,eSbírky portal internal API,krokodýl,UNKNOWN,"46 hits: 0 crocodile mummies (photos 'Lov krokodýlů', taxidermy)",UNKNOWN,central_east_europe
2026-09-24,CZ,la,eSbírky portal internal API,Crocodylus,UNKNOWN,1 hit: Silesian Museum Opava Crocodylus rhombifer dermoplastic specimen; no mummy,UNKNOWN,central_east_europe
2026-09-24,CZ,cs,eSbírky portal internal API,Sobek,UNKNOWN,116 hits: all Czech surname Sobek; 0 Egyptian,UNKNOWN,central_east_europe
2026-09-24,CZ,cs,eSbírky portal internal API,zvířecí mumie; mumie zvířete; mumifikovaný; Kom Ombo,UNKNOWN,"zvířecí mumie 511 / mumie zvířete 3923 (OR-matching, first pages only posters/prints/photos); mumifikovaný 2 (non-Egyptian); Kom Ombo 26676 OR-noise; 0 crocodile mummies",UNKNOWN,central_east_europe
2026-09-24,CZ,cs,WebSearch,Náprstkovo muzeum mumie krokodýla sbírka Egypt inventární číslo,UNKNOWN,"9 hits: news (ČT24, Blesk, Deník, Aktuálně) on 2019 exhibition 'Na březích Nilu' mentioning crocodile mummies; nm.cz collection department pages; no inventory numbers",UNKNOWN,central_east_europe
2026-09-24,CZ,en,WebSearch,Náprstek Museum crocodile mummy CT animal mummies Prague,UNKNOWN,"9 hits: Onderka & Přikryl 2022 'Fish Mummies in the Collections of the Náprstek Museum' (ResearchGate, 403) -> official PDF on publikace.nm.cz; mentions small crocodile mummies P 610b-e",UNKNOWN,central_east_europe
2026-09-24,CZ,en,WebSearch,"""Fish Mummies in the Collections of the Náprstek Museum"" Annals of the Náprstek Museum pdf",UNKNOWN,"PDF found publikace.nm.cz (ANNALS_43-02-2022); read: P 610a fish from bundle with small crocodiles P 610b, P 610c, P 610d, P 610e; cites Strouhal & Vyhnánek 1979 and Hanzák 1977",UNKNOWN,central_east_europe
2026-09-24,CZ,en,WebSearch,"Strouhal Vyhnánek 1979 ""Egyptian Mummies in Czechoslovak Collections"" pdf Sborník Národního muzea",UNKNOWN,"full-text PDF found on fi.nm.cz (Strouhal-mumie-optimalizovano.pdf, 224 pp.); ch. 8 'Mummies of Fish and Reptiles' lists 18 crocodile items Cat. 103-120: Náprstek (8), Bratislava City Museum VE 45 a-e (5), Podlipanské muzeum Český Brod 516, Kynžvart castle 3480/3487/3488, Lešná castle 1007",UNKNOWN,central_east_europe
2026-09-24,CZ,cs,WebSearch,Atlas egyptských mumií v českých sbírkách krokodýl mumie,UNKNOWN,"9 hits: Atlas vols I-II (human mummies) at nm.cz; Deník article listing Kynžvart, Buchlov, Moravská Třebová; no crocodile-specific official record",UNKNOWN,central_east_europe
2026-09-24,CZ,cs,WebSearch,zámek Kynžvart mumie krokodýla Metternich sbírka,UNKNOWN,9 hits: Kudy z nudy (tourism) states Kynžvart holds 'mumiemi nilských krokodýlů'; official zamek-kynzvart.cz collection pages mention only 2 human mummies (no crocodile); Radio Prague 403,UNKNOWN,central_east_europe
2026-09-24,CZ,cs,WebSearch,zámek Lešná mumie krokodýla Seilern,UNKNOWN,9 hits: zlinsko-luhacovicko.cz (tourism) quotes 'mumii mláděte krokodýla' in Great Castle Library; zoozlin.eu tour page mentions only 'egyptské mumie' generically,UNKNOWN,central_east_europe
2026-09-24,CZ,cs,WebSearch,Podlipanské muzeum Český Brod mumie krokodýla,UNKNOWN,10 hits: official podlipanskemuzeum.cz collection page: Zounek collection 1910 'dvě malé egyptské mumie (krokodýl a poštolka)',UNKNOWN,central_east_europe
2026-09-24,SK,sk,WebSearch,Múzeum mesta Bratislavy múmie krokodílov egyptské,UNKNOWN,"10 hits: MMB official site (no crocodile content found); kemet.sk radio-programme page 'Egyptské pamiatky v slovenských múzeách III.: MÚMIE' (2016, Hudec/Magdolen/Kusá) - text not on page",UNKNOWN,central_east_europe
2026-09-24,SK,sk,Slovakiana portal API (wcm.slovakiana.sk/culturalobject/search),múmia,UNKNOWN,"26 hits: 5x 'Múmia malého krokodíla' Múzeum mesta Bratislavy (VE-00045/001-005); human mummies Betliar (SNM), Gemer-Malohont Museum Rimavská Sobota (mummy in sarcophagus), SNM Natural History Museum Homo sapiens (Egypt)",script scripts/slovakiana_search.py,central_east_europe
2026-09-24,SK,sk,Slovakiana portal API,krokodíl,UNKNOWN,"240 hits: 5 Bratislava crocodile mummies; Betliar 'Krokodíl nílsky' ZO 00253 and 'mláďa' ZO 00254 = taxidermy c. 1860 (preparované), not mummies; toys/art",UNKNOWN,central_east_europe
2026-09-24,SK,sk,Slovakiana portal API,múmia krokodíla,UNKNOWN,5 hits: all Múzeum mesta Bratislavy 'Múmia malého krokodíla',UNKNOWN,central_east_europe
2026-09-24,SK,la,Slovakiana portal API,Crocodylus,UNKNOWN,"28 hits: natural-history specimens (SNM Natural History Museum Bratislava, SNM Martin Andrej Kmeť Museum, Central Slovak Museum Banská Bystrica, Betliar) + 5 Bratislava crocodile mummies; no other mummies",UNKNOWN,central_east_europe
2026-09-24,SK,sk,Slovakiana portal API,Sobek,UNKNOWN,"216 hits, all surname/noise; 0 Egyptian items",UNKNOWN,central_east_europe
2026-09-24,SK,sk,Slovakiana portal API,mumifikovaný; mumifikácia; Sebek; zvieracia múmia,UNKNOWN,mumifikovaný 22 / mumifikácia 11: only the 5 Bratislava crocodile mummies + human mummies/ushabti; Sebek 203 surname noise; zvieracia múmia 0. Saturated for Slovakia portal,UNKNOWN,central_east_europe
2026-09-24,HU,hu,WebSearch,Szépművészeti Múzeum krokodilmúmia leltári szám egyiptomi gyűjtemény állatmúmiák,UNKNOWN,"9 hits: MFA object pages /mutargyak/14576/ 'Krokodilmúmia', /14577/ 'Krokodil múmia', /1952/ 'Kígyó múmia', /1967/ 'Íbisz múmia'; MFA collection on hu.museum-digital; all szepmuveszeti.hu pages return HTTP 451 to this environment",UNKNOWN,central_east_europe
2026-09-24,HU,en,WebSearch,Museum of Fine Arts Budapest crocodile mummy CT scan animal mummies Egyptian collection,UNKNOWN,9 hits: mfab.hu exhibition pages (HTTP 451 blocked); no scholarly crocodile publication found,UNKNOWN,central_east_europe
2026-09-24,HU,hu,WebFetch,savariamuseum.blog.hu 'Áldozat a Nílus istenének' (2021-08-26),"Savaria Múzeum, Szombathely","Museum blog (Horváth Bianka): ~20 cm baby crocodile mummy, Gothard brothers' Egyptian collection, shown in Iseum Savariense exhibition, Ptolemaic; linen remains on head; no inv. no.",UNKNOWN,central_east_europe
2026-09-24,HU,hu,"szepmuveszeti.hu / mfab.hu direct (curl, WebFetch) + Wayback CDX","/mutargyak/14576/, /mutargyak/14577/, mfab.hu/artworks/14576/",UNKNOWN,"HTTP 451 (Cloudflare, Unavailable For Legal Reasons) for all MFA pages; Wayback has no snapshot of 14576/14577 (only 14575)",UNKNOWN,central_east_europe
2026-09-24,HU,hu,hu.museum-digital.org JSON API (/json/objects?s=),krokodil; krokodilmúmia; krokodil múmia; Szobek; Crocodylus; múmia; Sobek; állatmúmia; mumifikált; krokod; Kom Ombo; Fajjum,UNKNOWN,"0 crocodile mummies. múmia 14 hits (MFA anthropoid coffin EGY_51.1995.1-2; 'Kígyómúmia' RRM = etching; 'Hal múmia' Szombathelyi Képtár = copper-wire artwork); krokodil 18 hits, all modern",UNKNOWN,central_east_europe
2026-09-24,HU,hu,WebFetch,mult-kor.hu 'Mi van a krokodilmúmia belsejében' (2015),UNKNOWN,Article is about a British Museum crocodile mummy (out of region); no Hungarian holding,UNKNOWN,central_east_europe
2026-09-24,UNKNOWN,hu,WebSearch,site:szepmuveszeti.hu krokodil múmia,UNKNOWN,"NOT PERFORMED: session-wide WebSearch budget exhausted (200/200). All subsequent discovery via direct institutional databases/APIs, portals, bibliographic APIs and WebFetch of known URLs only.",UNKNOWN,central_east_europe
2026-09-24,UNKNOWN,en,OpenAlex API,crocodile mummy Budapest; crocodile mummies Poland museum; mumia krokodyla; animal mummies Kraków; ... (9 queries),UNKNOWN,HTTP 429: OpenAlex free daily budget exhausted for this IP; no results,UNKNOWN,central_east_europe
2026-09-24,UNKNOWN,en,Crossref API (query.bibliographic),crocodile mummy Budapest Museum of Fine Arts; animal mummies National Museum Warsaw; animal mummies Kraków Archaeological Museum; crocodile mummy Hermitage (others failed JSON),UNKNOWN,"Relevant: Gorzelany-Nowak & Wilczyński 2023 (MNK animal mummies, 10.12797/saac.27.2023.27.06); Ejsmond & Przewłocki 2014 (MNW cat mummies); Szvák et al. 2023 (Semmelweis Museum mummy findings); Diker & Ulaş 2019 (Topkapı Palace crocodile 'mummy', 10.16947/fsmia.582351); Čavka & Uranić 2014 (Zagreb human mummies CT)",UNKNOWN,central_east_europe
2026-09-24,PL,en,journals.akademicka.pl PDF,Gorzelany-Nowak & Wilczyński 2023 SAAC 27: 127-141,Muzeum Narodowe w Krakowie / Muzeum Książąt Czartoryskich,"Four animal mummies only: cat MNK XI-412, falcon/harrier MNK XI-487, ichneumon imitation MNK XI-1499, kestrel MNK XI-a-850; no crocodile",UNKNOWN,central_east_europe
2026-09-24,PL,pl,WebFetch zamek-lublin.pl,/magia-starozytnego-egiptu/mumie-zwierzece/ and exhibition pages,Muzeum Narodowe w Lublinie,"Official exhibition text: 'Drugi zabytek to mumia małego krokodyla' / 'Na wystawie jest mumia małego krokodyla'; no inv. no., lender not stated",UNKNOWN,central_east_europe
2026-09-24,PL,pl,Muzeum Narodowe w Lublinie online catalogue (zamek-lublin.pl/wyniki-wyszukiwania),artifactName=mumia; artifactName=krokodyl; keyWords=' mumie'; creationPlaces='Egipt (Afryka)',UNKNOWN,"mumia 0; krokodyl 0; keyword mumie 1 (illustration for Prus' 'Faraon'); Egipt 10 (modern gong, napkin rings); ancient Egyptian objects not in online catalogue",UNKNOWN,central_east_europe
2026-09-24,PL,pl,WebFetch poznan.naszemiasto.pl (news 27 Feb 2015),Muzeum Narodowe: Krokodyl w muzeum! Skarby starożytności w Poznaniu,Muzeum Narodowe w Poznaniu,"News: MNP holds 'mumię głowy krokodyla sprzed ponad 2,5 tysiąca lat' in Gallery of Ancient Art (Egypt section) - candidate only",UNKNOWN,central_east_europe
2026-09-24,PL,pl,mnp.art.pl WordPress REST search (/wp-json/wp/v2/search) + ?s=,krokodyl; mumia; mumie zwierz; Sobek; Egipt,Muzeum Narodowe w Poznaniu,0 relevant hits (Egipt only returns events); no online collection DB found; zbiory.mnp.art.pl proxy 502,UNKNOWN,central_east_europe
2026-09-24,PL,pl,cyfrowe.mnw.art.pl,katalog?search=krokodyl,Muzeum Narodowe w Warszawie,JS app shell only (3.4 kB); API not identified before wrap-up - NOT SEARCHED,UNKNOWN,central_east_europe
2026-09-24,RU,ru,goskatalog.ru (portal + muzfo-rest API),мумия крокодила,UNKNOWN,Connection reset / tunnel closed (unreachable from this environment),UNKNOWN,central_east_europe
2026-09-24,RU,ru,hermitagemuseum.org,site access test,UNKNOWN,connection failed (000) - not searched,UNKNOWN,central_east_europe
2026-09-24,RU,ru,Pushkin Museum collection API (collection.pushkinmuseum.art/api/search-entities/OBJECT),крокодил; мумия крокодила; мумия животного; мумия; Себек; крокодила,Pushkin State Museum of Fine Arts,"крокодил 7 (Sobek statuette 138303, vessels, Barye sculpture); мумия 34 (cat mummy 142022, 3 human mummies, masks, canopics); мумия крокодила 0; Себек 4; no crocodile mummy online",script scripts/pushkin_search.py,central_east_europe
2026-09-24,JP,ja,Japan Search API (jpsearch.go.jp/api/item/search/jps-cross),ワニ ミイラ,UNKNOWN,109 hits; 1 relevant: ColBase cobas-152082 '鰐木乃伊' Tokyo National Museum TJ-2390 (Egypt); rest are books/journals/unrelated,UNKNOWN,east_asia
2026-09-24,JP,ja,Japan Search API item,item cobas-152082,Tokyo National Museum,"record: 鰐木乃伊, TJ-2390, 東洋考古, 1個, エジプト, 熊生栄氏寄贈, owner 東京国立博物館; no image",UNKNOWN,east_asia
2026-09-24,JP,ja,ColBase web API (colbase.nich.go.jp/colbaseapi/v2),free_word=鰐,Tokyo National Museum; Kyoto/Nara/Kyushu National Museums,"67 hits; 1 crocodile mummy TNM TJ-2390 '鰐木乃伊'; TJ-1887 '鰐' (東洋考古, no data, nature unknown); rest 鰐口 gongs, Oceanic wooden crocodiles",UNKNOWN,east_asia
2026-09-24,JP,ja,ColBase web API,free_word=木乃伊,Tokyo National Museum,"5 hits: TJ-2390 鰐木乃伊; TJ-2415 木乃伊首 (human head); TJ-1950, TJ-1932 (figurine, pectoral); QB-11119 book",UNKNOWN,east_asia
2026-09-24,JP,ja,ColBase web API,free_word=ミイラ,Tokyo National Museum,"9 hits: human mummy TJ-1835 (Pashenienptah), mummy linen etc.; no crocodile",UNKNOWN,east_asia
2026-09-24,JP,ja,ColBase web API,free_word=エジプト / 動物 / セベク / 鰐魚 / クロコダイル,ColBase national museums,"エジプト 359 hits (TNM Egyptian items; ibis figure TJ-4832 etc.), no additional crocodile mummy; 動物 491 hits none relevant; セベク/クロコダイル/鰐魚 no crocodile mummy",UNKNOWN,east_asia
2026-09-24,JP,ja,TNM 画像検索 (webarchives.tnm.jp/imgsearch/search),鰐; 鰐木乃伊; TJ-2390; ワニ; TJ-1887,Tokyo National Museum,"鰐: 7 hits (gongs, Papua crocodile TK-2804); others 0 hits; no photo of TJ-2390 online",UNKNOWN,east_asia
2026-09-24,JP,ja,WebSearch,"""鰐木乃伊"" 東京国立博物館",UNKNOWN,no direct hit for crocodile mummy; TNM image-search page of human mummy C0037390 (TJ-1835),UNKNOWN,east_asia
2026-09-24,JP,ja,CiNii Research OpenSearch,ワニ ミイラ; 鰐 ミイラ; クロコダイル ミイラ; 動物ミイラ,UNKNOWN,"ワニ ミイラ 5 hits incl. KAKEN 62043089 Akoris project (crocodile mummies excavated at Akoris, 14C of linen 1560±90 BP); 鰐 ミイラ 2 irrelevant; クロコダイル ミイラ 0; 動物ミイラ 3 (Kitagawa/Gakuhari KAKEN; Shimizu 2021 西アジア考古学22)",UNKNOWN,east_asia
2026-09-24,JP,ja/en,CiNii Research OpenSearch,ワニ エジプト; 鰐 エジプト; セベク; ソベク; アコリス ワニ; crocodile mummy; crocodile mummies; crocodile Egypt Sobek; animal mummies Egypt; 動物ミイラ エジプト; ミイラ CT 動物,UNKNOWN,key hits: Shimizu M. 2026 Orient 61:109-125 'Horizontal Niches for Crocodile Mummies in Akoris'; 'Crocodile worship in Middle Egypt: cultic niches for the crocodile mummies in local temples' Preliminary Report Akoris 2020:16-22; Molcho 2014 JEA; Hekkala 2011; no Japanese-held crocodile mummy mentioned,UNKNOWN,east_asia
2026-09-24,JP,ja,CiNii Research OpenSearch,日本 所蔵 ミイラ; 坂上 和弘 ミイラ; エジプト ミイラ 所蔵 日本; エジプト 動物 ミイラ; ミイラ エックス線; ネコ ミイラ; トキ ミイラ,UNKNOWN,"KAKEN 19K06869 (Sakaue: survey of mummies in Japan, 64 human specimens; published Bull. NMNS Ser. D 48); 'エジプト学研究 26: 2019年度北サッカラにおける動物遺存体とミイラに関する調査概報'; KAKEN 22KK0008 (Tuna el-Gebel, Gebel Asyut, Kom el-Loli animal necropoleis)",UNKNOWN,east_asia
2026-09-24,JP,en,kahaku.go.jp PDF,Sakaue K. 2022 Inventory of the human mummy specimens stored in Japan (Bull. NMNS Ser. D 48),UNKNOWN,"human mummies only; lists Egyptian human mummies at Univ. of Tokyo (3), Tokyo National Museum (1), Gunma Museum of Natural History (Nos.1-6, Morimoto et al. 1998), Kyoto University (at least 3) — candidate institutions for animal mummies; no animal mummies covered",UNKNOWN,east_asia
2026-09-24,JP,ja,WebSearch,"ワニのミイラ 古代エジプト 所蔵 博物館 日本; ""ワニのミイラ"" 展示 博物館; ""鰐のミイラ"" エジプト 所蔵; ""ワニのミイラ"" 大学 所蔵 古代エジプト コレクション",UNKNOWN,"no Japanese holding found; exhibition pages: Leiden RMO touring exhibition 2021-23 (Bunkamura) shows 'ワニのミイラ ローマ時代' lent by RMO; Brooklyn exhibition 2025 (Mori Arts Center) mentions only human and cat mummies; Kahaku 2019 特別展ミイラ, 2021 大英博物館ミイラ展, 2025-26 企画展「ワニ」 (no mummy mentioned)",UNKNOWN,east_asia
2026-09-24,JP,ja,WebFetch kahaku.go.jp,https://www.kahaku.go.jp/event/nid00001559.html (企画展ワニ); /exhibitions/ueno/special/2019/miira/; /event/nid00002037.html,National Museum of Nature and Science,no mention of crocodile mummy or animal mummy on these pages,UNKNOWN,east_asia
2026-09-24,JP,ja,WebSearch site:aom-tokyo.com,ワニ; ミイラ 動物,Ancient Orient Museum,no crocodile mummy; only Carajá clay crocodile figure (Amazon gallery talk) and Akoris human-mummy CT close-up exhibition 2022 (panels only),UNKNOWN,east_asia
2026-09-24,JP,ja,curl bunkamura.co.jp,https://www.bunkamura.co.jp/museum/exhibition/21_leidenegypt/chapters.html,Rijksmuseum van Oudheden (lender),chapter 'latest research' lists ワニのミイラ ローマ時代（前30-後395年頃） among CT-scanned exhibits; no inventory number on page; leidenegypt.jp blocked (502 proxy),UNKNOWN,east_asia
2026-09-24,JP,ja,CiNii Research,ライデン国立古代博物館所蔵 古代エジプト展; ブルックリン博物館所蔵 特別展 古代エジプト; 大英博物館 古代エジプト展,UNKNOWN,"catalogues: 古代エジプト展 ライデン国立古代博物館所蔵 (2020); 古代エジプト ブルックリン博物館所蔵特別展 (2025); BM exhibitions 1999, 2006, 2012 — print only, not accessible",UNKNOWN,east_asia
2026-09-24,JP,ja,WebSearch,東海大学 古代エジプト コレクション 動物ミイラ ワニ,Tokai University,found official collection DB egypt.civilization.u-tokai.ac.jp; no crocodile mummy in results,UNKNOWN,east_asia
2026-09-24,JP,ja,Tokai University AENET collection DB (egypt.civilization.u-tokai.ac.jp/collection/?s=),ワニ; ミイラ; 鰐; 動物; セベク; material=有機物 (organic-remains) listing,Tokai University (Suzuki collection),"ワニ 0; 鰐 0; セベク 0; ミイラ 9 (amulets, canopic lid, papyrus etc., no mummies); 動物 27 (figurines etc.); organic-remains list ~45 items (sandals, baskets, bows, ichneumon figure) — no animal mummies",UNKNOWN,east_asia
2026-09-24,JP,ja,WebSearch + WebFetch,京都大学総合博物館 エジプト ワニ ミイラ; https://www.museum.kyoto-u.ac.jp/special/content0024/,Kyoto University Museum,2011 exhibition 埃及考古 mentions only bird mummies (鳥のミイラ) under study; no crocodile,UNKNOWN,east_asia
2026-09-24,JP,ja,CiNii Research,埃及考古; 京都大学 エジプト 資料 目録; Egyptian antiquities Kyoto University; 東京大学総合研究博物館 エジプト; 天理参考館 エジプト; 岡山市立オリエント美術館 エジプト; 中近東文化センター エジプト 所蔵; 群馬県立自然史博物館 ミイラ,UNKNOWN,"catalogues found: 京都大学総合博物館考古学資料目録 エジプト出土資料 (2016); 埃及考古 図録 (2011); 天理参考館所蔵古代エジプト遺物コレクション (Suzuki M.); Okayama Orient Museum exhibitions ミイラと神々 (2019), 古代エジプト・ふしぎ発見! (2025); Gunma MNH Egyptian mummy papers (Morimoto et al. 1998; Kondo et al. 1998; Matsuura et al. 2000) — none mention crocodiles in title",UNKNOWN,east_asia
2026-09-24,JP,ja,curl city.shimonoseki.lg.jp,https://www.city.shimonoseki.lg.jp/site/art/132906.html (古代エジプト・ふしぎ発見! 2025),UNKNOWN,"lenders: MIHO MUSEUM, Tokai Univ., Shimonoseki City Art Museum (Kawamura coll.), TNM, Takahashi City Nariwa Museum (Kojima coll.), Waseda Aizu Museum, Okayama Orient Museum, Waseda Archaeological Museum; no ワニ/crocodile mentioned",UNKNOWN,east_asia
2026-09-24,JP,ja,WebSearch,成羽美術館 児島コレクション エジプト ミイラ 動物; 岡山市立オリエント美術館 ワニ ミイラ; 古代エジプト美術館 渋谷 ワニのミイラ マスク,UNKNOWN,"found touring exhibition 古代エジプト美術館展 (Higashihiroshima, Iwaki, Niigata, Akita) with PDF checklists; no Nariwa/Okayama crocodile",UNKNOWN,east_asia
2026-09-24,JP,ja,"PDF checklists (hhmoa.jp, city.iwaki.lg.jp, banbi.pref.niigata.lg.jp, akita-kinbi.jp)",grep ワニ/鰐/crocodile in 古代エジプト美術館展 出品目録,"The Ancient Egyptian Museum, Shibuya","no. 63 ワニのミイラの頭に被せたマスク / Mask for head of mummified crocodile, Ptolemaic, painted plaster, H17.0×W27.0×D38.0; also no. 12 Horus-on-crocodiles stela, no. 181 BD papyrus with crocodiles; 'all exhibits owned by 古代エジプト美術館渋谷'",UNKNOWN,east_asia
2026-09-24,JP,ja,curl egyptian.jp,outline.html; collection.html; exhibition_list.html,"The Ancient Egyptian Museum, Shibuya","official outline (>1000 objects, Kikugawa collection); no online object list; no crocodile mention",UNKNOWN,east_asia
2026-09-24,JP,ja,WebSearch,東京大学総合研究博物館 エジプト 動物ミイラ ワニ; 群馬県立自然史博物館 エジプト ミイラ ワニ 標本; MIHO MUSEUM エジプト ワニ ミイラ,UNKNOWN,"NOT PERFORMED — session-wide WebSearch budget (200 calls) exhausted; from here on only institutional DBs/APIs (Japan Search, ColBase, CiNii, J-STAGE, NDL, GBIF, museum sites via curl/WebFetch) were used",UNKNOWN,east_asia
2026-09-24,JP,ja/en,Kyoto University Research Resource Archive (keep.rra.museum.kyoto-u.ac.jp ArchivesSpace) photo archive TKUM PIC 2020/2 (947 records),crocodile; mummy; animal; Kom; Hawara; Fayum; Tebtunis; Gebelein; Sobek; bird,Kyoto University Museum,"records are photo file names (site+no.+catalogue page) only; Fayum 2 hits (Fayum010, cat. p.12-13), animal 11 hits (Oxyrhynchus008 p.14); other queries redirect-loop/0; no crocodile identifiable",UNKNOWN,east_asia
2026-09-24,JP,ja,J-STAGE WebAPI (api.jstage.jst.go.jp service=3),ワニ ミイラ; 鰐 ミイラ; crocodile mummy; 動物ミイラ; セベク; ワニ 神殿 エジプト; Sobek; crocodile Akoris,UNKNOWN,only relevant: Shimizu 2026 Orient 61 'Horizontal Niches for Crocodile Mummies in Akoris' (PDF read); 'Egyptian Birds Mummies' Jpn J Ornithol 1928; others irrelevant,UNKNOWN,east_asia
2026-09-24,JP,en,GBIF occurrence API,"taxonKey=11493978 (Crocodylia) publishingCountry=JP/CN/TW/KR/SG/MY/TH/PH/ID/VN/HK/MN, basisOfRecord=PRESERVED_SPECIMEN; filter Egypt/mummy/ミイラ",UNKNOWN,"JP 406 (NSMT, KPM, OMNH...) none Egyptian or mummy; TW 9 (TMRC, modern); KR 3 (NIBR); others 0",UNKNOWN,east_asia
2026-09-24,JP,ja,Japan Search API,ワニ エジプト; 鰐 エジプト; ワニ 古代; Egypt crocodile; エジプト 動物 ミイラ; トキ ミイラ; ネコ ミイラ; ハヤブサ ミイラ; 鰐木乃伊; 鰐のミイラ,UNKNOWN,no new crocodile mummy beyond TNM TJ-2390; TNM ibis figure TJ-5881; NDL books only,UNKNOWN,east_asia
2026-09-24,JP,ja,NDL Lab full-text search API (lab.ndl.go.jp/dl/api/book/search),鰐木乃伊; 鰐のミイラ; ワニのミイラ; 鰐の木乃伊; わにのミイラ; 鰐ミイラ,UNKNOWN,"5 hits, all general mentions (British Museum display 1911; 1943 生物紀行 mentions c. 5 m crocodile mummy seen in a museum — likely Cairo; Edo text 度日閑言); no Japanese holding",UNKNOWN,east_asia
2026-09-24,KR,ko,"e-museum (emuseum.go.kr headerSearch, national portal of Korean museum collections)",악어 미라; 미라; 악어; 이집트,UNKNOWN,"악어 미라 0; 미라 66 (Korean human mummy textiles, unrelated); 악어 55 (handbags, masks, modern specimens; Seoul National University Museum '악어' 1 record not opened; SNU Dental Museum Siamese crocodile bone); 이집트 58 (National Museum of World Writing Systems: canopic jar, shabti, talatat; Daegu Univ. Museum) — no crocodile mummy",UNKNOWN,east_asia
2026-09-24,EG,fr,archive.org advancedsearch API,title:(faune momifiée),"Egyptian Museum, Cairo","2 hits: lafaunemomifie00gail (Gaillard & Daressy 1905, CG 29501-) full scan + OCR; la-faune-momifiee-de-lantique-egypte-25 (same work)",UNKNOWN,egypt
2026-09-24,EG,fr,"archive.org full text (djvu.txt) of lafaunemomifie00gail, grep",crocodil|rocod|codil|Ombo|Maabd|saurien|Sobk,"Egyptian Museum, Cairo","Crocodile entries: CG 29578 (head), 29579-29585 (eggs), 29628-29630 (large mummies), 29710-29720 (young crocodiles), 29813-29816bis (coffins/sheath); index p. confirms 'Crocodiles 29578 à 29585, 29628 à 29630, 29710 à 29720; (Cercueils des) 29813 à 29816'. Garbled OCR values checked against page images n94, n127-n129, n162",UNKNOWN,egypt
2026-09-24,EG,en,WebSearch,"Ikram Iskander 2002 ""Non-Human Mummies"" Catalogue général crocodile CG","Egyptian Museum, Cairo","Citation data only; egyptologyforum CG list says Ikram & Iskander 2002 (CG 24048-24056, 29504-29903 selected, 51084-51101, 61089) not online; Richardin et al. 2017 Radiocarbon 59(2) concerns Musée des Confluences Lyon (lead)",UNKNOWN,egypt
2026-09-24,EG,en,egyptologyforum.org CG volumes online list,https://www.egyptologyforum.org/EEFCG.html (Gaillard/Ikram),"Egyptian Museum, Cairo","Gaillard & Daressy 1905 = CG 29501-29733, 29751-29834 online at archive.org; Ikram & Iskander 2002 not online (in copyright)",UNKNOWN,egypt
2026-09-24,EG,en,WebSearch,Animal Mummy Project Egyptian Museum Cairo crocodile mummies Salima Ikram gallery,"Egyptian Museum, Cairo","Popular/personal pages only (salimaikram.com, archaeology.org, NatGeo); Qubbat al-Hawa PLOS ONE hit; pascal-francis citation 'The animal mummy project at the Egyptian Museum, Cairo'",UNKNOWN,egypt
2026-09-24,EG,en,curl salimaikram.com/animal-mummy-project,crocodile|Egyptian Museum|Kom Ombo,"Egyptian Museum, Cairo","0 hits: generic text only, no object list",UNKNOWN,egypt
2026-09-24,EG,en,WebSearch,egymonuments.gov.eg crocodile mummy,"Crocodile Museum, Kom Ombo; Egyptian Museum, Cairo",Hits: egymonuments Crocodile Museum page + PDF brochure crocodile-en-web.pdf; egyptianmuseumcairo.eg artefact page 'Mummies of the big Nile crocodile'; Mummification Museum page,UNKNOWN,egypt
2026-09-24,EG,en,curl egyptianmuseumcairo.eg artefact page,https://egyptianmuseumcairo.eg/artefacts/mummies-of-the-big-nile-crocodile/,"Egyptian Museum, Cairo","Official page: 'Mummies of the big Nile crocodile (Crocodilus niloticus)', Gallery 53 Upper Floor; photo shows 2 large bitumen-coated largely unwrapped crocodile mummies; no inventory numbers",UNKNOWN,egypt
2026-09-24,EG,en,egyptianmuseumcairo.eg WordPress REST search API,crocodile; Sobek; Kom Ombo; animal mummies; mummy; تمساح,"Egyptian Museum, Cairo",crocodile -> 'The Basement of the Egyptian Museum' page (states boxes of 'Mummies of crocodiles' from Japanese expedition at Tehna el-Gabal in basement); artefact post type not indexed; Sobek/تمساح 0 hits,UNKNOWN,egypt
2026-09-24,EG,en,curl egymonuments.gov.eg,https://egymonuments.gov.eg/en/museums/crocodile-museum + media/8055/crocodile-en-web.pdf,"Crocodile Museum, Kom Ombo","Official: main hall displays mummified Nile crocodiles, longest 4.30 m, smallest 2 m; crocodile fetuses; Shutb cemetery 'Nearly 80 crocodiles were found'; no count of displayed mummies, no inventory numbers",UNKNOWN,egypt
2026-09-24,EG,ar,curl egymonuments.gov.eg (Arabic),https://egymonuments.gov.eg/ar/museums/crocodile-museum,"Crocodile Museum, Kom Ombo",Arabic text same as English: مومياوات محنطة لتماسيح النيل، أكبرها 4.30م وأصغرها 2م، أجنة التماسيح؛ جبانة الشطب,UNKNOWN,egypt
2026-09-24,EG,ar,WebSearch,متحف التمساح كوم أمبو مومياء تمساح عدد المومياوات الشطب,"Crocodile Museum, Kom Ombo","News only (youm7 2022, masrawy 2017, elbalad, coptstoday, elwatannews, akhbarelyom): '22 تمساحا من أصل 50' and 'خمس مومياوات'; candidate-only",UNKNOWN,egypt
2026-09-24,EG,en,WebSearch,Kom Ombo Crocodile Museum mummies el-Shatb cemetery crocodile burials excavation publication,"Crocodile Museum, Kom Ombo","Travel/blog pages; claim el-Shatb excavated by EAO 1965-68, 1971-83 (secondary); no scholarly publication found",UNKNOWN,egypt
2026-09-24,EG,en,WebSearch,"""Crocodile Museum"" ""Kom Ombo"" crocodile mummies CT OR radiographic OR study journal article","Crocodile Museum, Kom Ombo","No study of Kom Ombo museum specimens; hits on Lyon (Porcier 2019, Berruyer 2020), BM EA 38562, Qubbat al-Hawa PLOS ONE",UNKNOWN,egypt
2026-09-24,EG,en,PLOS ONE full-text XML,"journal.pone.0279137 grep: stored, museum, Kom Ombo, linen, isolated skull",Qubbat al-Hawa (Aswan) excavation store,"10 crocodiles (#1,#3-#11); 'studied on site and are also currently stored there'; refs to Cairo (Ikram 2005), Lyon, BM, Manchester, Yale Peabody",UNKNOWN,egypt
2026-09-24,EG,en,WebSearch,Akoris Tehna el-Gebel crocodile mummies Japanese mission Paleological Association of Japan,Akoris (Tehna el-Gebel) finds / Egyptian Museum Cairo basement,Fandom/wiki/travel hits only (not opened); no scholarly source on storage,UNKNOWN,egypt
2026-09-24,EG,ja,WebSearch,アコリス ワニ ミイラ 古代学協会,Akoris (Tehna el-Gebel),"isan-no-sekai.jp reports 8208 (crocodile worship & Akoris) and 8422 (Akoris mummies); aom-tokyo.com exhibition 'エジプト・アコリス出土のミイラ' (Ancient Orient Museum Tokyo, lead)",UNKNOWN,egypt
2026-09-24,EG,ja,curl isan-no-sekai.jp/report/8208 and /8422,ワニ|セベク|保管|収蔵|カイロ,Akoris (Tehna el-Gebel),8208: several crocodiles >3.5 m found in temple at Akoris; photo 'crocodile mummy placed in the rock-cut temple' (still on site); crocodile-shaped niches in West Temple (Nero). No storage institution named. 8422: human mummies only,UNKNOWN,egypt
2026-09-24,EG,en,curl egymonuments.gov.eg,https://egymonuments.gov.eg/museums/mummification-museum/ (EN+AR),"Mummification Museum, Luxor","Generic statement only: embalming applied to animals '(Cats, dogs, crocodiles…. etc.)'; no holding statement",UNKNOWN,egypt
2026-09-24,EG,en,WebSearch,"""Mummification Museum"" Luxor crocodile mummy display","Mummification Museum, Luxor","sis.gov.eg official portal + travel sites; SIS: 'animal mummies, such as: crocodiles; cats; and fish'",UNKNOWN,egypt
2026-09-24,EG,en,curl sis.gov.eg (with added intermediate cert),https://sis.gov.eg/en/egypt/tourism/cultural-tourism/museums/the-mummification-museum/,"Mummification Museum, Luxor","2 crocodile mentions (displays animal mummies incl. crocodiles; hall with mummified ram, cat, ibis, crocodile, monkey)",UNKNOWN,egypt
2026-09-24,EG,ar,WebSearch,متحف التحنيط بالأقصر مومياء تمساح,"Mummification Museum, Luxor",News: 'مومياء تمساح حديث الولادة'; beta.sis.gov.eg Arabic page blocked by WAF,UNKNOWN,egypt
2026-09-24,EG,en,egymonuments.gov.eg site-search API (Umbraco/Api/SearchResultWebAPI/GetSearchResult); script scripts/mota_search.py; raw JSON in raw/,crocodile; crocodiles; Sobek; animal mummies; mummified animals; mummified crocodile; Souchos,All MoTA museums/collections/news on egymonuments.gov.eg,"crocodile 12 hits, crocodiles 5, Sobek 3, animal mummies 18, mummified animals 23, mummified crocodile 15, Souchos 0. Only Crocodile Museum (Kom Ombo) page states crocodile mummies held; Mummification Museum generic; Sharm el-Sheikh Museum 'Grand Hall is where animal mummies are displayed' (species not stated); Saqqara 2018 news: wooden statues of small crocodiles (not mummies)",UNKNOWN,egypt
2026-09-24,EG,ar,egymonuments.gov.eg site-search API (culture ar); scripts/mota_search.py,تمساح؛ التمساح؛ تماسيح؛ التماسيح؛ سوبك؛ مومياء تمساح؛ مومياوات حيوانية؛ حيوانات محنطة؛ تمساح محنط,All MoTA museums/collections/news on egymonuments.gov.eg (Arabic),"~55 unique hits (fuzzy matching); only متحف التمساح page (and its anniversary event) mentions crocodile mummies; checked Agha Khan West Aswan tomb news, Imhotep Museum, Sharm el-Sheikh Museum, NMEC, New Valley Museum, Tuna el-Gebel news, Assiut news, Abydos news: 0 crocodile mentions",UNKNOWN,egypt
2026-09-24,EG,en,curl egymonuments.gov.eg pages,"crocodile|animal mumm in: Crocodile Museum anniversary, Kom Ombo Temple, Zoological Museum Giza Zoo news, Wadi Abu Subeira, Tell el-Faraoun, New Discoveries at Saqqara, Gebel al-Silsila, The Netherworld, Sharm al-Sheikh Museum, NMEC, Speos of Horemheb, Saqqara online discovery",various,No crocodile mummy holding statements except Sharm el-Sheikh Museum animal mummies (unspecified); Kom Ombo/Silsila pages mention Sobek only,UNKNOWN,egypt
2026-09-24,EG,en,WebSearch,Graeco-Roman Museum Alexandria crocodile mummy Theadelphia Pnepheros temple bier,"Graeco-Roman Museum, Alexandria",Travel/blog/wiki hits; alexandria.gov.eg page (503 Service Unavailable),UNKNOWN,egypt
2026-09-24,EG,en,archive.org advancedsearch + full text,creator:Breccia; grep crocodil|Pnepher|Theadelph in Breccia 1922 guide,"Graeco-Roman Museum, Alexandria",Breccia 1922 guide Room 9: 'On the litter is the mummy of a crocodile' (Theadelphia litter); Teadelfia/Pneferos report not on archive.org,UNKNOWN,egypt
2026-09-24,EG,ar,WebSearch,المتحف اليوناني الروماني بالإسكندرية مومياء تمساح محفة معبد بنفروس,"Graeco-Roman Museum, Alexandria","youm7 2025 snippet: 'مومياء لتمساح يتوسط المدخل' in reconstructed Crocodile Temple (news, candidate-only); maspero.eg 2023: temple model moved inside (no mummy mention)",UNKNOWN,egypt
2026-09-24,EG,en,curl egymonuments.gov.eg + MoTA search API,Graeco-Roman Museum; Theadelphia; Pnepheros,"Graeco-Roman Museum, Alexandria","Museum page EN/AR: history only, 0 crocodile mentions; Theadelphia/Pnepheros 0 relevant hits",UNKNOWN,egypt
2026-09-24,EG,en,WebSearch,Sharm El Sheikh Museum animal mummies crocodile mummy hall,Sharm El-Sheikh Museum,"Search summary claims mummified 'cats, hawks, eagles, rams, crocodiles' (source not identified; likely wiki/travel); official pages checked separately",UNKNOWN,egypt
2026-09-24,EG,en,curl egymonuments.gov.eg (EN/AR) + sis.gov.eg,Sharm al-Sheikh Museum pages: crocodile|تمساح|animal mummies,Sharm El-Sheikh Museum,MoTA: 'the Grand Hall is where animal mummies are displayed' / 'يعرض بعض الحيوانات المحنطة' (species not stated); SIS: cats and scarabs from Saqqara 2019; 0 crocodile mentions,UNKNOWN,egypt
2026-09-24,EG,ar,WebSearch,متحف شرم الشيخ مومياء تمساح القاعة الكبرى حيوانات محنطة,Sharm El-Sheikh Museum,"NOT PERFORMED: session WebSearch budget exhausted (200/200); subsequent searching done via official sites, archive.org, OpenAlex/Crossref APIs only",UNKNOWN,egypt
2026-09-24,EG,en,OpenAlex API,crocodile mummy,literature,Rate limit exceeded (shared IP daily budget used up) – not usable,UNKNOWN,egypt
2026-09-24,EG,en,Crossref API query.bibliographic (scripts/crossref_search.py),crocodile mummies Egypt; mummified crocodile,literature,"Relevant: Shimizu 2026 Orient 61 (Akoris niches); Chudzik & Iwaszczuk 2022 JAA (North Asasif crocodile remains); Berruyer thesis; Yanish et al. 2025 (Kyiv-Pechersk Lavra crocodile, UA lead); Atherton-Woolham 2015 (Hawara, Manchester)",UNKNOWN,egypt
2026-09-24,EG,en,J-STAGE full text PDF,Shimizu 2026 orient.61.109 grep mumm|store|museum|Cairo|kept,Akoris Chapel E; Graeco-Roman Museum Alexandria; Egyptian Museum Cairo,Akoris crocodile mummies kept in Chapel E (2024); 4.8 m specimen; GRM crocodile mummy on litter photographed 2024 (Fig. 5b); litter inv. 19679–19681,UNKNOWN,egypt
2026-09-24,EG,en,"egymonuments.gov.eg sitemap (en/sitemap.aspx, 1171 URLs) + page grep",URLs matching crocod|sobek|mumm|animal; then page text grep crocodil|animal mumm|Sobek for all 24 museum pages and mummy-related news/events,"All 24 MoTA museum pages listed in sitemap (Alexandria National, Airport T2/T3, Crocodile, Egyptian Museum, Gayer-Anderson, Graeco-Roman, Helwan Corner, Hurghada, Imhotep, Kafr el-Sheikh, Manial, Marsa Matrouh, Mummification, Islamic Art, Military, NMEC, Police, Nubia, Royal Jewelry, Sharm, Coptic, Suez, Royal Carriages)",Crocodile holding stated only on Crocodile Museum page; Sharm animal mummies unspecified; all others NO HIT,UNKNOWN,egypt
2026-09-24,EG,ar,egymonuments.gov.eg sitemap (ar) + page grep,تمساح|تماسيح|سوبك|حيوانات محنطة|مومياوات حيوان on all 24 Arabic museum pages,All 24 MoTA museum pages (Arabic),Only متحف التمساح (crocodile) and متحف شرم الشيخ ('يعرض بعض الحيوانات المحنطة'); others NO HIT,UNKNOWN,egypt
2026-09-24,EG,en,nmec.gov.eg WordPress REST search; grandegyptianmuseum.org WordPress REST search,crocodile; Sobek; animal mummies; mummified; تمساح,NMEC; Grand Egyptian Museum,"NMEC: 0 crocodile hits (animal mummies -> Paleobiobank, aDNA lab generic); GEM (.org): 0 hits; gem.eg 403",UNKNOWN,egypt
2026-09-24,EG,en,doi.org / brill.com (403) + Crossref API metadata,"10.1163/21915784-bja10016 (Chudzik & Iwaszczuk 2022, North Asasif crocodile remains)",North Asasif (Polish mission) finds,Abstract: crocodile skeletal remains 'were not mummified' -> excluded (outside corpus definition),UNKNOWN,egypt
2026-09-24,EG,fr,"archive.org ASAE volumes 21-79 (67 items) OCR text, scripts/asae_grep.py; hits in raw/asae_crocodile_grep.tsv",crocodil|Krokodil|coccodrill|تمساح|تماسيح,Egyptian Museum Cairo; Akoris/Tehneh; Tebtunis; Kom Ombo; Graeco-Roman Museum,"~180 line hits; relevant: ASAE 26 Abou-Seif (Tehneh crocodile mummies, unneeded ones stored on site, rest to Cairo Museum) and Lacau (tomb 3 Tehneh); ASAE 31 Breccia (Tebtunis crocodile cemetery examined); ASAE 40 Boak? (Karanis temple altar for crocodile mummy, no object); others iconographic",UNKNOWN,egypt
2026-09-24,FR,fr,collections.louvre.fr (curl),recherche?q=crocodile momie,Musée du Louvre,"429: WADP 'I am not a robot' bot-challenge page, no results",Will retry later / via web search for ark URLs,france
2026-09-24,FR,fr,collections.louvre.fr (WebFetch),recherche?q=crocodile momie,Musée du Louvre,429 Too Many Requests,UNKNOWN,france
2026-09-24,FR,fr,collections.louvre.fr search/export (curl),search/export?q=crocodile&export-limit=5000,Musée du Louvre,429 WADP bot challenge,UNKNOWN,france
2026-09-24,FR,fr,WebSearch,collections.louvre.fr momie de crocodile,Musée du Louvre,"hits: cl010024577 (N 2901), cl010028295 (N 2900), cl010008099 (E 2545 coffin w. croc head), RMN image page",UNKNOWN,france
2026-09-24,FR,fr,WebSearch,site:collections.louvre.fr crocodile momie Antiquités égyptiennes,Musée du Louvre,"same 3 arks + snake/fish mummies, Horus stelae",UNKNOWN,france
2026-09-24,FR,fr,WebSearch,"""momie de crocodile"" Louvre site des collections",Musée du Louvre,no new arks,UNKNOWN,france
2026-09-24,FR,fr,WebSearch,"""crocodile"" ""momie"" collections.louvre.fr ark Numéro principal Basse Époque",Musée du Louvre,no new croc arks,UNKNOWN,france
2026-09-24,FR,fr,WebSearch,"Louvre ""momie d'animal"" crocodile ark:/53355",Musée du Louvre,no new croc arks (dog/cat/shrew mummies),UNKNOWN,france
2026-09-24,FR,fr,WebSearch,Louvre crocodile momifié E 5832,Musée du Louvre,1 hit: cl010015120 = E 5832 momie de crocodile,UNKNOWN,france
2026-09-24,FR,fr,collections.louvre.fr ark JSON (curl),cl010028295 cl010024577 cl010008099 cl010373931 cl010015120 cl010338697 cl010019299 cl010373917 cl010373921 .json,Musée du Louvre,"200 OK; croc: N 2900, N 2901, E 5832, E 2545 (head in coffin); others non-croc",raw JSON saved in raw/,france
2026-09-24,FR,fr,art.rmngp.fr (curl+WebFetch),momie-de-crocodile-d23678bc...,Musée du Louvre,curl TLS name mismatch; WebFetch 503,UNKNOWN,france
2026-09-24,FR,en,"doi.org / mdpi.com / mdpi-res.com (curl, WebFetch)",10.3390/heritage8100415 (Pubblico 2025),Musée du Louvre; Musée des Confluences,"HTML 403; PDF 200 via mdpi-res.com; Louvre E 5832 & N 2901 ter; MdC 3 specimens (species not stated); croc leads MM 7892, MM 12008, CMNH 1867-4, PAHMA 6-21633, Sharm el-Sheikh",UNKNOWN,france
2026-09-24,FR,fr,WebSearch,"""N 2901 ter"" OR ""N 2901 bis"" crocodile Louvre",Musée du Louvre,0 hits for ter/bis; only N 2901/N 2900,UNKNOWN,france
2026-09-24,FR,fr,WebSearch,"Louvre ""momie de crocodile"" ""Salle 318"" OR ""non exposé"" collections",Musée du Louvre,new: cl010014020 = N 2902 croc mummy; franceinfo article on croc mummy restored at Louvre-Lens,UNKNOWN,france
2026-09-24,FR,fr,WebSearch,Musée des Confluences collections en ligne momie crocodile,Musée des Confluences,portal notice 'oeuf d'une momie de crocodile'; MdC news page; Louvre cl010371654 (E 21358 croc head),UNKNOWN,france
2026-09-24,FR,fr,WebSearch,"museedesconfluences.fr ""momie de crocodile""",Musée des Confluences; Institut Calvet; MAH Genève,"MdC 'momie de crocodile sacré' resource page; Institut Calvet node/2137 'Momie de crocodile'; MAH Genève D-0337, D-0241; Echosciences Grenoble; CNRS ASM press",UNKNOWN,france
2026-09-24,FR,fr,collections.louvre.fr ark JSON,cl010014020 cl010014009 cl010014025 cl010371654,Musée du Louvre,N 2902 croc; E 21358 croc head fragment; 2 cat mummies,UNKNOWN,france
2026-09-24,FR,fr,institutcalvet.fr site search,search/node?keys=crocodile ; keys=momie,Institut Calvet (Avignon),"1 croc mummy (A100, L 59 cm); other hits coins, ibis mummy, infant mummy",UNKNOWN,france
2026-09-24,FR,fr,portail.museedesconfluences.fr (Alphamosa portal) search,"recherche_libre=crocodile (all fields, 5 pages x 80)",Musée des Confluences,"362 hits; ~298 Egyptian crocodile mummy/part records (inv. 9000xxxx): momies, jeunes crocodiles, bébés, amas de bébés, têtes, crânes, fragments, queue, patte, oeufs, embryon, simulacre, dents; rest modern zoology/ethnology",raw/mdc_search_crocodile.tsv,france
2026-09-24,FR,fr,Louvre ark scan (curl .json),cl010013950-cl010014150 sequential ark JSON (1 req/1.5s),Musée du Louvre,in progress; animal-mummy cluster found around cl0100140xx,"search endpoint blocked, so polite ark-neighbourhood scan used",france
2026-09-24,FR,fr,WebSearch,Muséum national d'Histoire naturelle momie de crocodile collection anatomie comparée Égypte,MNHN Paris,OCIM article on MNHN mummies (human only); Persée Nicolotti & Robert 1994; Grand Curtius Liège page,UNKNOWN,france
2026-09-24,FR,fr,WebSearch,science.mnhn.fr crocodile momie Crocodylus niloticus momifié,MNHN Paris,par.nsf.gov Hekkala 2022 PDF (MNHN-RA crocodile mummies); Echosciences Grenoble,UNKNOWN,france
2026-09-24,FR,fr,science.mnhn.fr (curl),"collection/ra/item/1986.1471, 1886.445, 1986.1473",MNHN Paris,403 Cloudflare challenge,UNKNOWN,france
2026-09-24,FR,fr,GBIF API,occurrence/search institutionCode=MNHN collectionCode=RA q=momie,MNHN Paris,"1 hit, not croc (Phelsuma)",UNKNOWN,france
2026-09-24,FR,fr,GBIF API,occurrence/search datasetKey=217b0d4f (MNHN RA) familyKey=5685 country=EG,MNHN Paris,"18 records; 13 from sepulchral localities (Thèbes, Samoun, Kom Ombo) with photos; 0.7515 etc. are non-mummy specimens",images via GBIF image cache (mediaphoto.mnhn.fr 403),france
2026-09-24,FR,fr,journals.openedition.org (WebFetch),ocim/966 Carminati 2011 Les momies du MNHN,MNHN Paris,human mummies only; no crocodiles,UNKNOWN,france
2026-09-24,FR,en,journals.plos.org,10.1371/journal.pone.0229140,Musée des Confluences,"MHNL 90001850 croc mummy, Esna or Kom Ombo",UNKNOWN,france
2026-09-24,FR,en,WebSearch + fount.aucegypt.edu,Porcier 2019 Wild crocodiles hunted ... synchrotron Montauban,Musée des Confluences; Muséum Victor Brun Montauban,"Specimen is MHNL 90001591 (Lyon, Kom Ombo), not Montauban",UNKNOWN,france
2026-09-24,FR,fr,persee.fr (curl PDF; WebFetch),mhnly_0373-6636_1994_num_32_1_1141 Nicolotti & Robert 1994,Musée des Confluences,"PDF blocked (altcha 403); landing page metadata only, no text",UNKNOWN,france
2026-09-24,FR,fr,museedesconfluences.fr (curl),actualites/la-collection-de-momies-animales-egypte,Musée des Confluences,official: 'près de 2 500 momies animales'; crocodiles among species; no crocodile count,UNKNOWN,france
2026-09-24,FR,fr,WebSearch,"""momie de crocodile"" musée France collection égyptienne -Louvre",various,Grand Curtius Liège I/681 (BE lead); Echosciences; MdC; Persée,UNKNOWN,france
2026-09-24,FR,fr,WebSearch,"""crocodile momifié"" musée égyptologie collection France",various,Louvre cl010371654; CNRS pages on MdC 90001591; no new French institution,UNKNOWN,france
2026-09-24,FR,fr,echosciences-grenoble.fr (WebFetch),a-la-decouverte-d-une-momie-egyptienne-de-crocodile-vieille-de-2-000-ans,Musée des Confluences,"concerns MHNL 90001591 (Kom Ombo), MdC Lyon",UNKNOWN,france
2026-09-24,FR,fr,data.gouv.fr API,datasets q=joconde,Base Joconde (all musées de France),found dataset 5b448216a3a729752eb11d6f with full CSV export (1.2 GB) at ministere-culture.s3.sbg.io.cloud.ovh.net/POP/joconde.csv; streamed & filtered (regex crocodil|sobek|sebek|souchos|suchos|kom ombo),UNKNOWN,france
2026-09-24,FR,en,cambridge.org (curl via doi.org),10.1017/RDC.2016.102 Richardin et al. 2017,Musée des Confluences,abstract only (paywall); 63 MdC animal mummies dated,UNKNOWN,france
2026-09-24,FR,fr,WebSearch,Montauban muséum Victor Brun momie crocodile,"Muséum Victor Brun, Montauban",NOT PERFORMED: session WebSearch budget (200) exhausted,UNKNOWN,france
2026-09-24,FR,fr,WebSearch,Marseille musée d'Archéologie méditerranéenne Vieille Charité momie crocodile Clot-Bey,MAM Marseille,NOT PERFORMED: session WebSearch budget exhausted,UNKNOWN,france
2026-09-24,FR,fr,portail.museedesconfluences.fr search,recherche_libre=Kôm Ombo / Ombo,Musée des Confluences,"243 hits; 12 already-known croc records; 27 'momie d'animal' checked = bird skeletons/raptors; 1 'Crocodylus sp.' egg (herpetology, not mummified) - no new croc mummies",UNKNOWN,france
2026-09-24,FR,fr,portail.museedesconfluences.fr search,recherche_libre=Sobek ; Samoun ; saurien,Musée des Confluences,0 hits each,UNKNOWN,france
2026-09-24,FR,fr,portail.museedesconfluences.fr search,recherche_libre=Crocodylus ; Esna,Musée des Confluences,Crocodylus 40 hits (modern herpetology); Esna 25 hits (croc ones already known; 9 'momie d'animal' = non-croc),UNKNOWN,france
2026-09-24,FR,fr,portail.museedesconfluences.fr notices,298 crocodile notices fetched and parsed (1.2 s/request),Musée des Confluences,297 Egyptian crocodile mummy/part records written; 1 modern Madagascar skin excluded,raw/mdc_notices.jsonl,france
2026-09-24,FR,fr,Joconde open-data CSV (streamed),regex crocodil|sobek|sebek|souchos|suchos|kom ombo over full export,all musées de France in Joconde,"pass 1 stopped after ~1,000,000 lines: 741 matching rows; croc mummies Cherbourg x3, Sens 1, Nancy 1, Verdun 1, Besançon x3, Louvre N 2901; pass 2 failed (0 lines) - REMAINDER OF FILE NOT FILTERED",raw/joconde_crocodile_rows.csv,france
2026-09-24,FR,fr,pop.culture.gouv.fr (curl),notice/joconde/06780001908,Muséum Emmanuel-Liais Cherbourg,200; momie de crocodile MEL 2006.0.226,UNKNOWN,france
2026-09-24,FR,fr,collections.louvre.fr ark scan,"cl010024537-617, cl010028255-335, cl010015080-160, cl010371614-694 (partly)",Musée du Louvre,new: AF 2053 'momie de crocodile (?)' (cl010015094),UNKNOWN,france
2026-09-24,FR,fr,archive.org advancedsearch API,title:(faune momifiée) ; (Lortet AND Gaillard),Lortet & Gaillard,only Gaillard & Daressy 1905 Cairo CG catalogue; Lyon Archives volumes not found,UNKNOWN,france
2026-09-24,DE,de,museum-digital global JSON API (global.museum-digital.org/json/objects?s=),Krokodilmumie,UNKNOWN,0 hits,UNKNOWN,germany
2026-09-24,DE,de,museum-digital global JSON API,Krokodil,UNKNOWN,"324 hits; crocodile mummies: none titled so (Görlitz EK 102-1999-4 'Mumie' found via other query); rest figures, prints, coins, specimens",list saved raw/md_global_Krokodil.txt,germany
2026-09-24,DE,de,museum-digital global JSON API,Tiermumie,UNKNOWN,0 hits,UNKNOWN,germany
2026-09-24,DE,de,museum-digital global JSON API,Mumie,UNKNOWN,"135 hits; crocodile mummies: Museum August Kestner 2010 und 2911; Görlitz EK 102-1999-6; Gustav-Lübcke-Museum Hamm 1867; Görlitz EK 102-1999-4 ('Mumie'); other animal mummies: Waldenburg bird NAT 1758, Görlitz falcon EK 196-1999-47, Kestner cat 2025.22",raw/md_global_Mumie.txt,germany
2026-09-24,DE,de,museum-digital global JSON API,Krokodilsmumie,UNKNOWN,1 hit: Kulturhistorisches Museum Görlitz EK 102-1999-6,UNKNOWN,germany
2026-09-24,DE,en,museum-digital global JSON API,crocodile mummy,UNKNOWN,1 hit: Berlin ÄM 11486 statuette of crocodile carrying mummy (not a mummy),UNKNOWN,germany
2026-09-24,DE,en,museum-digital global JSON API,crocodile,UNKNOWN,"20 hits; no crocodile mummies (Berlin ÄM 11486, ÄM 20598 statuettes; natural history specimens)",UNKNOWN,germany
2026-09-24,DE,de,museum-digital global JSON API,Sobek,UNKNOWN,"10 hits; 1 crocodile mummy record: Museum August Kestner 'Zwei Krokodilsmumien' 2010 und 2911; also Kestner Sobek figure 1935.200.573, Berlin statuettes",UNKNOWN,germany
2026-09-24,DE,de,museum-digital global JSON API,Suchos,UNKNOWN,1 hit: Berlin papyrus P 25206 (not relevant),UNKNOWN,germany
2026-09-24,DE,la,museum-digital global JSON API,Crocodylus,UNKNOWN,"5 hits; no mummies (skin, skull, eggs of modern specimens)",UNKNOWN,germany
2026-09-24,DE,de,museum-digital global JSON API,mumifiziert,UNKNOWN,"11 hits; crocodile mummies: Kestner 2010 und 2911, Görlitz EK 102-1999-4 and EK 102-1999-6, Hamm 1867; bird mummies Museum Ulm 1920.4618i, 1913.3040a/b",UNKNOWN,germany
2026-09-24,DE,de,museum-digital global JSON API tag search,tag_id=5641 (Crocodilia),UNKNOWN,"87 hits; crocodile mummies: Görlitz EK 102-1999-6, EK 102-1999-4; Kestner 2010 und 2911; Hamm 1867; rest non-mummy",raw/md_tag_5641_Crocodilia.txt; script scripts/md_tag.py,germany
2026-09-24,DE,de,museum-digital JSON object records,"json/object/1727933, 1786299, 1786298, 1786138, 174064",UNKNOWN,"full records retrieved (descriptions, dimensions, licence CC BY-NC-SA, image files)",saved raw/md_obj_*.json,germany
2026-09-24,DE,de,WebSearch,Museum August Kestner Krokodilmumie,Museum August Kestner,museum-digital records (nds 80012 / nat 964180 = same object 1727933); hannover.de education programme 'Katzengöttin und Krokodilmumie',UNKNOWN,germany
2026-09-24,DE,de,WebSearch,Gustav-Lübcke-Museum Hamm Krokodil Mumie ägyptische Sammlung,Gustav-Lübcke-Museum Hamm,"museum-digital 174064; school blog mentions 'mumifizierten Krokodilen' (plural, candidate only)",UNKNOWN,germany
2026-09-24,DE,de,museum-hamm.de (official site),homepage / collection pages,Gustav-Lübcke-Museum Hamm,no collection pages; no crocodile mention; exhibition preview 'Die Männer hinter der Mumie',UNKNOWN,germany
2026-09-24,DE,de,museum-digital global JSON API,EK 102-1999; 'Archäologie international',Kulturhistorisches Museum Görlitz,102 hits for 'Archäologie international'; only the two crocodile records EK 102-1999-4 and -6 and falcon mummy EK 196-1999-47 are animal mummies,UNKNOWN,germany
2026-09-24,DE,de,SMB digital collections API (search.smb.museum/api/objects/search-expert),q=Krokodil (all SMB collections),Staatliche Museen zu Berlin,115 hits; 0 crocodile mummies,endpoint found in site JS; script scripts/smb_search.py; raw/smb_Krokodil_all.txt,germany
2026-09-24,DE,de,"SMB API search-expert, org_units=Ägyptisches Museum und Papyrussammlung",q=Krokodil / Krokodils,Ägyptisches Museum und Papyrussammlung Berlin,"11 hits; 0 crocodile mummies (statuettes ÄM 20598, ÄM 11486, stelae, papyri)",UNKNOWN,germany
2026-09-24,DE,de,"SMB API search-expert, ÄM",q=Krokodilmumie; Tiermumie; crocodile; Crocodylus,Ägyptisches Museum und Papyrussammlung Berlin,0 hits each,UNKNOWN,germany
2026-09-24,DE,de,"SMB API search-expert, ÄM",q=Sobek; Suchos,Ägyptisches Museum und Papyrussammlung Berlin,8 hits each; 0 crocodile mummies,UNKNOWN,germany
2026-09-24,DE,de,"SMB API search-expert, ÄM",q=Mumie,Ägyptisches Museum und Papyrussammlung Berlin,100 hits; animal mummy only: Katzenmumie obj-607531; no crocodile,raw/smb_AEM_Mumie.txt,germany
2026-09-24,DE,de,"SMB API search-expert, ÄM",q=Tier; Tiere,Ägyptisches Museum und Papyrussammlung Berlin,73/72 hits; no crocodile mummy,UNKNOWN,germany
2026-09-24,DE,de,"SMB API search-expert, ÄM",objectType=Tier (Mumie); objectType=Tier,Ägyptisches Museum und Papyrussammlung Berlin,"3 hits: ram skull obj-757882, cat mummy obj-607531, animal coffin obj-771138; no crocodile",UNKNOWN,germany
2026-09-24,DE,de,"SMB API search-expert, ÄM",q=Kom Ombo; Fayum; Tebtynis,Ägyptisches Museum und Papyrussammlung Berlin,"2 / 967 / 24 hits; papyri and coffins only, no crocodile mummies",UNKNOWN,germany
2026-09-24,DE,de,SMB API search-expert (all collections),objectType=Mumie,UNKNOWN,77 hits; mummy masks/portraits/bandages; no crocodile,UNKNOWN,germany
2026-09-24,DE,de,WebSearch,"""Krokodilmumie"" Museum",UNKNOWN,"hits: awk.nrw.de Tebtynis project (Berkeley, out of scope), KHM Wien, Naturmuseum Salzkammergut Ebensee (AT), selket blog; no German museum",UNKNOWN,germany
2026-09-24,DE,de,WebSearch,"""Krokodilmumien"" Sammlung Ägyptisches Museum",UNKNOWN,KHM Wien 'Mumie eines kleinen Krokodils'; no German holdings,UNKNOWN,germany
2026-09-24,DE,de,WebSearch,"""mumifiziertes Krokodil"" Museum Ägypten Sammlung",UNKNOWN,tourism pages only (Kom Ombo); no German holdings,UNKNOWN,germany
2026-09-24,DE,de,WebSearch,Ägyptisches Museum Berlin Krokodilmumie ÄM Inventar,Ägyptisches Museum und Papyrussammlung Berlin,SMB blog on falcon-headed crocodile statuette; no crocodile mummy identified,UNKNOWN,germany
2026-09-24,DE,de,WebSearch,Staatliches Museum Ägyptischer Kunst München Krokodil Mumie ÄS,Staatliches Museum Ägyptischer Kunst München,"leben-in-luxor.de (secondary) cites crocodile mummy mask ÄS 6809 (plaster, linen, glass, Roman period); museum displays no mummies",UNKNOWN,germany
2026-09-24,DE,de,WebSearch,Roemer- und Pelizaeus-Museum Hildesheim Krokodilmumie,Roemer- und Pelizaeus-Museum Hildesheim,tourism pages; crocodile mummy mentioned generically,UNKNOWN,germany
2026-09-24,DE,de,rpmuseum.de site search (WordPress RSS feed),Krokodil; Krokodilmumie; Tiermumien,Roemer- und Pelizaeus-Museum Hildesheim,Krokodil: 2 pages (children's programme mentions 'Mumien-Krokodilen' in Egyptian permanent exhibition; 'Bar zum Krokodil'); others 0,UNKNOWN,germany
2026-09-24,DE,en,WebSearch,"""Pelizaeus"" crocodile mummy CT Hildesheim inventory",Roemer- und Pelizaeus-Museum Hildesheim,Zesch 2015 'Zwischen Diesseits und Jenseits ... Tiermumien' (RG/academia 403); no inventory numbers,UNKNOWN,germany
2026-09-24,DE,de,WebSearch + WebFetch,Hildesheim Tiermumien Computertomographie Krokodil Pelizaeus-Museum PM,Roemer- und Pelizaeus-Museum Hildesheim,uni-hildesheim.de news 2012: Ptolemaic crocodile mummy in RPM vitrine (no inv. no.),UNKNOWN,germany
2026-09-24,DE,en,Global Egyptian Museum (globalegyptianmuseum.org result.aspx?location=01/0423/3),"all 101 Hildesheim RPM objects, titles filtered for crocodile/mummy/animal",Roemer- und Pelizaeus-Museum Hildesheim,0 crocodile; 5 mummy masks/portraits,UNKNOWN,germany
2026-09-24,DE,de,WebSearch,Leipzig Ägyptisches Museum Georg Steindorff Krokodilmumie,Ägyptisches Museum – Georg Steindorff – der Universität Leipzig,"general pages only, no crocodile mummy mention",UNKNOWN,germany
2026-09-24,DE,de,WebSearch,Tübingen Ägyptische Sammlung Krokodil Mumie Schloss Hohentübingen,MUT Alte Kulturen Tübingen,general pages; no crocodile mummy mention,UNKNOWN,germany
2026-09-24,DE,de,SMÄK Sammlung Online API (smaek-api.fluxguide.dev/content/v1/query),Krokodil; Krokodils; Krokodilmumie; Krokodilsmumie; Tiermumie; Tiermumien; Sobek; Suchos; Crocodylus; Fayum; Tier; Tiersarg; Stuckmaske; 6809; Mumie,Staatliches Museum Ägyptischer Kunst München,"Krokodil 14 (no mummy), Mumie 225 (no animal mummy except ibis container ÄS 1383 via Tiersarg), all crocodile-mummy terms 0; ÄS 6809 not online",script scripts/smaek_search.py; raw/smaek_*.json,germany
2026-09-24,DE,de,WebSearch,"""ÄS 6809"" Krokodil; ""Mumienmaske eines Krokodils"" OR ""Krokodilmaske"" München",Staatliches Museum Ägyptischer Kunst München,"leben-in-luxor.de photo guide: 'Mumienmaske eines Krokodils, Stuck, Leinen, Glas; Römische Zeit; ÄS 6809'; MAAT 11 PDF on smaek.de",UNKNOWN,germany
2026-09-24,DE,de,smaek.de PDF MAAT 11 (pymupdf text extraction),Krokodil / 6809,Staatliches Museum Ägyptischer Kunst München,p.11: crocodile mummy mask in room 'Jenseitsglaube' (no inv. no.),UNKNOWN,germany
2026-09-24,DE,de,smaek.de site search,Krokodil,Staatliches Museum Ägyptischer Kunst München,"Objektblätter (boat model in crocodile form), Hauptwerke (cult statue of crocodile, Fayum); no mummy",UNKNOWN,germany
2026-09-24,DE,de,Deutsche Digitale Bibliothek website (searchresults),Krokodilmumie; Krokodilsmumie; Mumie Krokodil,UNKNOWN,blocked by Anubis anti-bot proof-of-work page; not circumvented,used the public DDB Solr API instead,germany
2026-09-24,DE,de,"DDB API (api.deutsche-digitale-bibliothek.de/search, /items)",Krokodilmumie,UNKNOWN,NotAuthorizedException / NotAllowedException (needs key),UNKNOWN,germany
2026-09-24,DE,de,DDB public Solr index (api.deutsche-digitale-bibliothek.de/2/search/index/search/select),Krokodilmumie,UNKNOWN,1 hit: SKD Dresden Skulpturensammlung 'Krokodilmumie' Aeg 736,script scripts/ddb_search.py; raw/ddb_*,germany
2026-09-24,DE,de,DDB Solr index,Krokodilsmumie; Krokodilmumien; Krokodilsmumien; Krokodilei; (crocodile AND mummy); (Krokodil AND Balsamierung); (Krokodil AND Mumienbinde),UNKNOWN,0 / 1 (Berlin papyrus temple inventory) / 1 (Kestner) / 0 / 0 / 0 / 0,UNKNOWN,germany
2026-09-24,DE,de,DDB Solr index,(Krokodil AND Mumie); (Krokodils AND Mumie); (Krokodil AND mumifiziert); (Krokodil AND Tiermumie); (Sobek AND Mumie),UNKNOWN,"6/6/2/1/4 hits; crocodile mummies: Dresden Aeg 736, Kestner 2010/2911; rest statuettes, books, Karlsruhe shrew coffin H 1019",UNKNOWN,germany
2026-09-24,DE,de,DDB Solr index,Tiermumie; Tiermumien,UNKNOWN,"6/8 hits: BLM Karlsruhe falcon, shrew coffin; Museum Ulm bird mummies; books; no crocodile",UNKNOWN,germany
2026-09-24,DE,de,DDB Solr index,"Krokodil (1828 hits, all paged); Krokodil AND (Ägypten OR Egypt OR Aegypten) (224)",UNKNOWN,"crocodile mummies only Dresden Aeg 736 and Kestner 2010/2911; others amulets, coins, figures, sound recordings","raw/ddb_Krokodil_all.txt, _p2, _Aeg",germany
2026-09-24,DE,de,SKD Online Collection (skd-online-collection.skd.museum/Result),Krokodilmumie; Krokodil; Krokodil*; Mumie; Tiermumie; Aeg 7*,Staatliche Kunstsammlungen Dresden,1 crocodile mummy: Aeg 736 (Details/Index/1296154); Tiermumie 0,UNKNOWN,germany
2026-09-24,DE,de,DDB Solr index,objecttype:Mumie; objecttype:Tiermumie/Tier (Mumie)/Tierpräparat,UNKNOWN,"12 hits (human mummies/masks, Kestner 2010/2911, Dresden Aeg 736) / 58 modern taxidermy; no new crocodile",UNKNOWN,germany
2026-09-24,DE,de/en,"Europeana API (wskey=api2demo, qf=COUNTRY:germany)",Krokodilmumie; Krokodilsmumie; Krokodil Mumie; crocodile mummy; mummified crocodile; Tiermumie,UNKNOWN,1/0/3/0/0/2 hits; only Dresden Aeg 736 (same as DDB); nothing new,UNKNOWN,germany
2026-09-24,DE,de,WebSearch,Krokodilmumie Universität Sammlung Ägyptologie Computertomographie; Würzburg Martin-von-Wagner-Museum Krokodil Mumie; Bonn Ägyptisches Museum Universität Krokodilmumie,UNKNOWN,NOT PERFORMED: session WebSearch budget exhausted (200/200); from here on only direct database/official-site queries (curl/WebFetch),UNKNOWN,germany
2026-09-24,DE,de,Portal Wissenschaftliche Sammlungen (portal.wissenschaftliche-sammlungen.de/discover/collection),Ägyptologie; Ägyptische; Tiermumien; Mumie,UNKNOWN,"enumerated ~25 German university Egyptological/archaeological collections; collection descriptions (Tübingen, Heidelberg, Leipzig, Bonn, Mainz, Würzburg, Göttingen, FU Berlin, LMU, Halle, Rostock, Köln, Münster) contain no mention of crocodile mummies/Tiermumien",UNKNOWN,germany
2026-09-24,DE,de/en,Tübingen MUT eMuseum (www.emuseum.uni-tuebingen.de/search/<q>/objects),Krokodil; Krokodilmumie; Tiermumie; Mumie; Sobek; crocodile; Tier (control),Museum der Universität Tübingen MUT – Ägyptische Sammlung,"0 results for all except control 'Tier' (7 hits, none relevant)",UNKNOWN,germany
2026-09-24,DE,de,"heidICON (Heidelberg, easydb API with anonymous session)",Krokodil (206 objects); Mumie (283); Tiermumie (0); Sobek (7); Krokodilmumie (0),Ägyptische Sammlung der Universität Heidelberg (HCCH),"no crocodile mummy; Egyptian collection hits: statue base, stele, Horus stele, Pataikos amulets, child mummies; Antiquitatum Thesaurus crocodile figures from early-modern prints",script scripts/heidicon_search.py; raw/heidicon_results.txt,germany
2026-09-24,DE,en/de,OpenAlex API,crocodile mummy; Krokodilmumie; Tiermumien ...,UNKNOWN,"rate limited (no budget), not usable",UNKNOWN,germany
2026-09-24,DE,en/de,Crossref API (query.bibliographic),crocodile mummy; crocodile mummies CT; Krokodilmumie; Krokodilmumien; Tiermumien; animal mummies Germany museum; mummified crocodile hatchlings; Sobek crocodile mummies,UNKNOWN,"no German-collection crocodile mummy papers; out-of-scope leads: Yanish/Piombino-Mascali/Rosendahl 2025 (Kyiv-Pechersk Lavra, UA); Shimizu 2026 Akoris; Atherton-Woolham 2015 Hawara; De Cupere et al. 2023 Qubbat al-Hawa; Hekkala 2020/2011 (AMNH)",raw/crossref_crocmummy.txt,germany
2026-09-24,DE,de,Kulturerbe Niedersachsen (kulturerbe.niedersachsen.de/search/-/<q>/1/-/-/),Krokodil; Krokodilmumie; Tiermumie; Mumie,UNKNOWN,"Krokodil 10 hits (figures, Alfeld taxidermy MALF_NA_063, HAUM faience crocodile amulet); Krokodilmumie 0; Tiermumie 0; Mumie 3 (mummy net, Mumia aegyptica); no crocodile mummy",UNKNOWN,germany
2026-09-24,DE,de,Göttingen Sammlungsportal (sammlungen.uni-goettingen.de/suche/?q=),Krokodil; Krokodilmumie; Tiermumie; Mumie,Universität Göttingen collections,blocked by Anubis anti-bot page; not circumvented,UNKNOWN,germany
2026-09-24,DE,de,"official pages (gkr.uni-leipzig.de/aegyptisches-museum + rundgang, objekte-entdecken; iak.uni-bonn.de Ägyptisches Museum; unimuseum.uni-tuebingen.de Ägyptische Sammlung, Mumien & Co.; uni-wuerzburg.de/museum)",grep Krokodil|Tiermumie|Sobek,UNKNOWN,"Leipzig Rundgang: 'Mumien von heiligen Tieren veranschaulichen die Bedeutung des Götterkultes' (species not stated); Bonn, Tübingen: 0; Würzburg URL 404",UNKNOWN,germany
2026-09-24,UNKNOWN,en,OpenAlex API (api.openalex.org/works?search=),crocodile mummy,UNKNOWN,429 blocked: shared-IP free daily budget exhausted; API key required (resets midnight UTC),literature agent; script scripts/lit_query.py; raw JSON in raw/,literature
2026-09-24,UNKNOWN,en,Crossref API (query.bibliographic),crocodile mummy,UNKNOWN,"4699 total, top 40 mostly noise; relevant: Hekkala 2011 Mol Ecol; Hekkala 2020 JASR 'Secrets of Sobek'",literature agent; script scripts/lit_query.py; raw JSON in raw/,literature
2026-09-24,UNKNOWN,en,Crossref API (query.bibliographic),crocodile mummies Egypt,UNKNOWN,noisy; relevant hits merged into bibliography (De Cupere 2023 PLOS ONE; Richardin 2017 Radiocarbon),literature agent; script scripts/lit_query.py; raw JSON in raw/,literature
2026-09-24,UNKNOWN,en,Crossref API (query.bibliographic),mummified crocodile,UNKNOWN,"relevant: Yanish et al. 2025 Archaeologia Lituana (Kyiv-Pechersk Lavra crocodile); Porcier thesis (synchrotron, crocodile mummies)",literature agent; script scripts/lit_query.py; raw JSON in raw/,literature
2026-09-24,UNKNOWN,en,Crossref API (query.bibliographic),crocodile mummy CT scan,UNKNOWN,relevant: Atherton-Woolham 2015 CRE 2014 'Imaging ancient Egyptian crocodile mummies from Hawara'; McKnight et al. 2015 RadioGraphics,literature agent; script scripts/lit_query.py; raw JSON in raw/,literature
2026-09-24,UNKNOWN,de,Crossref API (query.bibliographic),Krokodilmumie,UNKNOWN,0 hits,literature agent; script scripts/lit_query.py; raw JSON in raw/,literature
2026-09-24,UNKNOWN,fr,Crossref API (query.bibliographic),momie de crocodile,UNKNOWN,noisy; no new French-titled crocodile-mummy article in top 60,literature agent; script scripts/lit_query.py; raw JSON in raw/,literature
2026-09-24,UNKNOWN,it,Crossref API (query.bibliographic),mummia di coccodrillo,UNKNOWN,noise only (film spam); no relevant hit,literature agent; script scripts/lit_query.py; raw JSON in raw/,literature
2026-09-24,UNKNOWN,en,Crossref API (query.bibliographic),animal mummies Egypt,UNKNOWN,relevant: Ikram 2005 Divine Creatures chapters; Kalloniatis 2019 Norwich Castle animal mummies; Ikram et al. 2025 Rivista Museo Egizio 'It's a Wrap!'; Pubblico 2025 Heritage,literature agent; script scripts/lit_query.py; raw JSON in raw/,literature
2026-09-24,UNKNOWN,en,Crossref API (query.bibliographic),Sobek crocodile cult,UNKNOWN,relevant: Shimizu 2026 Orient 61 'Horizontal niches for crocodile mummies in Akoris'; 2022 Russian article Sobek at Tebtunis,literature agent; script scripts/lit_query.py; raw JSON in raw/,literature
2026-09-24,UNKNOWN,en,Crossref API (query.bibliographic),crocodile hatchlings mummy,UNKNOWN,no new relevant hits,literature agent; script scripts/lit_query.py; raw JSON in raw/,literature
2026-09-24,UNKNOWN,en,Crossref API (query.bibliographic),Crocodylus niloticus ancient Egypt mummy,UNKNOWN,"Hekkala 2011, 2020 again",literature agent; script scripts/lit_query.py; raw JSON in raw/,literature
2026-09-24,UNKNOWN,en,Crossref API (query.bibliographic),Tebtunis crocodile,UNKNOWN,Russian 2022 Sobek iconography Tebtunis; no crocodile-mummy study,literature agent; script scripts/lit_query.py; raw JSON in raw/,literature
2026-09-24,UNKNOWN,en,Crossref API (query.bibliographic),Kom Ombo crocodile,UNKNOWN,"Brügger 2021 Academia Letters (Sobek cylinder, not mummies)",literature agent; script scripts/lit_query.py; raw JSON in raw/,literature
2026-09-24,UNKNOWN,en,Crossref API (query.bibliographic),Qubbat al-Hawa crocodile,UNKNOWN,De Cupere et al. 2023 PLOS ONE,literature agent; script scripts/lit_query.py; raw JSON in raw/,literature
2026-09-24,UNKNOWN,en,Crossref API (query.bibliographic),animal mummies radiocarbon,UNKNOWN,Richardin et al. 2017 Radiocarbon; Wasef et al. 2015 (ibis),literature agent; script scripts/lit_query.py; raw JSON in raw/,literature
2026-09-24,UNKNOWN,en/fr,HAL API (api.archives-ouvertes.fr/search),crocodile momie OR crocodile mummy OR crocodile mummies,UNKNOWN,"3 hits: Porcier et al. 2019 JAS (OA hal-03487884, read); Hertzog et al. 2023 JASR (crocodile balms); Anduze et al. 2025 (not crocodile-specific)",literature agent (global scope),literature
2026-09-24,UNKNOWN,en/fr,Sidestone Press open access PDF,"Creatures of Earth, Water, and Sky (9789088907722.pdf) full-text scan for crocodile/Sobek",UNKNOWN,"358 pp read; crocodile objects: BM EA 38562, NHM London (1), Lyon MHNL x10, Turin Cat. 2351/02, Naples 2 heads (Baber n.32)",literature agent (global scope),literature
2026-09-24,UNKNOWN,en,PLOS ONE XML (journals.plos.org),10.1371/journal.pone.0279137 and 10.1371/journal.pone.0229140 full text,UNKNOWN,"De Cupere 2023: Qubbat al-Hawa 10 crocodiles, refs snowballed (63 refs); Berruyer 2020: MHNL 90001850",literature agent (global scope),literature
2026-09-24,UNKNOWN,en,Europe PMC REST API,"""crocodile mummy"" OR ""crocodile mummies"" OR ""mummified crocodile(s)""",UNKNOWN,502 Bad Gateway (service unavailable),literature agent (global scope),literature
2026-09-24,UNKNOWN,en,Semantic Scholar Graph API,crocodile mummy,UNKNOWN,"429 rate-limited (shared IP); retried 4x, failed",literature agent (global scope),literature
2026-09-24,UNKNOWN,fr,archive.org advancedsearch API,title:(faune momifiée); creator:(Lortet) AND title:(faune); creator:(Gaillard) AND creator:(Daressy),UNKNOWN,"2 hits: lafaunemomifie00gail (Gaillard & Daressy 1905, full scan + OCR) and duplicate; 0 hits for Lortet as creator",literature agent (global scope),literature
2026-09-24,UNKNOWN,fr,archive.org full text (lafaunemomifie00gail),crocod* in Gaillard & Daressy 1905 Catalogue général,UNKNOWN,"30 crocodile catalogue entries: CG 29578, 29579-29585, 29628-29630, 29710-29720, 29813-29816bis; numbers verified on page images",literature agent (global scope),literature
2026-09-24,UNKNOWN,fr,"Gallica texteBrut (bpt6k6543770h, bpt6k6543771x) via curl and WebFetch","Lortet & Gaillard, La faune momifiée séries 1-2",UNKNOWN,403 Access Interdit (blocked),literature agent (global scope),literature
2026-09-24,UNKNOWN,fr,Heidelberg digi (digi.ub.uni-heidelberg.de/diglit/lortet1905ga),Lortet & Gaillard faune momifiée,UNKNOWN,"anti-bot challenge page ('Making sure you're not a bot'), not accessible",literature agent (global scope),literature
2026-09-24,UNKNOWN,fr,archive.org advancedsearch + OCR (ArchivesduMuseY10Muse),Archives du Muséum d'histoire naturelle de Lyon t.10 (1909): crocod*,UNKNOWN,Found Lortet & Gaillard 5e série ch. XVIII Momies de crocodiles pp. 295-299: Lyon brought 18 adults + thousands of hatchlings + eggs from Kom Ombo; Cairo 2 largest 4.50/4.75 m,literature agent (global scope),literature
2026-09-24,UNKNOWN,fr,WebSearch,"Lortet Gaillard ""La faune momifiée de l'ancienne Égypte"" Archives du Muséum ... biodiversitylibrary OR gallica OR archive.org",UNKNOWN,"Gallica series 1,2,4,5 arks; Heidelberg digi lortet1905bd1, lortet1909bd2, lortet1905ga",literature agent (global scope),literature
2026-09-24,UNKNOWN,en,Crossref DOI + journals.vu.lt OJS PDF,10.15388/archlit.2025.26.10 (Yanish et al. 2025) full text + references,UNKNOWN,Kyiv KPL Arh-826 crocodile; Odesa OAM Inv. 1208; Dnipro DYDHM; 56 refs snowballed,literature agent (global scope),literature
2026-09-24,UNKNOWN,en,OJS zurnalai.vu.lt PDF,10.15388/ArchLit.2023.24.7 Piombino-Mascali et al. 2023 full text,UNKNOWN,National Museum of Lithuania IM 4979: >=2 baby crocodiles in 3 fragments,literature agent (global scope),literature
2026-09-24,UNKNOWN,en,rivista.museoegizio.it (RiME) HTML full text,Ikram et al. 2025 It's a Wrap! crocod*,UNKNOWN,"3 crocodile objects: Cairo CG 29816 bis (Fig.1), BM EA 37347 (Fig.3), Turin P. 1458/12 (Fig.11); typology of bandaging",literature agent (global scope),literature
2026-09-24,UNKNOWN,en,"mdpi.com (HTML, WebFetch) / mdpi-res.com PDF / Crossref API",Pubblico 2025 Heritage 8:415 Wrapping Matters,UNKNOWN,"HTML 403 (curl + WebFetch); PDF via mdpi-res.com OK: 4 crocodile objects (Manchester 7892, 12008; Carnegie 1867-4; Hearst 6-21633) + Sharm el-Sheikh",literature agent (global scope),literature
2026-09-24,UNKNOWN,en,WebSearch,McKnight Atherton-Woolham Adams 2015 Imaging of Ancient Egyptian Animal Mummies crocodile Manchester,UNKNOWN,not performed: session WebSearch budget exhausted (200/200); switched to APIs,literature agent (global scope),literature
2026-09-24,UNKNOWN,en,pubs.rsna.org (curl),10.1148/rg.2015140309 full text,UNKNOWN,403 Cloudflare challenge,literature agent (global scope),literature
2026-09-24,UNKNOWN,en/de/fr/it/es/nl/cs/pl/ru/ar,"Crossref API sweep (scripts/sweep.py, 52 multilingual queries, title filter)","crocodile mummy / Krokodilmumie / momie de crocodile / mummia di coccodrillo / momia de cocodrilo / мумия крокодила / مومياء التمساح + site names (Kom Ombo, Tebtunis, Maabda, Akoris, Hawara, ...)",UNKNOWN,"~25 relevant titles; new: Nicolotti & Robert 1994 (Persée DOI 10.3406/mhnly.1994.1141), Abdel-Maksoud & Abdel-Hady 2011 (Hawara crocodile bones), Shimizu 2026 (Akoris), Atherton-Woolham 2015 (Hawara); several queries returned JSON errors (crocodile mummy, krokodillenmummie, crocodile necropolis Egypt, crocodile cave Samoun, Qubbet el-Hawa crocodile)",raw/crossref_sweep.json,literature
2026-09-24,SE,en,"Europeana Search API (api.europeana.eu, wskey=api2demo)",crocodile mummy,all (Europe),"68 hits: 54 SMVK Medelhavsmuseet (dup. across two datasets 91639/91644), 6 KHM Vienna, 3 RMAH Brussels, 1 Bohuslän Museum UM000548, others irrelevant",UNKNOWN,nordic_baltic
2026-09-24,SE,de/sv,Europeana Search API,krokodil mumie,all,"59 hits: 45 Medelhavsmuseet; Bohuslän Museum UM000548; KHM, RMAH, RMO, SKD Dresden (out of scope)",UNKNOWN,nordic_baltic
2026-09-24,SE,de,Europeana Search API,krokodilmumie,all,1 hit: SKD Dresden Krokodilmumie (out of scope),UNKNOWN,nordic_baltic
2026-09-24,SE,sv,Europeana Search API,krokodilmumier,all,1 hit: Bohuslän Museum UM000548 'Mumie',UNKNOWN,nordic_baltic
2026-09-24,EE,et,Europeana Search API,krokodill,all,"23 hits: Tartu Art Museum 2 (muis 2851670 'Krokodill', 2851686 'Kobra ja krokodill'), Tallinn City Museum 1, theatre/photo items; no mummies",UNKNOWN,nordic_baltic
2026-09-24,SE,en,Europeana Search API,crocodile,all,2294 hits (first 100 inspected): no Nordic/Baltic crocodile mummies beyond Medelhavsmuseet,UNKNOWN,nordic_baltic
2026-09-24,SE,de/sv,Europeana Search API,krokodil,all,"1581 hits (first 100 inspected): Malmö Museum 11, Kulturen 2, Museum of World Culture 2, etc.; followed up via K-samsök",UNKNOWN,nordic_baltic
2026-09-24,SE,en/sv,Europeana Search API,krokodil OR crocodile OR crocodylus; qf DATA_PROVIDER='The Museum of Mediterranean and Near Eastern Antiquities',Medelhavsmuseet,101 hits = 22 distinct crocodile-mummy objects (each in 2 datasets) + amulets/sculpture/tile,UNKNOWN,nordic_baltic
2026-09-24,SE,sv,Carlotta Medelhavsmuseet (collections.smvk.se/carlotta-mhm) free search,krokodil,Medelhavsmuseet,"48 hits: 23 crocodile mummy records (MM 10133, 10134, 18406-18415, 19240, 30721, 30810, 30865, MME 1961:263 [dup of MM 18414], MME 1977:002, MME 1983:013 A, NME 796, 797, 799, S.N. E 0064), rest amulets/sculpture/photos",UNKNOWN,nordic_baltic
2026-09-24,SE,sv,K-samsök API (kulturarvsdata.se/ksamsok/api),serviceOrganization=SMVK-MM and text=krokodil,Medelhavsmuseet,45 hits; same 23 crocodile-mummy records as Carlotta; full structured data saved raw/ksamsok_smvkmm_krokodil.xml,UNKNOWN,nordic_baltic
2026-09-24,SE,sv,K-samsök API,text=krokodil and text=mumie,all Swedish K-samsök orgs,25 hits: Medelhavsmuseet + Bohuslän Museum UM000548 + Etnografiska museet list (Travellers Club),UNKNOWN,nordic_baltic
2026-09-24,SE,sv,K-samsök API,text=krokodilmumie,all,1 hit: Bohuslän Museum UM000548,UNKNOWN,nordic_baltic
2026-09-24,SE,sv,K-samsök API,text=krokodilmumier,all,1 hit: Bohuslän Museum UM000548,UNKNOWN,nordic_baltic
2026-09-24,SE,sv,K-samsök API,text=krokodilunge / text=krokodilungar,all,24 hits each: Malmö Museum MM 000030 'mumifierad krokodil'; Helsingborg 52-31 stuffed 'balsamerad' hatchling unknown origin; EM Travellers Club stuffed crocodiles 1984.05.0431/0432/0444 (taxidermy),UNKNOWN,nordic_baltic
2026-09-24,SE,sv,K-samsök API,"text=""mumifierad krokodil""",all,"836 hits (phrase not honoured, OR-matching); first 40 non-MM inspected: Malmö MM 000030 only relevant",UNKNOWN,nordic_baltic
2026-09-24,SE,en,K-samsök API,text=crocodile and text=mummy,all,31 hits: Medelhavsmuseet records + Bohuslän UM000548,UNKNOWN,nordic_baltic
2026-09-24,SE,sv,K-samsök API,text=krokodil and text=mumifierad,all,"15 hits: Medelhavsmuseet, Malmö MM 000030, Bohuslän UM000548",UNKNOWN,nordic_baltic
2026-09-24,SE,sv,K-samsök API,text=krokodil and text=Egypten,all,"72 hits: Medelhavsmuseet, Malmö MM 000030, Kulturen Lund KM 32583 (crocodile figure, not mummy), Kulturen Egyptian amulets/sculpture",UNKNOWN,nordic_baltic
2026-09-24,SE,la,K-samsök API,text=crocodylus and text=Egypten,all,"2 hits, no mummies",UNKNOWN,nordic_baltic
2026-09-24,SE,sv,K-samsök API,text=krokodil and text=balsamerad,all,"1 hit: Helsingborg museum 52-31 stuffed embalmed hatchling, unknown origin (not stated Egyptian)",UNKNOWN,nordic_baltic
2026-09-24,SE,sv,"DigitaltMuseum Solr API (api.dimu.org, SE+NO)",krokodil AND mumie,all DiMu,2 hits: Bohuslän Museum UM000548 (two mummified crocodile hatchlings); Värmlands museum Anubis (irrelevant),UNKNOWN,nordic_baltic
2026-09-24,NO,no,DigitaltMuseum Solr API,krokodille AND mumie,all DiMu,3 hits: KHM UiO UEM3648 'krokodillemumie'; 2 UMUIB-F photos 'Etnografisk samling gjenstandsfoto' (Bergen) to check,UNKNOWN,nordic_baltic
2026-09-24,NO,no,DigitaltMuseum Solr API,krokodillemumie,all DiMu,1 hit: KHM UiO UEM3648,UNKNOWN,nordic_baltic
2026-09-24,SE,sv/no/da/en,DigitaltMuseum Solr API,krokodilmumie; mumifisert AND krokodille; mumifiseret AND krokodille; crocodile AND mummy; krokodil AND mumifierad; krokodil AND balsamerad; krokodille AND balsamert,all DiMu,0 hits each,UNKNOWN,nordic_baltic
2026-09-24,SE,sv,K-samsök API,"serviceOrganization=SMVK-MM and text=mumie / crocodile / crocodylus / reptil / Sobek / ""Kom Ombo"" / Fayum / djurmumie / animal and mummy",Medelhavsmuseet,"mumie 699, crocodile 73, crocodylus 0, reptil 6, Sobek 4, Kom Ombo 396 (OR-matched), Fayum 129, djurmumie 62, animal+mummy 71: no additional crocodile mummies beyond the 23 records; other animal mummies (ibis, falcon, cat, fish, snake, shrew, gazelle) and unidentified linen bundles",UNKNOWN,nordic_baltic
2026-09-24,SE,sv,Carlotta Medelhavsmuseet object pages (22 records) + image HEAD checks,object/<id> for 22 crocodile mummy ids,Medelhavsmuseet,All 200; inventory numbers and dimensions match K-samsök; 59 image URLs return image/jpeg,UNKNOWN,nordic_baltic
2026-09-24,SE,sv,Europeana Search API,krokodil; qf DATA_PROVIDER='Malmö Museum',Malmö Museum,"30 hits: 1 crocodile mummy MM 000030 (MM_objekt_21265); rest photos, figures, leather goods",UNKNOWN,nordic_baltic
2026-09-24,SE,sv,Carlotta Malmö Museer (carlotta.malmo.se/carlotta-mmus) free search,mumie; mumifierad; krokodil; Sebek,Malmö Museum,"mumie 18 (no crocodile; mummy figures, photos); mumifierad 1 (MM 000030); krokodil 99 (only MM 000030 is a mummy); Sebek 3 (MM 000030 + 2 prints). http:// URL gave maintenance page, https:// worked",UNKNOWN,nordic_baltic
2026-09-24,SE,sv,DigitaltMuseum API (api.dimu.org/artifact/uuid),UM000548 full record,Bohusläns museum,"Two mummified crocodile hatchlings (one wrapped L 27.5, one unwrapped L 24 in 3 parts), 'Från gravarne vid Manfaloot i Egypten 1850', gift D. Macfie Edinburgh 1866",UNKNOWN,nordic_baltic
2026-09-24,NO,no,DigitaltMuseum API,identifier.id:UEM3648 full record,Kulturhistorisk museum UiO (ethnographic coll.),"'krokodillemumie', material krokodille, place 'Ukjent Sted', from Zootomical Museum via Prof. Chr. Boeck; no image, no description, Egypt not stated",UNKNOWN,nordic_baltic
2026-09-24,NO,no,DigitaltMuseum Solr API,krokodille,all DiMu (NO+SE),"164 hits (first 45 inspected): only UEM3648 is a mummy; stuffed crocodiles (NTO, RMU, BSJ 'Utstoppet og tørket krokodilleunge' souvenir), toys, prints",UNKNOWN,nordic_baltic
2026-09-24,SE,sv,DigitaltMuseum Solr API,krokodil,all DiMu,"138 hits (first 45 inspected): no mummies; Västergötlands museum natural-history caiman items, stuffed crocodiles, toys, photos",UNKNOWN,nordic_baltic
2026-09-24,NO,no,DigitaltMuseum Solr API,krokodiller,all DiMu,19 hits: no mummies,UNKNOWN,nordic_baltic
2026-09-24,SE,en,DigitaltMuseum Solr API,Sobek,all DiMu,1 hit: Bohuslän UM000548,UNKNOWN,nordic_baltic
2026-09-24,NO,no/sv,DigitaltMuseum Solr API,dyremumie; djurmumie; dyremumier,all DiMu,0 hits each,UNKNOWN,nordic_baltic
2026-09-24,NO,no,DigitaltMuseum Solr API,mumie AND Egypt,all DiMu,23 hits: KHMUIO-AE (Oslo Egyptian coll.) human/bird/ibis mummies c47684-c47710; UMUIB-F photos; Bohuslän UM000548; Ystad M821 mummy head; no crocodile besides UM000548,UNKNOWN,nordic_baltic
2026-09-24,SE,sv,DigitaltMuseum Solr API,mumie AND Egypten,all DiMu,"37 hits: Vänersborgs museum Egyptian cabinet (coffin, amulets, photos), Ystad, Alingsås; no crocodile besides UM000548",UNKNOWN,nordic_baltic
2026-09-24,NO,no,WebSearch,krokodillemumie Kulturhistorisk museum Oslo egyptisk samling,KHM Oslo,NOT PERFORMED: session WebSearch budget (200) exhausted,UNKNOWN,nordic_baltic
2026-09-24,SE,sv,WebSearch,krokodilmumie museum Sverige,all SE,NOT PERFORMED: session WebSearch budget exhausted,UNKNOWN,nordic_baltic
2026-09-24,DK,da,WebSearch,krokodillemumie Danmark museum Nationalmuseet Glyptotek,DK,NOT PERFORMED: session WebSearch budget exhausted; switched to institutional DBs/APIs and bibliographic APIs only,UNKNOWN,nordic_baltic
2026-09-24,NO,no,DigitaltMuseum Solr API,identifier.owner:KHMUIO-AE (all); AND mumie; AND (krokodille OR krokodil OR Sobek OR reptil); 3648 AND owner,KHM Oslo Egyptian collection,"3637 records; mumie 13 (human, bird, ibis, 2 unidentified animal mummies c47684/c47685); crocodile terms 0; 3648 cross-ref 0",UNKNOWN,nordic_baltic
2026-09-24,NO,no,DigitaltMuseum API full records,"c47684, c47685, c47686, c47687",KHM Oslo,No crocodile identification; c47684 photo viewed = small wrapped bundle (~13 cm),UNKNOWN,nordic_baltic
2026-09-24,NO,no,DigitaltMuseum Solr API,mumie AND identifier.owner:UMUIB*,University Museum of Bergen,"4 hits: photo records 'Mumie av Krokodille' x2 (Bf_DiE_000068/69), 'Mumie av katt' x2",UNKNOWN,nordic_baltic
2026-09-24,NO,no,DigitaltMuseum Solr API,krokodille (full 165 list) / krokodil (full 160 list) filtered,all DiMu,"Only relevant: UEM3648 (Oslo), Bergen photos, Bohuslän UM000548; Bergen other crocodile photos are wooden/clay figures, shields",UNKNOWN,nordic_baltic
2026-09-24,DK,da,Nationalmuseet Samlinger Online API (samlinger.natmus.dk/api/objectbrowse),krokodillemumie,Nationalmuseet,"10 hits: AAa133, AAa136, AAa137, AAa138, 330 (x2), 4 unnumbered",UNKNOWN,nordic_baltic
2026-09-24,DK,da,Nationalmuseet Samlinger Online API,krokodille (190); krokodiller (7); krokodil (191); Sobek (2); Suchos (0); mumie (314); firbensmumie (3); krybdyr (30); reptil (6); nilkrokodille (2); nilkrokodiller (1); krokodille mumie (0); mumificeret krokodille (0); dyremumie (5),Nationalmuseet,"New: AS 15194 'nilkrokodille unge' (Kom Ombo), AS 15195 'nilkrokodiller 4 unger' (el-Maabda); rest figures/amulets/lizard-mummy cases",UNKNOWN,nordic_baltic
2026-09-24,DK,da,api.natmus.dk,search/public/simple?query=krokodille,Nationalmuseet,TLS name mismatch (https) / 403 (http),UNKNOWN,nordic_baltic
2026-09-24,SE,sv,Carlotta Malmö / K-samsök,(see earlier),Helsingborgs museer,"52-31 'Uppstoppad, balsamerad krokodilunge av okänt ursprung' - not stated Egyptian, taxidermy",UNKNOWN,nordic_baltic
2026-09-24,EU,multi,"Europeana Search API (api.europeana.eu/record/v2/search.json, wskey=api2demo, rows=100, cursor pagination)",крокодил AND мумия,UNKNOWN,0 hits (fetched 0); 0 crocodile-mummy objects,raw: work/agents/portals_europe/raw/europeana_q_and.json,portals_europe
2026-09-24,EU,multi,"Europeana Search API (api.europeana.eu/record/v2/search.json, wskey=api2demo, rows=100, cursor pagination)","""animal mummy"" AND crocodile",UNKNOWN,0 hits (fetched 0); 0 crocodile-mummy objects,raw: work/agents/portals_europe/raw/europeana_q_animal_mummy_and_crocodile.json,portals_europe
2026-09-24,EU,multi,"Europeana Search API (api.europeana.eu/record/v2/search.json, wskey=api2demo, rows=100, cursor pagination)",coccodrillo AND mummia,UNKNOWN,2 hits (fetched 2); 0 crocodile-mummy objects,raw: work/agents/portals_europe/raw/europeana_q_coccodrillo_and_mummia.json,portals_europe
2026-09-24,EU,multi,"Europeana Search API (api.europeana.eu/record/v2/search.json, wskey=api2demo, rows=100, cursor pagination)","""coccodrillo mummificato""",UNKNOWN,0 hits (fetched 0); 0 crocodile-mummy objects,raw: work/agents/portals_europe/raw/europeana_q_coccodrillo_mummificato.json,portals_europe
2026-09-24,EU,multi,"Europeana Search API (api.europeana.eu/record/v2/search.json, wskey=api2demo, rows=100, cursor pagination)",cocodrilo AND momia,UNKNOWN,3 hits (fetched 3); crocodile-mummy objects: National Archaeological Museum x1,raw: work/agents/portals_europe/raw/europeana_q_cocodrilo_and_momia.json,portals_europe
2026-09-24,EU,multi,"Europeana Search API (api.europeana.eu/record/v2/search.json, wskey=api2demo, rows=100, cursor pagination)",crocodil AND mumie,UNKNOWN,2 hits (fetched 2); crocodile-mummy objects: National Museum of Transylvanian History x2,raw: work/agents/portals_europe/raw/europeana_q_crocodil_and_mumie.json,portals_europe
2026-09-24,EU,multi,"Europeana Search API (api.europeana.eu/record/v2/search.json, wskey=api2demo, rows=100, cursor pagination)",crocodile AND egyptian,UNKNOWN,"85 hits (fetched 85); crocodile-mummy objects: The Museum of Mediterranean and Near Eastern Antiquities x22; Fine Arts Museum Vienna x6; Royal Museums of Art and History, Brussels x3; Bohuslän Museum x1",raw: work/agents/portals_europe/raw/europeana_q_crocodile_and_egyptian.json,portals_europe
2026-09-24,EU,multi,"Europeana Search API (api.europeana.eu/record/v2/search.json, wskey=api2demo, rows=100, cursor pagination)",crocodile AND Fayum,UNKNOWN,"7 hits (fetched 7); crocodile-mummy objects: Royal Museums of Art and History, Brussels x1",raw: work/agents/portals_europe/raw/europeana_q_crocodile_and_fayum.json,portals_europe
2026-09-24,EU,multi,"Europeana Search API (api.europeana.eu/record/v2/search.json, wskey=api2demo, rows=100, cursor pagination)",crocodile AND momie,UNKNOWN,"60 hits (fetched 60); crocodile-mummy objects: The Museum of Mediterranean and Near Eastern Antiquities x44; Fine Arts Museum Vienna x6; Royal Museums of Art and History, Brussels x3; Bohuslän Museum x1",raw: work/agents/portals_europe/raw/europeana_q_crocodile_and_momie.json,portals_europe
2026-09-24,EU,multi,"Europeana Search API (api.europeana.eu/record/v2/search.json, wskey=api2demo, rows=100, cursor pagination)",crocodile AND mumie,UNKNOWN,"58 hits (fetched 58); crocodile-mummy objects: The Museum of Mediterranean and Near Eastern Antiquities x44; Fine Arts Museum Vienna x6; Royal Museums of Art and History, Brussels x3; Bohuslän Museum x1",raw: work/agents/portals_europe/raw/europeana_q_crocodile_and_mumie.json,portals_europe
2026-09-24,EU,multi,"Europeana Search API (api.europeana.eu/record/v2/search.json, wskey=api2demo, rows=100, cursor pagination)","""crocodile"" AND mummy",UNKNOWN,"68 hits (fetched 68); crocodile-mummy objects: The Museum of Mediterranean and Near Eastern Antiquities x44; Fine Arts Museum Vienna x6; Royal Museums of Art and History, Brussels x3; Bohuslän Museum x1",raw: work/agents/portals_europe/raw/europeana_q_crocodile_and_mummy.json,portals_europe
2026-09-24,EU,multi,"Europeana Search API (api.europeana.eu/record/v2/search.json, wskey=api2demo, rows=100, cursor pagination)","""crocodile momifié""",UNKNOWN,0 hits (fetched 0); 0 crocodile-mummy objects,raw: work/agents/portals_europe/raw/europeana_q_crocodile_momifi.json,portals_europe
2026-09-24,EU,multi,"Europeana Search API (api.europeana.eu/record/v2/search.json, wskey=api2demo, rows=100, cursor pagination)",crocodile mummy,UNKNOWN,"68 hits (fetched 68); crocodile-mummy objects: The Museum of Mediterranean and Near Eastern Antiquities x44; Fine Arts Museum Vienna x6; Royal Museums of Art and History, Brussels x3; Bohuslän Museum x1",raw: work/agents/portals_europe/raw/europeana_q_crocodile_mummy.json,portals_europe
2026-09-24,EU,multi,"Europeana Search API (api.europeana.eu/record/v2/search.json, wskey=api2demo, rows=100, cursor pagination)",crocodilo AND múmia,UNKNOWN,0 hits (fetched 0); 0 crocodile-mummy objects,raw: work/agents/portals_europe/raw/europeana_q_crocodilo_and_m_mia.json,portals_europe
2026-09-24,EU,multi,"Europeana Search API (api.europeana.eu/record/v2/search.json, wskey=api2demo, rows=100, cursor pagination)",Crocodilopolis,UNKNOWN,10 hits (fetched 10); 0 crocodile-mummy objects,raw: work/agents/portals_europe/raw/europeana_q_crocodilopolis.json,portals_europe
2026-09-24,EU,multi,"Europeana Search API (api.europeana.eu/record/v2/search.json, wskey=api2demo, rows=100, cursor pagination)",Crocodylus mummy,UNKNOWN,0 hits (fetched 0); 0 crocodile-mummy objects,raw: work/agents/portals_europe/raw/europeana_q_crocodylus_mummy.json,portals_europe
2026-09-24,EU,multi,"Europeana Search API (api.europeana.eu/record/v2/search.json, wskey=api2demo, rows=100, cursor pagination)",Crocodylus niloticus AND Egypt,UNKNOWN,0 hits (fetched 0); 0 crocodile-mummy objects,raw: work/agents/portals_europe/raw/europeana_q_crocodylus_niloticus_and_egypt.json,portals_europe
2026-09-24,EU,multi,"Europeana Search API (api.europeana.eu/record/v2/search.json, wskey=api2demo, rows=100, cursor pagination)",Kom Ombo,UNKNOWN,3229 hits (fetched 3000); crocodile-mummy objects: National Archaeological Museum x1,raw: work/agents/portals_europe/raw/europeana_q_kom_ombo.json,portals_europe
2026-09-24,EU,multi,"Europeana Search API (api.europeana.eu/record/v2/search.json, wskey=api2demo, rows=100, cursor pagination)","""Kom Ombo"" crocodile",UNKNOWN,0 hits (fetched 0); 0 crocodile-mummy objects,raw: work/agents/portals_europe/raw/europeana_q_kom_ombo_crocodile.json,portals_europe
2026-09-24,EU,multi,"Europeana Search API (api.europeana.eu/record/v2/search.json, wskey=api2demo, rows=100, cursor pagination)",krokodýl AND mumie,UNKNOWN,0 hits (fetched 0); 0 crocodile-mummy objects,raw: work/agents/portals_europe/raw/europeana_q_krokod_l_and_mumie.json,portals_europe
2026-09-24,EU,multi,"Europeana Search API (api.europeana.eu/record/v2/search.json, wskey=api2demo, rows=100, cursor pagination)",krokodil AND múmia,UNKNOWN,"55 hits (fetched 55); crocodile-mummy objects: The Museum of Mediterranean and Near Eastern Antiquities x44; Fine Arts Museum Vienna x5; Royal Museums of Art and History, Brussels x3; National Museum of Antiquities x1; Dresden State Art Collections. Sculpture collection x1; Bohuslän Museum x1",raw: work/agents/portals_europe/raw/europeana_q_krokodil_and_m_mia.json,portals_europe
2026-09-24,EU,multi,"Europeana Search API (api.europeana.eu/record/v2/search.json, wskey=api2demo, rows=100, cursor pagination)",krokodil AND mumie,UNKNOWN,"59 hits (fetched 59); crocodile-mummy objects: The Museum of Mediterranean and Near Eastern Antiquities x44; Fine Arts Museum Vienna x5; Royal Museums of Art and History, Brussels x3; National Museum of Antiquities x1; Dresden State Art Collections. Sculpture collection x1; Bohuslän Museum x1",raw: work/agents/portals_europe/raw/europeana_q_krokodil_and_mumie.json,portals_europe
2026-09-24,EU,multi,"Europeana Search API (api.europeana.eu/record/v2/search.json, wskey=api2demo, rows=100, cursor pagination)",krokodil AND mumifiziert,UNKNOWN,1 hits (fetched 1); 0 crocodile-mummy objects,raw: work/agents/portals_europe/raw/europeana_q_krokodil_and_mumifiziert.json,portals_europe
2026-09-24,EU,multi,"Europeana Search API (api.europeana.eu/record/v2/search.json, wskey=api2demo, rows=100, cursor pagination)",krokodil AND mumija,UNKNOWN,"56 hits (fetched 56); crocodile-mummy objects: The Museum of Mediterranean and Near Eastern Antiquities x44; Fine Arts Museum Vienna x5; Royal Museums of Art and History, Brussels x3; National Museum of Antiquities x1; Dresden State Art Collections. Sculpture collection x1; Bohuslän Museum x1",raw: work/agents/portals_europe/raw/europeana_q_krokodil_and_mumija.json,portals_europe
2026-09-24,EU,multi,"Europeana Search API (api.europeana.eu/record/v2/search.json, wskey=api2demo, rows=100, cursor pagination)",krokodil AND mummie,UNKNOWN,"63 hits (fetched 63); crocodile-mummy objects: The Museum of Mediterranean and Near Eastern Antiquities x44; National Museum of Antiquities x6; Fine Arts Museum Vienna x5; Royal Museums of Art and History, Brussels x3; Dresden State Art Collections. Sculpture collection x1; Museon-Omniversum x1; Bohuslän Museum x1; Malmö Museum x1",raw: work/agents/portals_europe/raw/europeana_q_krokodil_and_mummie.json,portals_europe
2026-09-24,EU,multi,"Europeana Search API (api.europeana.eu/record/v2/search.json, wskey=api2demo, rows=100, cursor pagination)","""krokodil múmia""",UNKNOWN,0 hits (fetched 0); 0 crocodile-mummy objects,raw: work/agents/portals_europe/raw/europeana_q_krokodil_m_mia.json,portals_europe
2026-09-24,EU,multi,"Europeana Search API (api.europeana.eu/record/v2/search.json, wskey=api2demo, rows=100, cursor pagination)",Krokodil Mumie,UNKNOWN,"59 hits (fetched 59); crocodile-mummy objects: The Museum of Mediterranean and Near Eastern Antiquities x44; Fine Arts Museum Vienna x5; Royal Museums of Art and History, Brussels x3; National Museum of Antiquities x1; Dresden State Art Collections. Sculpture collection x1; Bohuslän Museum x1",raw: work/agents/portals_europe/raw/europeana_q_krokodil_mumie.json,portals_europe
2026-09-24,EU,multi,"Europeana Search API (api.europeana.eu/record/v2/search.json, wskey=api2demo, rows=100, cursor pagination)","""krokodil mummie""",UNKNOWN,1 hits (fetched 1); crocodile-mummy objects: National Museum of Antiquities x1,raw: work/agents/portals_europe/raw/europeana_q_krokodil_mummie.json,portals_europe
2026-09-24,EU,multi,"Europeana Search API (api.europeana.eu/record/v2/search.json, wskey=api2demo, rows=100, cursor pagination)",krokodille AND mumie,UNKNOWN,0 hits (fetched 0); 0 crocodile-mummy objects,raw: work/agents/portals_europe/raw/europeana_q_krokodille_and_mumie.json,portals_europe
2026-09-24,EU,multi,"Europeana Search API (api.europeana.eu/record/v2/search.json, wskey=api2demo, rows=100, cursor pagination)",krokodillenmummie,UNKNOWN,"3 hits (fetched 3); crocodile-mummy objects: Royal Museums of Art and History, Brussels x1; Museon-Omniversum x1; National Museum of Antiquities x1",raw: work/agents/portals_europe/raw/europeana_q_krokodillenmummie.json,portals_europe
2026-09-24,EU,multi,"Europeana Search API (api.europeana.eu/record/v2/search.json, wskey=api2demo, rows=100, cursor pagination)",krokodilmumie,UNKNOWN,1 hits (fetched 1); crocodile-mummy objects: Dresden State Art Collections. Sculpture collection x1,raw: work/agents/portals_europe/raw/europeana_q_krokodilmumie.json,portals_europe
2026-09-24,EU,multi,"Europeana Search API (api.europeana.eu/record/v2/search.json, wskey=api2demo, rows=100, cursor pagination)",krokodilungar,UNKNOWN,26 hits (fetched 26); crocodile-mummy objects: The Museum of Mediterranean and Near Eastern Antiquities x24; Bohuslän Museum x1,raw: work/agents/portals_europe/raw/europeana_q_krokodilungar.json,portals_europe
2026-09-24,EU,multi,"Europeana Search API (api.europeana.eu/record/v2/search.json, wskey=api2demo, rows=100, cursor pagination)",krokodilunge,UNKNOWN,30 hits (fetched 30); crocodile-mummy objects: The Museum of Mediterranean and Near Eastern Antiquities x24; Malmö Museum x1,raw: work/agents/portals_europe/raw/europeana_q_krokodilunge.json,portals_europe
2026-09-24,EU,multi,"Europeana Search API (api.europeana.eu/record/v2/search.json, wskey=api2demo, rows=100, cursor pagination)",krokodyl AND mumia,UNKNOWN,0 hits (fetched 0); 0 crocodile-mummy objects,raw: work/agents/portals_europe/raw/europeana_q_krokodyl_and_mumia.json,portals_europe
2026-09-24,EU,multi,"Europeana Search API (api.europeana.eu/record/v2/search.json, wskey=api2demo, rows=100, cursor pagination)",krokotiili AND muumio,UNKNOWN,0 hits (fetched 0); 0 crocodile-mummy objects,raw: work/agents/portals_europe/raw/europeana_q_krokotiili_and_muumio.json,portals_europe
2026-09-24,EU,multi,"Europeana Search API (api.europeana.eu/record/v2/search.json, wskey=api2demo, rows=100, cursor pagination)",Manfalut,UNKNOWN,1 hits (fetched 1); crocodile-mummy objects: Bohuslän Museum x1,raw: work/agents/portals_europe/raw/europeana_q_manfalut.json,portals_europe
2026-09-24,EU,multi,"Europeana Search API (api.europeana.eu/record/v2/search.json, wskey=api2demo, rows=100, cursor pagination)","""momia de cocodrilo""",UNKNOWN,1 hits (fetched 1); crocodile-mummy objects: National Archaeological Museum x1,raw: work/agents/portals_europe/raw/europeana_q_momia_de_cocodrilo.json,portals_europe
2026-09-24,EU,multi,"Europeana Search API (api.europeana.eu/record/v2/search.json, wskey=api2demo, rows=100, cursor pagination)","""momie de crocodile""",UNKNOWN,"1 hits (fetched 1); crocodile-mummy objects: Royal Museums of Art and History, Brussels x1",raw: work/agents/portals_europe/raw/europeana_q_momie_de_crocodile.json,portals_europe
2026-09-24,EU,multi,"Europeana Search API (api.europeana.eu/record/v2/search.json, wskey=api2demo, rows=100, cursor pagination)","""mumia krokodyla""",UNKNOWN,1 hits (fetched 1); 0 crocodile-mummy objects,raw: work/agents/portals_europe/raw/europeana_q_mumia_krokodyla.json,portals_europe
2026-09-24,EU,multi,"Europeana Search API (api.europeana.eu/record/v2/search.json, wskey=api2demo, rows=100, cursor pagination)","""mumie krokodýla""",UNKNOWN,0 hits (fetched 0); 0 crocodile-mummy objects,raw: work/agents/portals_europe/raw/europeana_q_mumie_krokod_la.json,portals_europe
2026-09-24,EU,multi,"Europeana Search API (api.europeana.eu/record/v2/search.json, wskey=api2demo, rows=100, cursor pagination)",mumifierad krokodil,UNKNOWN,26 hits (fetched 26); crocodile-mummy objects: The Museum of Mediterranean and Near Eastern Antiquities x24; Malmö Museum x1,raw: work/agents/portals_europe/raw/europeana_q_mumifierad_krokodil.json,portals_europe
2026-09-24,EU,multi,"Europeana Search API (api.europeana.eu/record/v2/search.json, wskey=api2demo, rows=100, cursor pagination)","""mumifiziertes Krokodil""",UNKNOWN,0 hits (fetched 0); 0 crocodile-mummy objects,raw: work/agents/portals_europe/raw/europeana_q_mumifiziertes_krokodil.json,portals_europe
2026-09-24,EU,multi,"Europeana Search API (api.europeana.eu/record/v2/search.json, wskey=api2demo, rows=100, cursor pagination)","""mummia di coccodrillo""",UNKNOWN,0 hits (fetched 0); 0 crocodile-mummy objects,raw: work/agents/portals_europe/raw/europeana_q_mummia_di_coccodrillo.json,portals_europe
2026-09-24,EU,multi,"Europeana Search API (api.europeana.eu/record/v2/search.json, wskey=api2demo, rows=100, cursor pagination)",mummified crocodile,UNKNOWN,45 hits (fetched 45); crocodile-mummy objects: The Museum of Mediterranean and Near Eastern Antiquities x38; Fine Arts Museum Vienna x2; Bohuslän Museum x1; Malmö Museum x1,raw: work/agents/portals_europe/raw/europeana_q_mummified_crocodile.json,portals_europe
2026-09-24,EU,multi,"Europeana Search API (api.europeana.eu/record/v2/search.json, wskey=api2demo, rows=100, cursor pagination)",Sobek,UNKNOWN,288 hits (fetched 288); crocodile-mummy objects: Fine Arts Museum Vienna x2; August Kestner Museum x1; National Archaeological Museum x1; Bohuslän Museum x1,raw: work/agents/portals_europe/raw/europeana_q_sobek.json,portals_europe
2026-09-24,EU,multi,"Europeana Search API (api.europeana.eu/record/v2/search.json, wskey=api2demo, rows=100, cursor pagination)",Sobek mummy,UNKNOWN,6 hits (fetched 6); crocodile-mummy objects: Fine Arts Museum Vienna x2; August Kestner Museum x1; Bohuslän Museum x1,raw: work/agents/portals_europe/raw/europeana_q_sobek_mummy.json,portals_europe
2026-09-24,EU,multi,"Europeana Search API (api.europeana.eu/record/v2/search.json, wskey=api2demo, rows=100, cursor pagination)",Souchos,UNKNOWN,1 hits (fetched 1); 0 crocodile-mummy objects,raw: work/agents/portals_europe/raw/europeana_q_souchos.json,portals_europe
2026-09-24,EU,multi,"Europeana Search API (api.europeana.eu/record/v2/search.json, wskey=api2demo, rows=100, cursor pagination)",Suchos,UNKNOWN,3 hits (fetched 3); 0 crocodile-mummy objects,raw: work/agents/portals_europe/raw/europeana_q_suchos.json,portals_europe
2026-09-24,EU,multi,"Europeana Search API (api.europeana.eu/record/v2/search.json, wskey=api2demo, rows=100, cursor pagination)",Tebtunis,UNKNOWN,9 hits (fetched 9); 0 crocodile-mummy objects,raw: work/agents/portals_europe/raw/europeana_q_tebtunis.json,portals_europe
2026-09-24,EU,multi,"Europeana Search API (api.europeana.eu/record/v2/search.json, wskey=api2demo, rows=100, cursor pagination)",Tebtunis crocodile,UNKNOWN,1 hits (fetched 1); 0 crocodile-mummy objects,raw: work/agents/portals_europe/raw/europeana_q_tebtunis_crocodile.json,portals_europe
2026-09-24,EU,multi,"Europeana Search API (api.europeana.eu/record/v2/search.json, wskey=api2demo, rows=100, cursor pagination)",Tiermumie AND Krokodil,UNKNOWN,6 hits (fetched 6); crocodile-mummy objects: Fine Arts Museum Vienna x5,raw: work/agents/portals_europe/raw/europeana_q_tiermumie_and_krokodil.json,portals_europe
2026-09-24,EU,el,"Europeana Search API (api.europeana.eu/record/v2/search.json, wskey=api2demo)",κροκόδειλος AND μούμια,UNKNOWN,0 hits,raw file slug collided with Russian query (both 0 hits),portals_europe
2026-09-24,EU,sv,"Europeana Search API (api.europeana.eu/record/v2/search.json, wskey=api2demo)","krokodilmumie (lower-case, sv/da/no form)",UNKNOWN,1 hit (same record as 'Krokodilmumie': SKD Dresden Aeg 736),raw file shared with 'Krokodilmumie' (case-insensitive slug),portals_europe
2026-09-24,SE,multi,K-samsök / Kringla API (kulturarvsdata.se/ksamsok/api method=search),"text=""crocodile"" AND text=""mummy""",UNKNOWN,31 hits (fetched 31); crocodile-mummy objects: Statens museer för världskultur - Medelhavsmuseet x23,Medelhavsmuseet count includes record 3011830 (MME 1961:263 = same object as MM 18414). raw: work/agents/portals_europe/raw/ksamsok_q_text_crocodile_and_text_mummy.json,portals_europe
2026-09-24,SE,multi,K-samsök / Kringla API (kulturarvsdata.se/ksamsok/api method=search),"text=""krokodil"" AND text=""Egypten""",UNKNOWN,72 hits (fetched 72); crocodile-mummy objects: Statens museer för världskultur - Medelhavsmuseet x23; Malmö Museer x1; Bohusläns museum x1,Medelhavsmuseet count includes record 3011830 (MME 1961:263 = same object as MM 18414). raw: work/agents/portals_europe/raw/ksamsok_q_text_krokodil_and_text_egypten.json,portals_europe
2026-09-24,SE,multi,K-samsök / Kringla API (kulturarvsdata.se/ksamsok/api method=search),"text=""krokodil"" AND text=""mumie""",UNKNOWN,25 hits (fetched 25); crocodile-mummy objects: Statens museer för världskultur - Medelhavsmuseet x23; Bohusläns museum x1,Medelhavsmuseet count includes record 3011830 (MME 1961:263 = same object as MM 18414). raw: work/agents/portals_europe/raw/ksamsok_q_text_krokodil_and_text_mumie.json,portals_europe
2026-09-24,SE,multi,K-samsök / Kringla API (kulturarvsdata.se/ksamsok/api method=search),"text=""krokodil"" AND text=""mumifierad""",UNKNOWN,15 hits (fetched 15); crocodile-mummy objects: Statens museer för världskultur - Medelhavsmuseet x12; Malmö Museer x1; Bohusläns museum x1,Medelhavsmuseet count includes record 3011830 (MME 1961:263 = same object as MM 18414). raw: work/agents/portals_europe/raw/ksamsok_q_text_krokodil_and_text_mumifierad.json,portals_europe
2026-09-24,SE,multi,K-samsök / Kringla API (kulturarvsdata.se/ksamsok/api method=search),"text=""krokodilmumie""",UNKNOWN,1 hits (fetched 1); crocodile-mummy objects: Bohusläns museum x1,Medelhavsmuseet count includes record 3011830 (MME 1961:263 = same object as MM 18414). raw: work/agents/portals_europe/raw/ksamsok_q_text_krokodilmumie.json,portals_europe
2026-09-24,SE,multi,K-samsök / Kringla API (kulturarvsdata.se/ksamsok/api method=search),"text=""krokodilungar""",UNKNOWN,24 hits (fetched 24); crocodile-mummy objects: Statens museer för världskultur - Medelhavsmuseet x12; Malmö Museer x1; Bohusläns museum x1,Medelhavsmuseet count includes record 3011830 (MME 1961:263 = same object as MM 18414). raw: work/agents/portals_europe/raw/ksamsok_q_text_krokodilungar.json,portals_europe
2026-09-24,SE,multi,K-samsök / Kringla API (kulturarvsdata.se/ksamsok/api method=search),"text=""krokodilunge""",UNKNOWN,24 hits (fetched 24); crocodile-mummy objects: Statens museer för världskultur - Medelhavsmuseet x12; Malmö Museer x1; Bohusläns museum x1,Medelhavsmuseet count includes record 3011830 (MME 1961:263 = same object as MM 18414). raw: work/agents/portals_europe/raw/ksamsok_q_text_krokodilunge.json,portals_europe
2026-09-24,SE,multi,K-samsök / Kringla API (kulturarvsdata.se/ksamsok/api method=search),"text=""mumifierad krokodil""",UNKNOWN,836 hits (fetched 836); crocodile-mummy objects: Statens museer för världskultur - Medelhavsmuseet x23; Malmö Museer x1; Bohusläns museum x1,Medelhavsmuseet count includes record 3011830 (MME 1961:263 = same object as MM 18414). raw: work/agents/portals_europe/raw/ksamsok_q_text_mumifierad_krokodil.json,portals_europe
2026-09-24,SE,multi,K-samsök / Kringla API (kulturarvsdata.se/ksamsok/api method=search),"text=""Sobek""",UNKNOWN,5 hits (fetched 5); crocodile-mummy objects: Bohusläns museum x1,Medelhavsmuseet count includes record 3011830 (MME 1961:263 = same object as MM 18414). raw: work/agents/portals_europe/raw/ksamsok_q_text_sobek.json,portals_europe
2026-09-24,NO,multi,"DigitaltMuseum DiMu Solr API (api.dimu.org/api/solr/select, api.key=demo; SE+NO instances)",crocodile mummy,UNKNOWN,0 hits (fetched 0); 0 crocodile-mummy objects,raw: work/agents/portals_europe/raw/dimu_q_crocodile_mummy.json,portals_europe
2026-09-24,NO,multi,"DigitaltMuseum DiMu Solr API (api.dimu.org/api/solr/select, api.key=demo; SE+NO instances)",djurmumie,UNKNOWN,0 hits (fetched 0); 0 crocodile-mummy objects,raw: work/agents/portals_europe/raw/dimu_q_djurmumie.json,portals_europe
2026-09-24,NO,multi,"DigitaltMuseum DiMu Solr API (api.dimu.org/api/solr/select, api.key=demo; SE+NO instances)",dyremumie,UNKNOWN,0 hits (fetched 0); 0 crocodile-mummy objects,raw: work/agents/portals_europe/raw/dimu_q_dyremumie.json,portals_europe
2026-09-24,NO,multi,"DigitaltMuseum DiMu Solr API (api.dimu.org/api/solr/select, api.key=demo; SE+NO instances)",Kom Ombo,UNKNOWN,15 hits (fetched 15); 0 crocodile-mummy objects,raw: work/agents/portals_europe/raw/dimu_q_kom_ombo.json,portals_europe
2026-09-24,NO,multi,"DigitaltMuseum DiMu Solr API (api.dimu.org/api/solr/select, api.key=demo; SE+NO instances)",krokodil,UNKNOWN,"138 hits (fetched 138); crocodile-mummy records (owner codes: S-BM=Bohusläns museum, KHMUIO-E=KHM Oslo, UMUIB-F=Bergen photos): S-BM x1",raw: work/agents/portals_europe/raw/dimu_q_krokodil.json,portals_europe
2026-09-24,NO,multi,"DigitaltMuseum DiMu Solr API (api.dimu.org/api/solr/select, api.key=demo; SE+NO instances)",krokodil mumie,UNKNOWN,"2 hits (fetched 2); crocodile-mummy records (owner codes: S-BM=Bohusläns museum, KHMUIO-E=KHM Oslo, UMUIB-F=Bergen photos): S-BM x1",raw: work/agents/portals_europe/raw/dimu_q_krokodil_mumie.json,portals_europe
2026-09-24,NO,multi,"DigitaltMuseum DiMu Solr API (api.dimu.org/api/solr/select, api.key=demo; SE+NO instances)",krokodille,UNKNOWN,"164 hits (fetched 164); crocodile-mummy records (owner codes: S-BM=Bohusläns museum, KHMUIO-E=KHM Oslo, UMUIB-F=Bergen photos): UMUIB-F x2; KHMUIO-E x1",raw: work/agents/portals_europe/raw/dimu_q_krokodille.json,portals_europe
2026-09-24,NO,multi,"DigitaltMuseum DiMu Solr API (api.dimu.org/api/solr/select, api.key=demo; SE+NO instances)",krokodille mumie,UNKNOWN,"3 hits (fetched 3); crocodile-mummy records (owner codes: S-BM=Bohusläns museum, KHMUIO-E=KHM Oslo, UMUIB-F=Bergen photos): UMUIB-F x2; KHMUIO-E x1",raw: work/agents/portals_europe/raw/dimu_q_krokodille_mumie.json,portals_europe
2026-09-24,NO,multi,"DigitaltMuseum DiMu Solr API (api.dimu.org/api/solr/select, api.key=demo; SE+NO instances)",krokodillemumie,UNKNOWN,"1 hits (fetched 1); crocodile-mummy records (owner codes: S-BM=Bohusläns museum, KHMUIO-E=KHM Oslo, UMUIB-F=Bergen photos): KHMUIO-E x1",raw: work/agents/portals_europe/raw/dimu_q_krokodillemumie.json,portals_europe
2026-09-24,NO,multi,"DigitaltMuseum DiMu Solr API (api.dimu.org/api/solr/select, api.key=demo; SE+NO instances)",krokodilleunge,UNKNOWN,2 hits (fetched 2); 0 crocodile-mummy objects,raw: work/agents/portals_europe/raw/dimu_q_krokodilleunge.json,portals_europe
2026-09-24,NO,multi,"DigitaltMuseum DiMu Solr API (api.dimu.org/api/solr/select, api.key=demo; SE+NO instances)",krokodilmumie,UNKNOWN,0 hits (fetched 0); 0 crocodile-mummy objects,raw: work/agents/portals_europe/raw/dimu_q_krokodilmumie.json,portals_europe
2026-09-24,NO,multi,"DigitaltMuseum DiMu Solr API (api.dimu.org/api/solr/select, api.key=demo; SE+NO instances)",krokodilunge,UNKNOWN,0 hits (fetched 0); 0 crocodile-mummy objects,raw: work/agents/portals_europe/raw/dimu_q_krokodilunge.json,portals_europe
2026-09-24,NO,multi,"DigitaltMuseum DiMu Solr API (api.dimu.org/api/solr/select, api.key=demo; SE+NO instances)",mumificeret krokodille,UNKNOWN,0 hits (fetched 0); 0 crocodile-mummy objects,raw: work/agents/portals_europe/raw/dimu_q_mumificeret_krokodille.json,portals_europe
2026-09-24,NO,multi,"DigitaltMuseum DiMu Solr API (api.dimu.org/api/solr/select, api.key=demo; SE+NO instances)",mumifierad krokodil,UNKNOWN,0 hits (fetched 0); 0 crocodile-mummy objects,raw: work/agents/portals_europe/raw/dimu_q_mumifierad_krokodil.json,portals_europe
2026-09-24,NO,multi,"DigitaltMuseum DiMu Solr API (api.dimu.org/api/solr/select, api.key=demo; SE+NO instances)",mumifisert krokodille,UNKNOWN,0 hits (fetched 0); 0 crocodile-mummy objects,raw: work/agents/portals_europe/raw/dimu_q_mumifisert_krokodille.json,portals_europe
2026-09-24,NO,multi,"DigitaltMuseum DiMu Solr API (api.dimu.org/api/solr/select, api.key=demo; SE+NO instances)",mummified crocodile,UNKNOWN,0 hits (fetched 0); 0 crocodile-mummy objects,raw: work/agents/portals_europe/raw/dimu_q_mummified_crocodile.json,portals_europe
2026-09-24,NO,multi,"DigitaltMuseum DiMu Solr API (api.dimu.org/api/solr/select, api.key=demo; SE+NO instances)",Sobek,UNKNOWN,"1 hits (fetched 1); crocodile-mummy records (owner codes: S-BM=Bohusläns museum, KHMUIO-E=KHM Oslo, UMUIB-F=Bergen photos): S-BM x1",raw: work/agents/portals_europe/raw/dimu_q_sobek.json,portals_europe
2026-09-24,NL,nl,"Collectie Nederland API (data.collectienederland.nl/api/search/v2, rows=20)",krokodillenmummie,UNKNOWN,"4 hits (3 fetched): Museon 8258; RMO F 1998/11.3, AMM 16h",raw/cn_q_krokodillenmummie.json,portals_europe
2026-09-24,NL,nl,Collectie Nederland API,krokodil mummie,UNKNOWN,"11 hits (10 fetched): RMO AMM 16a, 16g, 16h, 16i, 16k, CI 260; Museon 8258; excluded RMO F 1969/2.10 (statuette), req.34 (replica)",raw/cn_q_krokodil_mummie.json,portals_europe
2026-09-24,NL,nl,Collectie Nederland API,krokodil dierenmummie,UNKNOWN,"6 hits (5 fetched): RMO AMM 16g, 16h, 16i, 16k, CI 260",raw/cn_q_krokodil_dierenmummie.json,portals_europe
2026-09-24,NL,multi,Collectie Nederland API,mummie van een krokodil; krokodil (1169 hits); crocodile mummy; mummified crocodile; Krokodilmumie; momie de crocodile; Sobek; Kom Ombo; Fayum krokodil; dierenmummie,UNKNOWN,NOT COMPLETED - API returned 'rate_limited' (advises OAI-PMH); no results captured,resume via OAI-PMH /api/oai-pmh?verb=ListRecords&metadataPrefix=edm&set=<collection>,portals_europe
2026-09-24,SE,sv,Malmö Museer Carlotta (carlotta.malmo.se),object 21265,Malmö Museer,site down for planned maintenance; used K-samsök RDF instead,UNKNOWN,portals_europe
2026-09-24,NL,nl,rmo.nl collectiezoeker (curl + WebFetch),object 21747 (AMM 16a),Rijksmuseum van Oudheden,403 Forbidden,UNKNOWN,portals_europe
2026-09-24,US,en,"NMNH anth collections DB backend (collections.nmnh.si.edu/search/anth/search.php, qtype=1 keyword)",crocodile,"National Museum of Natural History, Smithsonian Institution","136 hits, all 136 retrieved; crocodile mummies: A74579-0 Mummied Crocodile",full enumeration; raw/nmnh_query_stats.json,portals_world
2026-09-24,US,en,"NMNH anth collections DB backend (collections.nmnh.si.edu/search/anth/search.php, qtype=1 keyword)",crocodile mummy,"National Museum of Natural History, Smithsonian Institution","1 hits, all 1 retrieved; crocodile mummies: A74579-0 Mummied Crocodile",full enumeration; raw/nmnh_query_stats.json,portals_world
2026-09-24,US,en,"NMNH anth collections DB backend (collections.nmnh.si.edu/search/anth/search.php, qtype=1 keyword)",mummied crocodile,"National Museum of Natural History, Smithsonian Institution","1 hits, all 1 retrieved; crocodile mummies: A74579-0 Mummied Crocodile",full enumeration; raw/nmnh_query_stats.json,portals_world
2026-09-24,US,en,"NMNH anth collections DB backend (collections.nmnh.si.edu/search/anth/search.php, qtype=1 keyword)",mummified crocodile,"National Museum of Natural History, Smithsonian Institution","0 hits, all 0 retrieved; crocodile mummies: none",full enumeration; raw/nmnh_query_stats.json,portals_world
2026-09-24,US,en,"NMNH anth collections DB backend (collections.nmnh.si.edu/search/anth/search.php, qtype=1 keyword)",crocodiles,"National Museum of Natural History, Smithsonian Institution","0 hits, all 0 retrieved; crocodile mummies: none",full enumeration; raw/nmnh_query_stats.json,portals_world
2026-09-24,US,en,"NMNH anth collections DB backend (collections.nmnh.si.edu/search/anth/search.php, qtype=1 keyword)",Crocodylus,"National Museum of Natural History, Smithsonian Institution","0 hits, all 0 retrieved; crocodile mummies: none",full enumeration; raw/nmnh_query_stats.json,portals_world
2026-09-24,US,en,"NMNH anth collections DB backend (collections.nmnh.si.edu/search/anth/search.php, qtype=1 keyword)",Sobek,"National Museum of Natural History, Smithsonian Institution","0 hits, all 0 retrieved; crocodile mummies: none",full enumeration; raw/nmnh_query_stats.json,portals_world
2026-09-24,US,en,"NMNH anth collections DB backend (collections.nmnh.si.edu/search/anth/search.php, qtype=1 keyword)",reptile mummy,"National Museum of Natural History, Smithsonian Institution","0 hits, all 0 retrieved; crocodile mummies: none",full enumeration; raw/nmnh_query_stats.json,portals_world
2026-09-24,US,en,"NMNH anth collections DB backend (collections.nmnh.si.edu/search/anth/search.php, qtype=1 keyword)",mummified reptiles,"National Museum of Natural History, Smithsonian Institution","1 hits, all 1 retrieved; crocodile mummies: AT5604-0 Mummified Reptiles",full enumeration; raw/nmnh_query_stats.json,portals_world
2026-09-24,US,en,"NMNH anth collections DB backend (collections.nmnh.si.edu/search/anth/search.php, qtype=1 keyword)",animal mummy,"National Museum of Natural History, Smithsonian Institution","29 hits, all 29 retrieved; crocodile mummies: AT5604-0 Mummified Reptiles, A74579-0 Mummied Crocodile",full enumeration; raw/nmnh_query_stats.json,portals_world
2026-09-24,US,en,"NMNH anth collections DB backend (collections.nmnh.si.edu/search/anth/search.php, qtype=1 keyword)",Kom Ombo,"National Museum of Natural History, Smithsonian Institution","1 hits, all 1 retrieved; crocodile mummies: none",full enumeration; raw/nmnh_query_stats.json,portals_world
2026-09-24,US,en,"NMNH anth collections DB backend (collections.nmnh.si.edu/search/anth/search.php, qtype=1 keyword)",Fayum,"National Museum of Natural History, Smithsonian Institution","171 hits, all 171 retrieved; crocodile mummies: none",full enumeration; raw/nmnh_query_stats.json,portals_world
2026-09-24,US,en,"NMNH anth collections DB backend (collections.nmnh.si.edu/search/anth/search.php, qtype=1 keyword)",Samoun,"National Museum of Natural History, Smithsonian Institution","0 hits, all 0 retrieved; crocodile mummies: none",full enumeration; raw/nmnh_query_stats.json,portals_world
2026-09-24,US,en,"NMNH anth collections DB backend (collections.nmnh.si.edu/search/anth/search.php, qtype=1 keyword)",Maabdeh,"National Museum of Natural History, Smithsonian Institution","0 hits, all 0 retrieved; crocodile mummies: none",full enumeration; raw/nmnh_query_stats.json,portals_world
2026-09-24,US,en,"NMNH anth collections DB backend (collections.nmnh.si.edu/search/anth/search.php, qtype=1 keyword)",Manfalut,"National Museum of Natural History, Smithsonian Institution","0 hits, all 0 retrieved; crocodile mummies: none",full enumeration; raw/nmnh_query_stats.json,portals_world
2026-09-24,US,en,"NMNH herps collections DB backend (collections.nmnh.si.edu/search/herps/search.php, qtype=1 keyword)",Crocodylus mummy,"National Museum of Natural History, Smithsonian Institution","0 hits, all 0 retrieved; crocodile mummies: none",full enumeration; raw/nmnh_query_stats.json,portals_world
2026-09-24,US,en,"NMNH herps collections DB backend (collections.nmnh.si.edu/search/herps/search.php, qtype=1 keyword)",mummy,"National Museum of Natural History, Smithsonian Institution","0 hits, all 0 retrieved; crocodile mummies: none",full enumeration; raw/nmnh_query_stats.json,portals_world
2026-09-24,US,en,"NMNH herps collections DB backend (collections.nmnh.si.edu/search/herps/search.php, qtype=1 keyword)",mummified,"National Museum of Natural History, Smithsonian Institution","0 hits, all 0 retrieved; crocodile mummies: none",full enumeration; raw/nmnh_query_stats.json,portals_world
2026-09-24,US,en,"NMNH herps collections DB backend (collections.nmnh.si.edu/search/herps/search.php, qtype=1 keyword)",Egypt Crocodylus,"National Museum of Natural History, Smithsonian Institution","1 hits, all 1 retrieved; crocodile mummies: none",full enumeration; raw/nmnh_query_stats.json,portals_world
2026-09-24,US,en,"NMNH herps collections DB backend (collections.nmnh.si.edu/search/herps/search.php, qtype=1 keyword)",Crocodylus niloticus,"National Museum of Natural History, Smithsonian Institution","46 hits, all 46 retrieved; crocodile mummies: none",full enumeration; raw/nmnh_query_stats.json,portals_world
2026-09-24,US,en,Cleveland Museum of Art Open Access API (openaccess-api.clevelandart.org/api/artworks/?q=&limit=1000),crocodile,Cleveland Museum of Art,"43 hits, 43 retrieved; 0 crocodile mummies; only mumm+croc text match is 1969.118 Apis Bull (sculpture)",raw/cma_aic_results.json,portals_world
2026-09-24,US,en,Cleveland Museum of Art Open Access API (openaccess-api.clevelandart.org/api/artworks/?q=&limit=1000),crocodile mummy,Cleveland Museum of Art,"0 hits, 0 retrieved; 0 crocodile mummies",raw/cma_aic_results.json,portals_world
2026-09-24,US,en,Cleveland Museum of Art Open Access API (openaccess-api.clevelandart.org/api/artworks/?q=&limit=1000),mummified crocodile,Cleveland Museum of Art,"1 hits, 1 retrieved; 0 crocodile mummies; only mumm+croc text match is 1969.118 Apis Bull (sculpture)",raw/cma_aic_results.json,portals_world
2026-09-24,US,en,Cleveland Museum of Art Open Access API (openaccess-api.clevelandart.org/api/artworks/?q=&limit=1000),Sobek,Cleveland Museum of Art,"0 hits, 0 retrieved; 0 crocodile mummies",raw/cma_aic_results.json,portals_world
2026-09-24,US,en,Cleveland Museum of Art Open Access API (openaccess-api.clevelandart.org/api/artworks/?q=&limit=1000),animal mummy,Cleveland Museum of Art,"0 hits, 0 retrieved; 0 crocodile mummies",raw/cma_aic_results.json,portals_world
2026-09-24,US,en,Cleveland Museum of Art Open Access API (openaccess-api.clevelandart.org/api/artworks/?q=&limit=1000),mummy,Cleveland Museum of Art,"58 hits, 58 retrieved; 0 crocodile mummies",raw/cma_aic_results.json,portals_world
2026-09-24,US,en,"Art Institute of Chicago API (POST api.artic.edu/api/v1/artworks/search, ES query_string)",(crocodile OR Sobek OR crocodil*) AND mumm*,Art Institute of Chicago,"0 hits (all retrieved); 0 crocodile mummies (crocodile hits = amulets, Sobek statuette 1894.260, prints)",plain ?q= search returns total=133118 for any term (scores whole collection) so ES query_string used; raw/aic_es_results.json,portals_world
2026-09-24,US,en,"Art Institute of Chicago API (POST api.artic.edu/api/v1/artworks/search, ES query_string)",crocodile,Art Institute of Chicago,"50 hits (all retrieved); 0 crocodile mummies (crocodile hits = amulets, Sobek statuette 1894.260, prints)",plain ?q= search returns total=133118 for any term (scores whole collection) so ES query_string used; raw/aic_es_results.json,portals_world
2026-09-24,US,en,"Art Institute of Chicago API (POST api.artic.edu/api/v1/artworks/search, ES query_string)",Sobek,Art Institute of Chicago,"5 hits (all retrieved); 0 crocodile mummies (crocodile hits = amulets, Sobek statuette 1894.260, prints)",plain ?q= search returns total=133118 for any term (scores whole collection) so ES query_string used; raw/aic_es_results.json,portals_world
2026-09-24,US,en,"Art Institute of Chicago API (POST api.artic.edu/api/v1/artworks/search, ES query_string)",mumm* AND place_of_origin:Egypt,Art Institute of Chicago,"72 hits (all retrieved); 0 crocodile mummies (crocodile hits = amulets, Sobek statuette 1894.260, prints)",plain ?q= search returns total=133118 for any term (scores whole collection) so ES query_string used; raw/aic_es_results.json,portals_world
2026-09-24,US,en,"Art Institute of Chicago API (POST api.artic.edu/api/v1/artworks/search, ES query_string)",animal AND mumm*,Art Institute of Chicago,"18 hits (all retrieved); 0 crocodile mummies (crocodile hits = amulets, Sobek statuette 1894.260, prints)",plain ?q= search returns total=133118 for any term (scores whole collection) so ES query_string used; raw/aic_es_results.json,portals_world
2026-09-24,US,en,"Smithsonian Open Access API (api.si.edu/openaccess/api/v1.0/search, DEMO_KEY)","""crocodile mummy""",Smithsonian Institution (all units),"2 hits, 2 retrieved; mumm+croc text matches: 2",raw/si_query_stats.json,portals_world
2026-09-24,US,en,"Smithsonian Open Access API (api.si.edu/openaccess/api/v1.0/search, DEMO_KEY)","""mummified crocodile""",Smithsonian Institution (all units),"2 hits, 2 retrieved; mumm+croc text matches: 2",raw/si_query_stats.json,portals_world
2026-09-24,US,en,"Smithsonian Open Access API (api.si.edu/openaccess/api/v1.0/search, DEMO_KEY)",crocodile AND mummy,Smithsonian Institution (all units),HTTP 429 (DEMO_KEY rate limit),raw/si_query_stats.json,portals_world
2026-09-24,US,en,"Smithsonian Open Access API (api.si.edu/openaccess/api/v1.0/search, DEMO_KEY)",crocodile mummy,Smithsonian Institution (all units),HTTP 429 (DEMO_KEY rate limit),raw/si_query_stats.json,portals_world
2026-09-24,US,en,"Smithsonian Open Access API (api.si.edu/openaccess/api/v1.0/search, DEMO_KEY)","""Crocodylus"" mummy",Smithsonian Institution (all units),HTTP 429 (DEMO_KEY rate limit),raw/si_query_stats.json,portals_world
2026-09-24,US,en,"Smithsonian Open Access API (api.si.edu/openaccess/api/v1.0/search, DEMO_KEY)",Crocodylus AND mummified,Smithsonian Institution (all units),HTTP 429 (DEMO_KEY rate limit),raw/si_query_stats.json,portals_world
2026-09-24,US,en,"Smithsonian Open Access API (api.si.edu/openaccess/api/v1.0/search, DEMO_KEY)",crocodile AND mummified,Smithsonian Institution (all units),HTTP 429 (DEMO_KEY rate limit),raw/si_query_stats.json,portals_world
2026-09-24,US,en,"Smithsonian Open Access API (api.si.edu/openaccess/api/v1.0/search, DEMO_KEY)","""Mummied Crocodile""",Smithsonian Institution (all units),HTTP 429 (DEMO_KEY rate limit),raw/si_query_stats.json,portals_world
2026-09-24,US,en,"Smithsonian Open Access API (api.si.edu/openaccess/api/v1.0/search, DEMO_KEY)",crocodile AND unit_code:NMNHANTHRO,Smithsonian Institution (all units),HTTP 429 (DEMO_KEY rate limit),raw/si_query_stats.json,portals_world
2026-09-24,US,en,"Smithsonian Open Access API (api.si.edu/openaccess/api/v1.0/search, DEMO_KEY)",reptile AND mummy AND unit_code:NMNHANTHRO,Smithsonian Institution (all units),HTTP 429 (DEMO_KEY rate limit),raw/si_query_stats.json,portals_world
2026-09-24,US,en,"Smithsonian Open Access API (api.si.edu/openaccess/api/v1.0/search, DEMO_KEY)",Sobek,Smithsonian Institution (all units),HTTP 429 (DEMO_KEY rate limit),raw/si_query_stats.json,portals_world
2026-09-24,US,en,"Smithsonian Open Access API (api.si.edu/openaccess/api/v1.0/search, DEMO_KEY)",crocodile AND Egypt,Smithsonian Institution (all units),HTTP 429 (DEMO_KEY rate limit),raw/si_query_stats.json,portals_world
2026-09-24,US,en,"Smithsonian Open Access API (api.si.edu/openaccess/api/v1.0/search, DEMO_KEY)",Crocodylus niloticus,Smithsonian Institution (all units),HTTP 429 (DEMO_KEY rate limit),raw/si_query_stats.json,portals_world
2026-09-24,US,en,"Smithsonian Open Access API (api.si.edu/openaccess/api/v1.0/search, DEMO_KEY)",crocodile AND unit_code:NMAfA,Smithsonian Institution (all units),HTTP 429 (DEMO_KEY rate limit),raw/si_query_stats.json,portals_world
2026-09-24,US,en,"Smithsonian Open Access API (api.si.edu/openaccess/api/v1.0/search, DEMO_KEY)",crocodile AND unit_code:FSG,Smithsonian Institution (all units),HTTP 429 (DEMO_KEY rate limit),raw/si_query_stats.json,portals_world
2026-09-24,US,en,Met Collection API (collectionapi.metmuseum.org/public/collection/v1/search + /objects/{id}),crocodile (all departments),Metropolitan Museum of Art,"653 hits, every object record fetched; crocodile-mummy items: 12.182.33 Mask for a crocodile mummy (E); 90.6.115 Sacred animal mummy of crocodile","732 unique object records fetched across all queries; raw/met_objects_compact.json, raw/met_query_stats.json",portals_world
2026-09-24,US,en,Met Collection API (collectionapi.metmuseum.org/public/collection/v1/search + /objects/{id}),crocodile mummy,Metropolitan Museum of Art,"7 hits, every object record fetched; crocodile-mummy items: 12.182.33 Mask for a crocodile mummy (E); 90.6.115 Sacred animal mummy of crocodile","732 unique object records fetched across all queries; raw/met_objects_compact.json, raw/met_query_stats.json",portals_world
2026-09-24,US,en,Met Collection API (collectionapi.metmuseum.org/public/collection/v1/search + /objects/{id}),mummified crocodile,Metropolitan Museum of Art,"3 hits, every object record fetched; crocodile-mummy items: 12.182.33 Mask for a crocodile mummy (E); 90.6.115 Sacred animal mummy of crocodile","732 unique object records fetched across all queries; raw/met_objects_compact.json, raw/met_query_stats.json",portals_world
2026-09-24,US,en,Met Collection API (collectionapi.metmuseum.org/public/collection/v1/search + /objects/{id}),Sobek,Metropolitan Museum of Art,"24 hits, every object record fetched; crocodile-mummy items: 12.182.33 Mask for a crocodile mummy (E)","732 unique object records fetched across all queries; raw/met_objects_compact.json, raw/met_query_stats.json",portals_world
2026-09-24,US,en,Met Collection API (collectionapi.metmuseum.org/public/collection/v1/search + /objects/{id}),Crocodylus,Metropolitan Museum of Art,"1 hits, every object record fetched; crocodile-mummy items: none","732 unique object records fetched across all queries; raw/met_objects_compact.json, raw/met_query_stats.json",portals_world
2026-09-24,US,en,Met Collection API (collectionapi.metmuseum.org/public/collection/v1/search + /objects/{id}),Souchos,Metropolitan Museum of Art,"0 hits, every object record fetched; crocodile-mummy items: none","732 unique object records fetched across all queries; raw/met_objects_compact.json, raw/met_query_stats.json",portals_world
2026-09-24,US,en,Met Collection API (collectionapi.metmuseum.org/public/collection/v1/search + /objects/{id}),departmentId=10 crocodile,Metropolitan Museum of Art,"128 hits, every object record fetched; crocodile-mummy items: 12.182.33 Mask for a crocodile mummy (E); 90.6.115 Sacred animal mummy of crocodile","732 unique object records fetched across all queries; raw/met_objects_compact.json, raw/met_query_stats.json",portals_world
2026-09-24,US,en,Met Collection API (collectionapi.metmuseum.org/public/collection/v1/search + /objects/{id}),departmentId=10 Sobek,Metropolitan Museum of Art,"24 hits, every object record fetched; crocodile-mummy items: 12.182.33 Mask for a crocodile mummy (E)","732 unique object records fetched across all queries; raw/met_objects_compact.json, raw/met_query_stats.json",portals_world
2026-09-24,US,en,Met Collection API (collectionapi.metmuseum.org/public/collection/v1/search + /objects/{id}),departmentId=10 animal mummy,Metropolitan Museum of Art,"76 hits, every object record fetched; crocodile-mummy items: 90.6.115 Sacred animal mummy of crocodile; 12.182.33 Mask for a crocodile mummy (E)","732 unique object records fetched across all queries; raw/met_objects_compact.json, raw/met_query_stats.json",portals_world
2026-09-24,US,en,Met Collection API (collectionapi.metmuseum.org/public/collection/v1/search + /objects/{id}),departmentId=10 crocodile mummy,Metropolitan Museum of Art,"6 hits, every object record fetched; crocodile-mummy items: 12.182.33 Mask for a crocodile mummy (E); 90.6.115 Sacred animal mummy of crocodile","732 unique object records fetched across all queries; raw/met_objects_compact.json, raw/met_query_stats.json",portals_world
2026-09-24,US,en,Met Collection API (collectionapi.metmuseum.org/public/collection/v1/search + /objects/{id}),departmentId=10 Fayum crocodile,Metropolitan Museum of Art,"3 hits, every object record fetched; crocodile-mummy items: 12.182.33 Mask for a crocodile mummy (E)","732 unique object records fetched across all queries; raw/met_objects_compact.json, raw/met_query_stats.json",portals_world
2026-09-24,US,en,Met Collection API (collectionapi.metmuseum.org/public/collection/v1/search + /objects/{id}),departmentId=10 Kom Ombo,Metropolitan Museum of Art,"0 hits, every object record fetched; crocodile-mummy items: none","732 unique object records fetched across all queries; raw/met_objects_compact.json, raw/met_query_stats.json",portals_world
2026-09-24,NZ,en,"DigitalNZ API (api.digitalnz.org/records.json, text search)",crocodile mummy,"all DigitalNZ content partners (Auckland Museum, Te Papa, Canterbury Museum, Teece Museum, Puke Ariki, etc.)","138 hits (135 Papers Past newspaper articles); non-newspaper records 3; crocodile mummies: Auckland Museum 'mummy, crocodile' 13061 (ethnology), DNZ 39611220",raw/digitalnz_results.json; newspaper hits are 19th-c. reports on Maabdeh crocodile pits etc. (not collection records),portals_world
2026-09-24,NZ,en,"DigitalNZ API (api.digitalnz.org/records.json, text search)",mummified crocodile,"all DigitalNZ content partners (Auckland Museum, Te Papa, Canterbury Museum, Teece Museum, Puke Ariki, etc.)",21 hits (18 Papers Past newspaper articles); non-newspaper records 3; crocodile mummies: none,raw/digitalnz_results.json; newspaper hits are 19th-c. reports on Maabdeh crocodile pits etc. (not collection records),portals_world
2026-09-24,NZ,en,"DigitalNZ API (api.digitalnz.org/records.json, text search)",mummy crocodile,"all DigitalNZ content partners (Auckland Museum, Te Papa, Canterbury Museum, Teece Museum, Puke Ariki, etc.)","138 hits (135 Papers Past newspaper articles); non-newspaper records 3; crocodile mummies: Auckland Museum 'mummy, crocodile' 13061 (ethnology), DNZ 39611220",raw/digitalnz_results.json; newspaper hits are 19th-c. reports on Maabdeh crocodile pits etc. (not collection records),portals_world
2026-09-24,NZ,en,"DigitalNZ API (api.digitalnz.org/records.json, text search)",crocodile egypt,"all DigitalNZ content partners (Auckland Museum, Te Papa, Canterbury Museum, Teece Museum, Puke Ariki, etc.)","739 hits (711 Papers Past newspaper articles); non-newspaper records 28; crocodile mummies: Auckland Museum 'mummy, crocodile' 13061 (ethnology), DNZ 39611220",raw/digitalnz_results.json; newspaper hits are 19th-c. reports on Maabdeh crocodile pits etc. (not collection records),portals_world
2026-09-24,NZ,en,"DigitalNZ API (api.digitalnz.org/records.json, text search)",Sobek,"all DigitalNZ content partners (Auckland Museum, Te Papa, Canterbury Museum, Teece Museum, Puke Ariki, etc.)","18 hits (8 Papers Past newspaper articles); non-newspaper records 10; crocodile mummies: Auckland Museum 'mummy, crocodile' 13061 (ethnology), DNZ 39611220",raw/digitalnz_results.json; newspaper hits are 19th-c. reports on Maabdeh crocodile pits etc. (not collection records),portals_world
2026-09-24,NZ,en,"DigitalNZ API (api.digitalnz.org/records.json, text search)",crocodile mummies,"all DigitalNZ content partners (Auckland Museum, Te Papa, Canterbury Museum, Teece Museum, Puke Ariki, etc.)","138 hits (135 Papers Past newspaper articles); non-newspaper records 3; crocodile mummies: Auckland Museum 'mummy, crocodile' 13061 (ethnology), DNZ 39611220",raw/digitalnz_results.json; newspaper hits are 19th-c. reports on Maabdeh crocodile pits etc. (not collection records),portals_world
2026-09-24,NZ,en,"DigitalNZ API (api.digitalnz.org/records.json, text search)",animal mummy,"all DigitalNZ content partners (Auckland Museum, Te Papa, Canterbury Museum, Teece Museum, Puke Ariki, etc.)","1106 hits (1069 Papers Past newspaper articles); non-newspaper records 37; crocodile mummies: Auckland Museum 'mummy, crocodile' 13061 (ethnology), DNZ 39611220",raw/digitalnz_results.json; newspaper hits are 19th-c. reports on Maabdeh crocodile pits etc. (not collection records),portals_world
2026-09-24,NZ,en,"DigitalNZ API (api.digitalnz.org/records.json, text search)","mummy, crocodile","all DigitalNZ content partners (Auckland Museum, Te Papa, Canterbury Museum, Teece Museum, Puke Ariki, etc.)","138 hits (135 Papers Past newspaper articles); non-newspaper records 3; crocodile mummies: Auckland Museum 'mummy, crocodile' 13061 (ethnology), DNZ 39611220",raw/digitalnz_results.json; newspaper hits are 19th-c. reports on Maabdeh crocodile pits etc. (not collection records),portals_world
2026-09-24,NZ,en,"DigitalNZ API (api.digitalnz.org/records.json, text search)",crocodile,"all DigitalNZ content partners (Auckland Museum, Te Papa, Canterbury Museum, Teece Museum, Puke Ariki, etc.)","13460 hits (1396 Papers Past newspaper articles) (paging capped at 2000 results, not full); non-newspaper records 604; crocodile mummies: Auckland Museum 'mummy, crocodile' 13061 (ethnology), DNZ 39611220",raw/digitalnz_results.json; newspaper hits are 19th-c. reports on Maabdeh crocodile pits etc. (not collection records),portals_world
2026-09-24,AU,en,Museums Victoria Collections API (collections.museumsvictoria.com.au/api/search),crocodile mummy; mummified crocodile; crocodile; Sobek; animal mummy,Museums Victoria,HTTP 403 Cloudflare 'Just a moment' challenge for API (curl) and WebFetch,website search https://collections.museumsvictoria.com.au/search?query=crocodile+mummy also 403,portals_world
2026-09-24,NZ,en,Auckland Museum API / website,api.aucklandmuseum.com/search/collectionsonline/_search?q=crocodile(+mummy); record 563692 page; api.aucklandmuseum.com/id/humanhistory/object/563692,Auckland War Memorial Museum,HTTP 403 ('Too many requests' page) for API and web record; collection-api.aucklandmuseum.com Vernon Browser requires login; images on collection-api host load (200),record confirmed via DigitalNZ instead,portals_world
2026-09-24,NZ,en,Te Papa collections API (data.tepapa.govt.nz/collection/search),crocodile mummy,Museum of New Zealand Te Papa Tongarewa,HTTP 401 (API key required),covered via DigitalNZ,portals_world
2026-09-24,AU,en,Powerhouse (MAAS) API / collection website,api.maas.museum/graphql; collection.powerhouse.com.au/search?q=crocodile%20mummy,Powerhouse Museum,api.maas.museum: proxy CONNECT 502 (host unreachable); collection.powerhouse.com.au/search: HTTP 404,retry later via other endpoint,portals_world
2026-09-24,US,en,Smithsonian collections.si.edu website search,crocodile mummy,Smithsonian Institution,HTTP 403 ('Smithsonian site temporarily unavailable' bot challenge),used SI Open Access API and NMNH backend instead,portals_world
2026-09-24,US,en,Met website object pages,https://www.metmuseum.org/art/collection/search/570752,Metropolitan Museum of Art,HTTP 429 Vercel Security Checkpoint (curl and WebFetch),API data used,portals_world
2026-09-24,JP,ja,Japan Search cross-search API (jpsearch.go.jp/api/item/search/jps-cross),ワニ ミイラ,"all Japan Search databases (ColBase/TNM, NDL, university museums, etc.)","109 hits, 109 screened; crocodile mummies: Tokyo National Museum TJ-2390 '鰐木乃伊'",raw/japansearch_results.json,portals_world
2026-09-24,JP,ja,Japan Search cross-search API (jpsearch.go.jp/api/item/search/jps-cross),鰐 ミイラ,"all Japan Search databases (ColBase/TNM, NDL, university museums, etc.)","56 hits, 56 screened; crocodile mummies: Tokyo National Museum TJ-2390 '鰐木乃伊'",raw/japansearch_results.json,portals_world
2026-09-24,JP,ja,Japan Search cross-search API (jpsearch.go.jp/api/item/search/jps-cross),鰐木乃伊,"all Japan Search databases (ColBase/TNM, NDL, university museums, etc.)","1 hits, 1 screened; crocodile mummies: Tokyo National Museum TJ-2390 '鰐木乃伊'",raw/japansearch_results.json,portals_world
2026-09-24,JP,ja,Japan Search cross-search API (jpsearch.go.jp/api/item/search/jps-cross),ワニのミイラ,"all Japan Search databases (ColBase/TNM, NDL, university museums, etc.)","0 hits, 0 screened; crocodile mummies: none",raw/japansearch_results.json,portals_world
2026-09-24,JP,ja,Japan Search cross-search API (jpsearch.go.jp/api/item/search/jps-cross),クロコダイル ミイラ,"all Japan Search databases (ColBase/TNM, NDL, university museums, etc.)","55 hits, 55 screened; crocodile mummies: none",raw/japansearch_results.json,portals_world
2026-09-24,JP,ja,Japan Search cross-search API (jpsearch.go.jp/api/item/search/jps-cross),鰐 木乃伊,"all Japan Search databases (ColBase/TNM, NDL, university museums, etc.)","4 hits, 4 screened; crocodile mummies: Tokyo National Museum TJ-2390 '鰐木乃伊'",raw/japansearch_results.json,portals_world
2026-09-24,JP,ja,Japan Search cross-search API (jpsearch.go.jp/api/item/search/jps-cross),動物ミイラ,"all Japan Search databases (ColBase/TNM, NDL, university museums, etc.)","0 hits, 0 screened; crocodile mummies: none",raw/japansearch_results.json,portals_world
2026-09-24,JP,ja,Japan Search cross-search API (jpsearch.go.jp/api/item/search/jps-cross),セベク,"all Japan Search databases (ColBase/TNM, NDL, university museums, etc.)","68 hits, 68 screened; crocodile mummies: none",raw/japansearch_results.json,portals_world
2026-09-24,JP,ja,Japan Search cross-search API (jpsearch.go.jp/api/item/search/jps-cross),ソベク,"all Japan Search databases (ColBase/TNM, NDL, university museums, etc.)","56 hits, 56 screened; crocodile mummies: none",raw/japansearch_results.json,portals_world
2026-09-24,JP,en,Japan Search cross-search API (jpsearch.go.jp/api/item/search/jps-cross),crocodile mummy,"all Japan Search databases (ColBase/TNM, NDL, university museums, etc.)","5756 hits, 1000 screened (paging capped at 1000; english keywords match loosely, top 1000 screened); crocodile mummies: none",raw/japansearch_results.json,portals_world
2026-09-24,JP,en,Japan Search cross-search API (jpsearch.go.jp/api/item/search/jps-cross),mummified crocodile,"all Japan Search databases (ColBase/TNM, NDL, university museums, etc.)","9746 hits, 1000 screened (paging capped at 1000; english keywords match loosely, top 1000 screened); crocodile mummies: none",raw/japansearch_results.json,portals_world
2026-09-24,JP,ja,Japan Search cross-search API (jpsearch.go.jp/api/item/search/jps-cross),エジプト 鰐,"all Japan Search databases (ColBase/TNM, NDL, university museums, etc.)","12 hits, 12 screened; crocodile mummies: Tokyo National Museum TJ-2390 '鰐木乃伊'",raw/japansearch_results.json,portals_world
2026-09-24,JP,ja,Japan Search cross-search API (jpsearch.go.jp/api/item/search/jps-cross),エジプト ワニ,"all Japan Search databases (ColBase/TNM, NDL, university museums, etc.)","52 hits, 52 screened; crocodile mummies: Tokyo National Museum TJ-2390 '鰐木乃伊'",raw/japansearch_results.json,portals_world
2026-09-24,JP,ja,Japan Search cross-search API (jpsearch.go.jp/api/item/search/jps-cross),木乃伊,"all Japan Search databases (ColBase/TNM, NDL, university museums, etc.)","453 hits, 453 screened; crocodile mummies: Tokyo National Museum TJ-2390 '鰐木乃伊'",raw/japansearch_results.json,portals_world
2026-09-24,JP,ja,TNM Image Archives (webarchives.tnm.jp/imgsearch/search?q=),鰐木乃伊; TJ-2390; 鰐; ワニ; ミイラ; 木乃伊,Tokyo National Museum,"0 hits for 鰐木乃伊/TJ-2390/ワニ; 鰐: 7 hits (waniguchi gongs, PNG crocodile TK-2804) ; ミイラ: 8 hits (human mummy TJ-1835, etc.); 木乃伊: 2 hits — no crocodile mummy image",first attempts used wrong parameter 'keyword' (ignored),portals_world
2026-09-24,JP,ja,ColBase (colbase.nich.go.jp),collection_items/tnm/TJ-2390,Tokyo National Museum,HTTP 200 but JavaScript-only shell ('Loading...'); ColBase API colbaseapi/v2 returns 403 without x-api-key,used Japan Search republished record,portals_world
2026-09-24,GB,en,"Fitzwilliam Museum data portal (data.fitzmuseum.cam.ac.uk/search/results, operator=AND; object JSON ?format=json)",crocodile mummy,Fitzwilliam Museum,3 hits; crocodile mummies: E.1.1894 Mummified Crocodile; E.70.1911 Fake Mummified Crocodile (pseudo-mummy); other flagged = scarabs/scaraboids with crocodiles,raw/fitz_results.json,portals_world
2026-09-24,GB,en,"Fitzwilliam Museum data portal (data.fitzmuseum.cam.ac.uk/search/results, operator=AND; object JSON ?format=json)",mummified crocodile,Fitzwilliam Museum,2 hits; crocodile mummies: E.1.1894 Mummified Crocodile; E.70.1911 Fake Mummified Crocodile (pseudo-mummy),raw/fitz_results.json,portals_world
2026-09-24,GB,en,"Fitzwilliam Museum data portal (data.fitzmuseum.cam.ac.uk/search/results, operator=AND; object JSON ?format=json)",reptile mummy,Fitzwilliam Museum,3 hits; crocodile mummies: E.1.1894 Mummified Crocodile; E.70.1911 Fake Mummified Crocodile (pseudo-mummy),raw/fitz_results.json,portals_world
2026-09-24,GB,en,"Fitzwilliam Museum data portal (data.fitzmuseum.cam.ac.uk/search/results, operator=AND; object JSON ?format=json)",animal mummy,Fitzwilliam Museum,8 hits; crocodile mummies: E.1.1894 Mummified Crocodile; E.70.1911 Fake Mummified Crocodile (pseudo-mummy),raw/fitz_results.json,portals_world
2026-09-24,GB,en,"Fitzwilliam Museum data portal (data.fitzmuseum.cam.ac.uk/search/results, operator=AND; object JSON ?format=json)",crocodile,Fitzwilliam Museum,177 hits; crocodile mummies: E.1.1894 Mummified Crocodile; E.70.1911 Fake Mummified Crocodile (pseudo-mummy),raw/fitz_results.json,portals_world
2026-09-24,GB,en,"Fitzwilliam Museum data portal (data.fitzmuseum.cam.ac.uk/search/results, operator=AND; object JSON ?format=json)",Sobek,Fitzwilliam Museum,12 hits; crocodile mummies: none; other flagged = scarabs/scaraboids with crocodiles,raw/fitz_results.json,portals_world
2026-09-24,GB,en,"Fitzwilliam Museum data portal (data.fitzmuseum.cam.ac.uk/search/results, operator=AND; object JSON ?format=json)",crocodile egg,Fitzwilliam Museum,1 hits; crocodile mummies: none,raw/fitz_results.json,portals_world
2026-09-24,GB,en,"Fitzwilliam Museum data portal (data.fitzmuseum.cam.ac.uk/search/results, operator=AND; object JSON ?format=json)",Kom Ombo,Fitzwilliam Museum,1 hits; crocodile mummies: none,raw/fitz_results.json,portals_world
2026-09-24,US,en,"Yale LUX Linked Art API (lux.collections.yale.edu/api/search/item, empty User-Agent + Accept: application/json)",crocodile mummy,"Yale University collections (Peabody, YUAG, libraries)",11 hits; 2 object records text-flagged crocodile+mummy — NOT VERIFIED (sweep stopped before save on orchestrator wrap-up),resume with scripts/lux_sweep.py,portals_world
2026-09-24,US,en,Yale LUX Linked Art API,mummified crocodile,Yale University collections,9 hits; 9 text-flagged crocodile+mummy — NOT VERIFIED,resume with scripts/lux_sweep.py,portals_world
2026-09-24,US,en,Yale LUX Linked Art API,Sobek,Yale University collections,27 hits; 0 crocodile-mummy flags,not saved,portals_world
2026-09-24,US,en,Smithsonian Open Access API (DEMO_KEY),"crocodile AND unit_code:NMNHANTHRO (pass 2, first of 12 queued)",Smithsonian Institution,"HTTP 429 again (DEMO_KEY ~10 req/hour); pass 2 stopped at wrap-up, 0 queries completed",NMNH anth/herps covered via NMNH backend instead,portals_world
2026-09-24,IL,English,WebSearch,Israel Museum Jerusalem crocodile mummy,"Israel Museum, Jerusalem",0 crocodile hits; results about Akhmim priest mummy (on loan from Pontifical Biblical Institute) and an ibis coffin gift; no crocodile mummy mentioned,candidate-only snippets,rest_of_world
2026-09-24,IN,English,WebSearch,Indian Museum Kolkata crocodile mummy Egyptian gallery,"Indian Museum, Kolkata",0 crocodile mummy hits; Egypt Gallery page found (indianmuseumkolkata.org/gallery/egypt-gallery/); crocodile stomach-contents exhibit (not mummy),UNKNOWN,rest_of_world
2026-09-24,ZA,English,WebSearch,Iziko South African Museum crocodile mummy,Iziko South African Museum,0 relevant hits (only general museum pages),UNKNOWN,rest_of_world
2026-09-24,BR,Portuguese,WebSearch,Museu Nacional Rio de Janeiro múmia de crocodilo,Museu Nacional (UFRJ),snippet: official page museunacional.ufrj.br/dir/exposicoes/arqueologia/egito-antigo/mumias.html says small collection of animal mummies incl. crocodile hatchlings (filhotes de crocodilo); need to open,search snippet only,rest_of_world
2026-09-24,BR,Portuguese,curl / WebFetch,https://museunacional.ufrj.br/dir/exposicoes/arqueologia/egito-antigo/mumias.html,Museu Nacional (UFRJ),"BLOCKED: curl TLS failure (server sends incomplete certificate chain, Let's Encrypt YR2 intermediate missing); WebFetch HTTP 503",page could not be opened in this session,rest_of_world
2026-09-24,AE,English,WebSearch,Louvre Abu Dhabi crocodile mummy,Louvre Abu Dhabi,"0 crocodile hits (Henuttawy sarcophagus, Fayum portrait only)",UNKNOWN,rest_of_world
2026-09-24,IN,English,WebFetch,https://indianmuseumkolkata.org/gallery/egypt-gallery/,"Indian Museum, Kolkata",page mentions only 'Egyptian Mummy exhibited along with a mummified hand'; no crocodile/animal mummies,UNKNOWN,rest_of_world
2026-09-24,IN,English,WebSearch,"""crocodile"" mummy museum India Egyptian collection Baroda OR Hyderabad OR Mumbai OR Chennai",Indian museums (general),"0 crocodile mummy hits; human mummies at Baroda, Hyderabad, CSMVS Mumbai, Lucknow, Jaipur, Kolkata",popular/travel sources only,rest_of_world
2026-09-24,AR,Spanish,WebSearch,Museo de La Plata momia de cocodrilo egipcia,Museo de La Plata,"0 crocodile mummy hits for La Plata; snippet pointed to a juvenile crocodile mummy in Museo Nacional de Historia Natural, Santiago (Chile)",UNKNOWN,rest_of_world
2026-09-24,AR,Spanish,WebFetch + PyMuPDF text extraction,Santos et al. 2012 'Las momias egipcias del Museo de La Plata' (ri.conicet.gov.ar PDF) grep cocodril|crocod|animal|ibis|gato,Museo de La Plata,only 3 human mummies discussed; 'cocodrilos' appears only in discussion of drowning/defective mummies; no animal mummies,UNKNOWN,rest_of_world
2026-09-24,CL,Spanish,WebSearch,Museo Nacional de Historia Natural Chile cocodrilo momificado colección egipcia,"Museo Nacional de Historia Natural, Santiago",hits: Boletín MNHN article (González et al. 2009) and MNHN news pages mentioning a mummified young crocodile Nº 2335 from 'caverna de Maabda',UNKNOWN,rest_of_world
2026-09-24,CL,Spanish,curl + PyMuPDF,https://publicaciones.mnhn.gob.cl/668/articles-64574_archivo_01.pdf grep cocodril|Maabda|2335,"Museo Nacional de Historia Natural, Santiago","1 crocodile mummy: 'cocodrilo nuevo momificado de la caverna de Maabda' (Nº 2335), complete juvenile wrapped in textile, figs 11-12",UNKNOWN,rest_of_world
2026-09-24,CL,Spanish,WebFetch + curl,https://www.mnhn.gob.cl/noticias/momias-egipcias-del-mnhn-una-ventana-directa-al-estudio-del-pasado,"Museo Nacional de Historia Natural, Santiago",official news 2016-04-28: X-rayed 'una cría de cocodrilo momificada que también forma parte de la colección egipcia del MNHN',verbatim confirmed by curl,rest_of_world
2026-09-24,CL,Spanish,SURDOC (surdoc.cl/colecciones),cocodrilo; momia animal; egipto,Chilean public museums (SURDOC portal),0 crocodile mummy records; hits were textiles/artworks in other museums; MNHN Egyptian collection not found in SURDOC results,UNKNOWN,rest_of_world
2026-09-24,BR,Portuguese,WebSearch,Museu Nacional coleção egípcia múmias de animais crocodilo Brancaglion,Museu Nacional (UFRJ),"hits: Santos & Locks 'Temples, Crocodiles and Mummies' (academia.edu), JBR 2005 article, Museu Egípcio Rosacruz blog page on crocodile god",UNKNOWN,rest_of_world
2026-09-24,BR,Portuguese,WebSearch,"""crocodilo"" múmia ""Museu Nacional"" filhotes de crocodilo íbis gato peixe",Museu Nacional (UFRJ),0 relevant; news on foreign crocodile mummy studies,UNKNOWN,rest_of_world
2026-09-24,BR,Portuguese,WebFetch,https://museuegipcioerosacruz.org.br/o-crocodilo-como-divindade-no-egito-antigo/,"Museu Egípcio e Rosacruz, Curitiba",no statement of a crocodile mummy in the museum; general article on Sobek (2016),UNKNOWN,rest_of_world
2026-09-24,BR,Portuguese,WebFetch,https://antigoegito.org/no-brasil-museus/,Brazilian museums with Egyptian collections (list),"8 Brazilian institutions listed (Eva Klabin, Mariano Procópio, MAE-USP, MASP, Museu 25 de Julho, Museu Egípcio e Rosacruz, Museu Nacional, Museu Paulista); no crocodile mentions",secondary list,rest_of_world
2026-09-24,BR,English,WebSearch,"Kitchen Beltrão ""Catalogue of the Egyptian Collection in the National Museum, Rio de Janeiro"" crocodile mummy",Museu Nacional (UFRJ),Santos & Locks paper; SESHAT UFRJ pages; JBR 2005 PDF,UNKNOWN,rest_of_world
2026-09-24,BR,English,curl + PyMuPDF,https://www.pagepressjournals.org/jbr/article/download/10125/9552/54703 grep crocod|animal|Havana,Museu Nacional (UFRJ),generic 'human and animal mummies'; no crocodile; mentions National Museum of Havana Egyptian collection,UNKNOWN,rest_of_world
2026-09-24,BR,English,WebFetch,https://seshat.museunacional.ufrj.br/egyptian-collection/,Museu Nacional (UFRJ),only 'several mummies (both human and animal)',UNKNOWN,rest_of_world
2026-09-24,BR,Portuguese,WebFetch / curl,academia.edu 1134343 Temples Crocodiles and Mummies,Museu Nacional (UFRJ),403 (Cloudflare challenge),obtained full text via author reprint on static.recantodasletras.com.br/arquivos/2479979.pdf linked from museuarqueologico.blogspot.com,rest_of_world
2026-09-24,BR,Portuguese,curl + PyMuPDF,http://static.recantodasletras.com.br/arquivos/2479979.pdf (Santos & Locks 2005),Museu Nacional (UFRJ),"10 crocodile hatchling mummy records: Nº 234, 268, 269, 270, 271, 272, 273, 274 (fragments), 275, 277 with lengths and descriptions",UNKNOWN,rest_of_world
2026-09-24,BR,Portuguese,WebSearch,Museu Nacional incêndio 2018 coleção egípcia resgate múmias de animais crocodilos,Museu Nacional (UFRJ),news on ~200 of 700 Egyptian items rescued (Agência Brasil 2019); no statement on crocodile mummies' fate,UNKNOWN,rest_of_world
2026-09-24,BR,Portuguese,WebFetch,https://cienciahoje.org.br/artigo/sobreviventes-do-fogo/,Museu Nacional (UFRJ),"paywalled; excerpt mentions 4 complete mummified individuals on display, no animal details",UNKNOWN,rest_of_world
2026-09-24,BR,Portuguese,WebFetch,https://www.museunacional.ufrj.br/dir/exposicoes/arqueologia/egito-antigo/mumias.html,Museu Nacional (UFRJ),503; curl TLS incomplete chain,blocked,rest_of_world
2026-09-24,CU,Spanish,WebSearch,Museo Nacional de Bellas Artes La Habana colección egipcia momia cocodrilo,"Museo Nacional de Bellas Artes, La Habana",0 crocodile hits; official page bellasartes.co.cu/exposicion/egipto (112 pieces),UNKNOWN,rest_of_world
2026-09-24,CU,Spanish,WebFetch,https://www.bellasartes.co.cu/exposicion/egipto,"Museo Nacional de Bellas Artes, La Habana",DNS failure (EAI_AGAIN),blocked/unavailable,rest_of_world
2026-09-24,CU,Spanish,WebSearch,Museo Bacardí Santiago de Cuba colección egipcia momia cocodrilo,Museo Provincial Emilio Bacardí Moreau,snippets: five mummified animals incl. crocodile; scholarly article TdE 11 (2020) found,UNKNOWN,rest_of_world
2026-09-24,CU,Spanish,WebFetch + PyMuPDF,TdE_11_(2020)_09.pdf grep cocodril|animal|ibis|halc,Museo Provincial Emilio Bacardí Moreau,"p.145: 1912 acquisition of human mummy and animal mummies 'una cría de cocodrilo, un gato, un halcón y un ibis'",curl timed out; WebFetch saved the PDF,rest_of_world
2026-09-24,CU,Spanish,WebSearch,"""Cuban Mummy Project"" Heidelberg Bacardí animal mummies crocodile",Museo Provincial Emilio Bacardí Moreau,Cuba Arqueológica 2021 article found,UNKNOWN,rest_of_world
2026-09-24,CU,Spanish,WebFetch,https://oncubanews.com/.../el-increible-viaje-de-la-momia-egipcia-del-museo-emilio-bacardi/,Museo Provincial Emilio Bacardí Moreau,"news 2024: 'una mano, un sapo, un gato, un ibis, un halcón y un cocodrilo ... todos momificados'",candidate-only,rest_of_world
2026-09-24,CU,Spanish,curl + PyMuPDF,https://cubaarqueologica.com/wp-content/uploads/2024/02/ra14n1-04.pdf grep cocodril|animal|Bellas Artes,Museo Bacardí; MNBA La Habana,Egyptian animal mummies in Bacardí deposits (no species list); Havana MNBA: TT192 coffin+cartonnage (no animal mummies mentioned),UNKNOWN,rest_of_world
2026-09-24,CU,Spanish,WebFetch,https://egiptologia.com/cuban-mummy-project-una-colaboracion-hispano-cubana/,Cuban collections,"bot-verification page, no content",UNKNOWN,rest_of_world
2026-09-24,CL,Spanish,WebFetch,https://egiptologia.cl/colecciones-egipcias-en-chile/,Chilean Egyptian collections,2 institutions: MNHN Santiago (crocodile hatchling) and Museo de Hualpén (Parque Pedro del Río Zañartu); no other crocodile,UNKNOWN,rest_of_world
2026-09-24,CU,Spanish,WebSearch,"""cocodrilo momificado"" museo egipcio colección Argentina OR México OR Cuba OR Uruguay OR Brasil",Latin America (general),YouTube 'Tras la Lupa del Museo - Cocodrilo egipcio momificado' (MNHN Chile program); Museo Bacardí; no others,UNKNOWN,rest_of_world
2026-09-24,AR,Spanish,WebSearch,Museo Etnográfico Ambrosetti colección egipcia momia animal cocodrilo,Museo Etnográfico J. B. Ambrosetti,Marchegiani et al. 2020 article found; equiponaya page (Andean mummies only),UNKNOWN,rest_of_world
2026-09-24,AR,Spanish,curl + PyMuPDF,revistascientificas.filo.uba.ar/.../8747/7602 grep cocodril|crocod|animal|ibis|halc|gato,Museo Etnográfico J. B. Ambrosetti,2 animal mummies: cat-shaped and falcon-shaped bundles (lote 1896/3552); 0 crocodile,UNKNOWN,rest_of_world
2026-09-24,AR,Spanish,WebFetch / curl,https://www.bellasartes.gob.ar/exhibiciones/egipto/,"Museo Nacional de Bellas Artes, Buenos Aires",403 both,UNKNOWN,rest_of_world
2026-09-24,AR,Spanish,WebSearch + WebFetch,"""Ciencia y fantasía"" Egiptología egiptofilia Argentina Bellas Artes momia cocodrilo OR ""momias de animales""; lanacion.com.ar article",Argentine collections (exhibition 2025),0 crocodile/animal mummy mentions; lenders named: Museo de La Plata,UNKNOWN,rest_of_world
2026-09-24,VE,Spanish,WebSearch,Museo de Bellas Artes Caracas colección egipcia momia cocodrilo,"Museo de Bellas Artes, Caracas",0 crocodile hits; 45 Egyptian pieces purchased 1958 from the Metropolitan Museum of Art,UNKNOWN,rest_of_world
2026-09-24,CU,Spanish,WebSearch,"""Bellas Artes"" Habana sala Egipto momia animal ""cocodrilo"" OR ""ibis"" OR ""gato momificado""","Museo Nacional de Bellas Artes, La Habana",0 relevant hits,UNKNOWN,rest_of_world
2026-09-24,CU,Spanish,curl,https://www.bellasartes.co.cu/exposicion/egipto,"Museo Nacional de Bellas Artes, La Habana",CONNECT tunnel failed 502,unreachable,rest_of_world
2026-09-24,MX,Spanish,WebSearch,Museo Nacional de las Culturas del Mundo México colección egipcia momia cocodrilo,Museo Nacional de las Culturas del Mundo,0 crocodile hits; general museum pages,UNKNOWN,rest_of_world
2026-09-24,MX,Spanish,curl / WebFetch,"mediateca.inah.gob.mx islandora search 'momia cocodrilo', 'cocodrilo egipto', 'momia animal egipto'",INAH museums,connection reset / redirect to repositorio.inah.gob.mx (unreachable),blocked,rest_of_world
2026-09-24,MX,Spanish,WebFetch,https://egiptologia.com/directories/museo-nacional-de-las-culturas-del-mundo-coleccion-egipcia/,Museo Nacional de las Culturas del Mundo,no mention of mummies or crocodile,UNKNOWN,rest_of_world
2026-09-24,MX,Spanish,WebSearch,Gerardo Taber colección egipcia Museo Nacional de las Culturas momias animales,Museo Nacional de las Culturas del Mundo,collection c. 150 pieces; Nierika article found; no animal mummies mentioned,UNKNOWN,rest_of_world
2026-09-24,MX,Spanish,WebSearch,"""momia de cocodrilo"" México museo",Mexican museums,0 relevant (Museo del Cocodrilo Chiapas = live crocodiles; Guanajuato human mummies),UNKNOWN,rest_of_world
2026-09-24,MX,Spanish,WebFetch,https://nierika.ibero.mx/index.php/nierika/article/view/862,Mexican Egyptian collections,timeout (curl and WebFetch),UNKNOWN,rest_of_world
2026-09-24,MX,Spanish,WebFetch (blog search),kemetenanahuac.wordpress.com ?s=cocodrilo ; ?s=momia,Mexican Egyptian collections,0 posts both,"curator's personal blog, candidate-only",rest_of_world
2026-09-24,IL,English,curl / WebFetch,https://www.imj.org.il/en/collections?search_api_fulltext=crocodile,"Israel Museum, Jerusalem",JS bot-challenge page (curl); WebFetch returned empty content,collection DB not accessible,rest_of_world
2026-09-24,IL,English,WebFetch,https://www.imj.org.il/en/exhibitions/mummy-jerusalem,"Israel Museum, Jerusalem",exhibition objects: Akhmim priest mummy in coffin (from Pontifical Biblical Institute) and a coffin with embalmed ibis (gift of Sadat 1979); no crocodile,UNKNOWN,rest_of_world
2026-09-24,IL,Hebrew,WebSearch,מומיה של תנין מוזיאון,Israeli museums,"0 crocodile mummy hits (IMJ audio guide 'המומיה', Biblical Natural History Museum models)",UNKNOWN,rest_of_world
2026-09-24,IL,Hebrew,WebSearch,תנין חנוט מצרי מוזיאון ישראל,Israeli museums,NOT PERFORMED: session WebSearch budget exhausted (200/200),From here on only direct fetches of institutional sites / DBs and scholarly APIs were possible,rest_of_world
2026-09-24,IL,English,WebSearch,Hecht Museum Haifa Egyptian collection animal mummy crocodile,Hecht Museum,NOT PERFORMED: WebSearch budget exhausted,UNKNOWN,rest_of_world
2026-09-24,IL,English,WebSearch,Steinhardt Museum of Natural History Tel Aviv crocodile mummy Egyptian,Steinhardt Museum of Natural History,NOT PERFORMED: WebSearch budget exhausted,UNKNOWN,rest_of_world
2026-09-24,IN,English,"Museums of India national portal JSON search (museumsofindia.gov.in/repository/search/basic/fetch), script scripts/moi_search.py","crocodile (all 232 results paginated, filtered for mumm|egypt|embalm|nile)",National Museum New Delhi; Indian Museum Kolkata; Salar Jung Museum; Allahabad Museum; Victoria Memorial; NGMA; ASI site museums,"232 hits, 0 mummies: all terracotta/stone/wood crocodile models and makara figures (NM Delhi 93, Allahabad 56, Indian Museum 33, Salar Jung 31)",UNKNOWN,rest_of_world
2026-09-24,IN,English,Museums of India national portal JSON search,mummy; mummified,same portal museums,mummy: 3 hits (Indian Museum human mummy Et-1A-10388; 'Necklace of mummy' A21753; NM Delhi terracotta model of mummy); mummified: 0,UNKNOWN,rest_of_world
2026-09-24,IN,English,Museums of India national portal JSON search,Egyptian (250 hits); Egypt (453 hits) filtered crocod|mumm|embalm|anim|ibis|cat|falcon,same portal museums,"no animal/crocodile mummies; Egyptian-style decorative arts (Salar Jung), Indian Museum human mummy",UNKNOWN,rest_of_world
2026-09-24,IN,English,Museums of India national portal JSON search,Sobek; animal mummy,same portal museums,0 hits each,UNKNOWN,rest_of_world
2026-09-24,UNKNOWN,English,OpenAlex API,crocodile mummy / mummified crocodile / crocodile mummies,literature,BLOCKED: OpenAlex free daily budget for this IP exhausted (rate limit),UNKNOWN,rest_of_world
2026-09-24,UNKNOWN,English,Crossref API (scripts/crossref_search.py),"crocodile mummy; mummified crocodile museum; crocodile mummies CT scan museum collection (top 150 each, title filter crocod|sobek|animal mumm)",literature,"no publication on holdings in assigned region; out-of-scope hits: Topkapı Palace crocodile (Diker 2019), National Museum of Lithuania (Piombino-Mascali et al. 2024), Kyiv-Pechersk Lavra (Yanish et al. 2025), Norwich Castle, Akoris niches",UNKNOWN,rest_of_world
2026-09-24,UNKNOWN,English,GBIF occurrence API,q=mummy|mummified|mumie|momie (taxonKey Crocodylia 11493978); mummia/momia: connection reset,natural history collections worldwide,"mummified: 6 hits (NHMUK 1977.448 C. niloticus; UWBM Herp 7021, 7023; CM S9989; QM J2788; MVZ 128999) - none in assigned region; most look like dried modern carcasses",UNKNOWN,rest_of_world
2026-09-24,IL,English,WebFetch site search,https://www.blmj.org/?s=crocodile,Bible Lands Museum Jerusalem,0 results,UNKNOWN,rest_of_world
2026-09-24,IL,English,WebFetch,https://mushecht.haifa.ac.il/,"Hecht Museum, Haifa","no Egyptian collection described (Phoenician, ship, crafts)",UNKNOWN,rest_of_world
2026-09-24,IL,English,WebFetch,https://smnh.tau.ac.il/en/ ; https://smnh.tau.ac.il/en/research/collections-database/,"Steinhardt Museum of Natural History, Tel Aviv University",no mention of Egypt/mummy/crocodile; collections DB requires login,UNKNOWN,rest_of_world
2026-09-24,ZA,English,WebFetch site search,https://www.iziko.org.za/?s=mummy ; https://www.iziko.org.za/?s=crocodile,Iziko Museums of South Africa,"mummy: 1 page (Ancient and Classical Cultures) + link to egyptinsouthafrica.iziko.org.za; crocodile: 4 natural-history pages, no mummy",UNKNOWN,rest_of_world
2026-09-24,ZA,English,curl,"egyptinsouthafrica.iziko.org.za: home, mummifiedobjects, artifactsarrivinginsa, egyptianartifactsatiziko, resources, egyptologists-south-african-connections, containingantiquities",Iziko Museums of South Africa,"5 animal mummies (birds, kitten, fake), no crocodile; other SA holders named: Albany Museum, Durban Natural Science Museum, National Museum of Cultural History Pretoria",UNKNOWN,rest_of_world
2026-09-24,ZA,English,curl + PyMuPDF,Akroterion 57 (2012) 09cormumfin.pdf grep crocod|Albany|Durban|Pretoria|Ditsong|Natal,Iziko Museums of South Africa,0 crocodile; no other SA museum named,UNKNOWN,rest_of_world
2026-09-24,ZA,English,curl,http://blogs.sun.ac.za/as/2013/08/23/animal-mummy-project-presents-poster-in-rio-de-janeiro/,South African Animal Mummy Project (Stellenbosch),404,UNKNOWN,rest_of_world
2026-09-24,ZA,English,site searches (curl/WebFetch),ditsong.org.za ?s=mummy/egypt/egyptian/crocodile; albanymuseum.org.za ?s=egypt/mummy; nmsa.org.za ?s=mummy/egypt/crocodile; durban.gov.za natural-science-museum page,Ditsong NMCH; Albany Museum; KwaZulu-Natal Museum; Durban Natural Science Museum,0 crocodile/animal mummy hits; Durban page 503,UNKNOWN,rest_of_world
2026-09-24,IT,it,"collezioni.museoegizio.it (Museo Egizio Torino online collection, search?action=s)",description=coccodrillo,"Museo Egizio, Torino","35 hits: 12 'Mummia di coccodrillo' (Cat. 2351/01, 2351/02, 2353/10, 2353/11; Provv. 1443, 1444, 1447, 1458/n.8, 1458/n.9, 1458/n.12, 1461/n.16, 1462) + S. 9483/02 'Scheletro di coccodrillo' (class Mummia animale); rest amulets/statuettes/stelae",script scripts/museoegizio_search.py,southern_europe
2026-09-24,IT,it,collezioni.museoegizio.it,description=coccodrilli,"Museo Egizio, Torino","35 hits, same set as 'coccodrillo'",UNKNOWN,southern_europe
2026-09-24,IT,it,collezioni.museoegizio.it,title=Mummia animale,"Museo Egizio, Torino",209 hits (animal mummies + containers); crocodile items = the same 13 as above; no crocodile coffins; list saved raw/museoegizio_title_mummia_animale.txt,UNKNOWN,southern_europe
2026-09-24,IT,en,collezioni.museoegizio.it,description=crocodile,"Museo Egizio, Torino",0 hits (search is on Italian text),UNKNOWN,southern_europe
2026-09-24,IT,it,collezioni.museoegizio.it,description=Sobek,"Museo Egizio, Torino","10 hits, none mummies (statues, stelae, coffin of Ini)",UNKNOWN,southern_europe
2026-09-24,IT,la,collezioni.museoegizio.it,description=Crocodylus,"Museo Egizio, Torino",0 hits,UNKNOWN,southern_europe
2026-09-24,IT,it,collezioni.museoegizio.it,description=Falsa mummia; title=Sarcofago di mummia animale,"Museo Egizio, Torino","7 falsa mummia hits (Cat. 2247-2249; not described as crocodile); 47 animal-mummy coffins, none for crocodile",UNKNOWN,southern_europe
2026-09-24,IT,it,collezioni.museoegizio.it,provenance=Kom Ombo / Fayyum / Tebtynis / Medinet Madi,"Museo Egizio, Torino","Kom Ombo 0; Fayyum 0; Tebtynis 71 (inlays, vases, statue; no mummies); Medinet Madi 0",UNKNOWN,southern_europe
2026-09-24,IT,it,collezioni.museoegizio.it detail pages,"13 crocodile detail pages + Provv. 6125/01, 6125/15 (it-IT and en-GB)","Museo Egizio, Torino","fields extracted to raw/museoegizio_croc_details_it.jsonl; Provv. 6125/15 = birds, rodents, frogs, cat (no crocodile)",UNKNOWN,southern_europe
2026-09-24,IT,en,WebSearch,"""The animal mummies of the Museo Egizio"" Ikram Aicardi Facchetti crocodile","Museo Egizio, Torino",found full PDF of monograph on shop.museoegizio.it (466 pp.); crocodile chapter 8.12 cat. Nos. 149-163 (15 entries),UNKNOWN,southern_europe
2026-09-24,IT,it,"Lombardia Beni Culturali (reperti-archeologici search, intestazione)",intestazione=coccodrillo,Civico Museo Archeologico di Milano,"3 hits, all bronze crocodile amulets/statuettes (G0350-00199, G0350-00327, G0350-00273); no mummies",site omits intermediate cert; fetched with CA bundle + GlobalSign AlphaSSL 2025 intermediate from secure.globalsign.com,southern_europe
2026-09-24,IT,it,Lombardia Beni Culturali,intestazione=mummia; intestazione=mummia animale; intestazione=Sobek; zoologia intestazione=coccodrillo / Crocodylus,UNKNOWN,0 hits each,UNKNOWN,southern_europe
2026-09-24,IT,it,Lombardia Beni Culturali site search,q=coccodrillo,UNKNOWN,"18 hits: 12 photos, 2 prints, 1 painting, 3 archaeological bronzes (Milan CMA); no mummies",UNKNOWN,southern_europe
2026-09-24,IT,it,museoarcheologicomilano.it / milanocastello.it,Egyptian collection pages (curl + WebFetch),Civico Museo Archeologico di Milano / Castello Sforzesco Sezione Egizia,403 blocked (both WebFetch and curl),UNKNOWN,southern_europe
2026-09-24,IT,it,WebSearch,mummia di coccodrillo Castello Sforzesco Museo Egizio Milano,UNKNOWN,no crocodile mummy evidence for Milan; general pages only,UNKNOWN,southern_europe
2026-09-24,IT,en,WebSearch,"""0.9.41359"" OR ""E 0.9.41359"" crocodile Milan",UNKNOWN,0 relevant,UNKNOWN,southern_europe
2026-09-24,IT,it,WebSearch + WebFetch mediterraneoantico.it,Medinet Madi coccodrilli mummificati Vogliano Università di Milano,UNKNOWN,exhibition 'Milano in Egitto' at Museo Archeologico Milano; Medinet Madi temple finds at CMA Milano; no crocodile mummy mention,UNKNOWN,southern_europe
2026-09-24,IT,it,WebSearch,"""mummia di coccodrillo"" museo",UNKNOWN,leads: PatER Modena Museo Civico (id_card=229798); Venice MSN MSNVE-6864; MAF Firenze blog tag coccodrillo; Naples Centro Musei Scienze Naturali (2 heads from El-Maabdeh),UNKNOWN,southern_europe
2026-09-24,IT,it,"catalogo.beniculturali.it (Catalogo generale dei Beni Culturali, ICCD) HTML search",mummia coccodrillo; coccodrillo; coccodrilli; mummia; mummia animale,UNKNOWN,"'mummia coccodrillo' 0; 'coccodrillo' 2122 (1916 paleontology, 28 archaeological, 4 zoology); 'mummia' 78 (no animal mummies); 'mummia animale' 1 (Inca textile); 'coccodrilli' 39 (photos etc.)",script scripts/cgbc_search.py,southern_europe
2026-09-24,IT,it,catalogo.beniculturali.it,"coccodrillo, typology=Reperti archeologici (28) and typology=Beni naturalistici-Zoologia (4)",UNKNOWN,"28 archaeological = coins, lamps, amulets, statuettes, balsamarium; 4 zoology = taxidermy specimens (Bologna Palazzo Poggi 0800688426/27, 3.80 m 'imbalsamazione'; 1300288066; 1600302460). No mummies",UNKNOWN,southern_europe
2026-09-24,IT,it,PatER bbcc.regione.emilia-romagna.it,"loadcard.do?id_card=229798 (curl, WebFetch, printcard, ibc host)",Museo Civico di Modena,403 Forbidden on all hosts/endpoints (site-level block),UNKNOWN,southern_europe
2026-09-24,IT,it,WebSearch,Museo Civico Modena mummia coccodrillo Santoni collezione egizia; bbcc.regione.emilia-romagna.it pater coccodrillo mummia,Museo Civico di Modena,official PDF + Comune press releases confirm 3 small embalmed crocodiles from el-Maabda (Tacchini/Santoni 1882); PatER cards 229798 and 229629 found by search only,UNKNOWN,southern_europe
2026-09-24,IT,it,WebSearch + curl visitmuve.it + msn.visitmuve.it PDF,"""MSNVE-6864"" coccodrillo mummia Miani; Bollettino Museo di Storia Naturale di Venezia Miani mummie coccodrillo Manfalut",Museo di Storia Naturale di Venezia,"2 crocodile mummies MSNVE-6863, 6864 confirmed (MUVE page + Reggiani 2009 PDF); ResearchGate figure page 403",UNKNOWN,southern_europe
2026-09-24,IT,it,"cmsnf.it (curl, WebFetch) + Wayback Machine (archive.org availability API + web.archive.org id_ snapshot via curl)",le-mummie-dellantico-egitto page,Museo Zoologico CMSNF Napoli,"live 520/401; Wayback 2022 snapshot: 2 mummified Nile crocodile heads from El-Maabdeh, Panceri 1873-74, vetrina 7",UNKNOWN,southern_europe
2026-09-24,IT,it,WebSearch,Napoli Museo di Antropologia Federico II teste di coccodrillo mummificate El-Maabdeh spedizione 1873,Centro Musei Scienze Naturali Napoli,confirms 2 heads (secondary summaries); no inventory numbers,UNKNOWN,southern_europe
2026-09-24,IT,it,museocivicomodena.it PDF (pymupdf text + page render),mae3-egitto-insegnanti.pdf,Museo Civico di Modena,"text + photo p.4 of 3 small crocodiles (2 wrapped with old labels '72'/'78', 1 unwrapped)",UNKNOWN,southern_europe
2026-09-24,IT,it,museoarcheologiconazionaledifirenze.wordpress.com (MAF official blog) tag/coccodrillo,tag coccodrillo,Museo Archeologico Nazionale di Firenze,1 post 'Le mummie animali del MAF' (65 animal mummies; crocodile photo credited to Pisa thesis),UNKNOWN,southern_europe
2026-09-24,IT,it,etd.adm.unipi.it (Pisa ETD) PDF,Tezzele 2014 thesis (text extracted),Museo Archeologico Nazionale di Firenze,"12 crocodile mummies Cat. 15-26, inv. 2647-2653, 14294-14298, with X-ray results",UNKNOWN,southern_europe
2026-09-24,VA,it,catalogo.museivaticani.va (CollectiveAccess) + museivaticani.va site search,coccodrillo; mummie animali; mummia coccodrillo,Musei Vaticani,catalogue timeout; site search 0/2/0 hits; no crocodile mummy evidence,UNKNOWN,southern_europe
2026-09-24,ES,es,CERES ceres.mcu.es,record MAN 15123 (GET) ; simple search 'momia cocodrilo' (POST),Museo Arqueológico Nacional,record fetched OK; simple search returned 429 Too Many Requests,UNKNOWN,southern_europe
2026-09-24,ES,it;es;pt;ca,"Europeana Search API (wskey api2demo), no country filter",mummia coccodrillo | coccodrillo mummificato | momia cocodrilo | cocodrilo momificado | múmia crocodilo | crocodilo mumificado | mòmia cocodril,UNKNOWN,2 / 0 / 3 / 0 / 0 / 0 / 0 hits; only relevant: MAN Madrid 15123 'Momia de cocodrilo' (others: Pisa print of Osiris on crocodile; MAN bandage 2001/101/1 and statuette),script scripts/europeana.py; covers IT/ES/PT providers,southern_europe
2026-09-24,IT,it,Europeana API qf=COUNTRY:Italy,coccodrillo (262); mummia animale (1); mummia (48); Crocodylus niloticus (0),UNKNOWN,no crocodile mummies among Italian providers' records (first 100 rows checked for mummy terms),UNKNOWN,southern_europe
2026-09-24,ES,es,Europeana API qf=COUNTRY:Spain,"cocodrilo (230); momia animal (11); momia (214, first 100); Crocodylus niloticus (4)",UNKNOWN,"only crocodile mummy = MAN 15123; MAN also has ibis (15105, 1873/22/1) and falcon (15213) mummies",UNKNOWN,southern_europe
2026-09-24,PT,pt,Europeana API qf=COUNTRY:Portugal,crocodilo (7); múmia (2); Crocodylus niloticus (0),UNKNOWN,no mummy hits,UNKNOWN,southern_europe
2026-09-24,MT,en,Europeana API qf=COUNTRY:Malta,crocodile,UNKNOWN,0 hits,UNKNOWN,southern_europe
2026-09-24,US,English,WebSearch,Tebtunis crocodile mummies Hearst Museum Grenfell Hunt papyri,Hearst Museum; Bancroft Library,"9 hits: Berkeley Library history page, Berkeley News 2021 (19 crocodile mummies and parts at Hearst)",UNKNOWN,toponyms
2026-09-24,US,English,WebSearch,Tebtunis crocodile mummy museum collection,Hearst Museum,"9 hits: Berkeley news, Met 570752 (sacred animal mummy of crocodile)",Met lead for usa_northeast,toponyms
2026-09-24,US,English,WebFetch news.berkeley.edu/2021/03/02/crocodile-mummies/,crocodile mummies,Hearst Museum,19 crocodile mummies and mummy parts; 5-513 adult with 30 babies,UNKNOWN,toponyms
2026-09-24,US,English,WebSearch,"""Hearst Museum"" crocodile mummy Tebtunis ""5-513""",Hearst Museum,"portal record links for 6-20100, 6-21629a-d, 6-21629d",UNKNOWN,toponyms
2026-09-24,US,English,Hearst portal Blacklight JSON,"q=crocodile (231 hits, 3 pages)",Hearst Museum,"c. 21 crocodile mummy/fragment records; plus amulets, figures",HTML portal 403 for non-browser UA; JSON OK with browser UA,toponyms
2026-09-24,US,English,Hearst portal Blacklight JSON,q=Crocodylus,Hearst Museum,22 hits; same crocodile mummies plus stone crocodile figure 6-21637,UNKNOWN,toponyms
2026-09-24,US,English,Hearst portal Blacklight JSON,q=reptile mummy,Hearst Museum,"2 hits: 5-590, 5-592 (X-ray: crocodile or lizard)",UNKNOWN,toponyms
2026-09-24,US,English,Hearst portal Blacklight JSON,q=Tebtunis mummy,Hearst Museum,57 hits: crocodile mummies as above; snake mummies 6-20127/8; human mummies/masks,UNKNOWN,toponyms
2026-09-24,US,English,Hearst portal Blacklight JSON,q=Sobek,Hearst Museum,"10 hits; only glazed crocodile figure 6-20960 relevant, no mummies",UNKNOWN,toponyms
2026-09-24,IT,Italian,WebSearch,Tebtynis mummia di coccodrillo museo Anti Bagnani scavi,Museo Egizio Turin,"hits: Rivista Museo Egizio (Tebtynis sculptures in Turin via Museo Nazionale Romano), Turin Cat_2351_02 crocodile mummy, MSNVE-6864 crocodile mummy (Venice natural history museum, ResearchGate figure), Pinterest MANN Naples crocodile with young","Leads: Venice MSNVE, MANN Naples",toponyms
2026-09-24,FR,French,WebSearch,Tebtynis momies de crocodiles nécropole Gallazzi Hadji-Minaglou,IFAO/Tebtynis mission,"hits: BAEFE Tebtynis 2024 campaign, IFAO Tebtynis page, Revue archéologique 2025; snippet: 5 complete crocodiles + 1 wrapped head from necropolis (kept in Egypt)",UNKNOWN,toponyms
2026-09-24,IT,Italian,Museo Egizio online collection,title=coccodrillo,Museo Egizio Turin,0 hits (title field is controlled),UNKNOWN,toponyms
2026-09-24,IT,Italian,Museo Egizio online collection,description=coccodrillo,Museo Egizio Turin,"35 hits (statues, amulets, papyri + crocodile mummies)",UNKNOWN,toponyms
2026-09-24,IT,Italian,Museo Egizio online collection,description=mummia di coccodrillo,Museo Egizio Turin,"14 hits: 12 crocodile mummies/parts (Cat. 2351/01-02, 2353/10-11, Provv. 1443, 1444, 1447, 1458/n.8, n.9, n.12, 1461/n.16, 1462), bird bundle with croc skin Provv. 1515/03, 1 papyrus; only 2353/10-11 have provenance (Luxor/Tebe ?)",UNKNOWN,toponyms
2026-09-24,FR,English,WebSearch,Kom Ombo crocodile mummies museum Lortet Gaillard Lyon Musée des Confluences,Musée des Confluences,"hits: PLoS 2023 Qubbat al-Hawa, PLoS 2020 Berruyer, JAS 2019 Porcier; Lyon MHNL 90001591 Kom Ombo",UNKNOWN,toponyms
2026-09-24,EG,English,WebSearch,"""Kom Ombo"" crocodile mummy museum collection provenance",Crocodile Museum Kom Ombo; British Museum,"hits: egymonuments.gov.eg Crocodile Museum, tourism sites, History Blog (BM crocodile)",UNKNOWN,toponyms
2026-09-24,UNKNOWN,English,curl journals.plos.org,10.1371/journal.pone.0279137 full text,several,"Full text read: BM EA 38562 (Kom Ombo), Lyon MHNL 90001591 (Kom Ombo), Manchester 1772, Yale Peabody hatchlings, Lyon ~300 crocodile mummies",UNKNOWN,toponyms
2026-09-24,GB,English,curl + WebFetch britishmuseum.org,Y_EA38562,British Museum,403 Cloudflare challenge,UNKNOWN,toponyms
2026-09-24,GB,English,WebSearch,"""Scanning Sobek"" Anderson Antoine crocodile British Museum EA 38562 Kom Ombo",British Museum,"hits: BM IRO repository record, ResearchGate PDF (403), History Blog, BM ITP blog",UNKNOWN,toponyms
2026-09-24,GB,English,BM IRO DSpace API,items/21051da1-... bundles,British Museum,"metadata only, no file",UNKNOWN,toponyms
2026-09-24,FR,English,curl PMC7034907,Berruyer 2020 full text,Musée des Confluences,MHNL 90001850 provenance Esna or Kom Ombo,UNKNOWN,toponyms
2026-09-24,FR,English,WebSearch,"""MHNL 90001591"" crocodile Kom Ombo",Musée des Confluences,"hits: ScienceDirect (403), AUC Fount abstract (OK), CNRS ASM news (503)",UNKNOWN,toponyms
2026-09-24,FR,French,curl collections.museedesconfluences.fr,home page,Musée des Confluences,TLS verification failure via proxy,left for France agent,toponyms
2026-09-24,EG,English,WebFetch + curl egymonuments.gov.eg,Crocodile Museum page,Crocodile Museum Kom Ombo,"WebFetch 503; curl OK: opened 2012, longest 4.30 m, smallest 2 m, fetuses, eyes, teeth; tomb model of Shutb cemetery; brochure PDF /media/8055/crocodile-en-web.pdf",egypt agent already recorded this museum,toponyms
2026-09-24,EG,English,WebSearch,Manfalut crocodile mummies caves Maabdeh travellers museum collection nineteenth century,several,"hits: Nongbri blog (Harris Homers), Aufrère chapter, Macquarie paper, Met 570752, Brooklyn 3124",UNKNOWN,toponyms
2026-09-24,EG,English,WebSearch,"""crocodile"" mummy ""Manfalut"" museum",Brooklyn; Met; Venice MSNVE,"Brooklyn 37.1365E (Manfalut), Met 90.6.115, Venice Miani 1862 Manfalut; fandom wiki result ignored",UNKNOWN,toponyms
2026-09-24,US,English,curl + WebFetch brooklynmuseum.org,opencollection/objects/3124,Brooklyn Museum,429 Too Many Requests (both),retry later,toponyms
2026-09-24,US,English,Met Collection API,objects/570752,The Metropolitan Museum of Art,"90.6.115 crocodile mummy possibly Manfalut, Gift of James Douglas 1890",UNKNOWN,toponyms
2026-09-24,US,English,Met Collection API search,crocodile mummy,The Metropolitan Museum of Art,7 hits: 90.6.115 mummy; 12.182.33 mask (Fayum); rest bracelets/amulets/rope,UNKNOWN,toponyms
2026-09-24,US,English,Met Collection API search,Manfalut,The Metropolitan Museum of Art,2 hits: 90.6.115; 04.2.813 rope from Manfalut crocodile mummy cave,UNKNOWN,toponyms
2026-09-24,US,English,Met Collection API search,Sobek; crocodile; Kom Ombo; Tebtunis; Hawara; Maabda,The Metropolitan Museum of Art,Sobek 24 (statues); crocodile 653 (not screened); Kom Ombo 3 (photos); Tebtunis 0; Hawara 113 (portraits etc.); Maabda 0,UNKNOWN,toponyms
2026-09-24,EG,English,WebFetch brentnongbri.com,Harris Homers and the crocodile pit of Maabdeh,British Museum,BM Harris papyri found in crocodile pit at Ma'abdeh 1849/1854; no crocodile-mummy holdings named,UNKNOWN,toponyms
2026-09-24,FR,French,WebSearch,Samoun grottes crocodiles momies Maabdeh musée collection,MAH Geneva; Institut Calvet; Bohusläns Museum,"hits: MAH Geneva D 0241 'Momie de crocodile', Institut Calvet node 2137, HAL Acolat 2024, egyptophile blog; snippet: Colladon gave crocodile mummies to MAH 1836; Bohusläns Museum 2 Maabdeh mummies",UNKNOWN,toponyms
2026-09-24,FR,French,HAL API,halId_s:hal-04731010 ; crocodile AND momie,HAL,"Acolat 2024 (abstract only); 6 HAL docs incl. Porcier 2019, Berruyer 2020, Hertzog 2023, Anduze 2025 full texts",UNKNOWN,toponyms
2026-09-24,FR,English,HAL PDF,Porcier et al. 2019 full text,Musée des Confluences,"MHNL 90001591 Kom Ombo (el-Shatb?, Lortet 1909), heads MHNL 90001839-41 Kom Ombo, Manchester MM9 1772 provenance unknown, BM EA 38562 Kom Ombo 3.84 m",UNKNOWN,toponyms
2026-09-24,FR,English,HAL PDF,Hertzog et al. 2023 full text,Musée des Confluences,"Lyon has 303 crocodile mummies, most from Esna; skulls 90001840, 90001841",UNKNOWN,toponyms
2026-09-24,FR,English,HAL PDF,Anduze et al. 2025 full text,Musée des Confluences?,crocodile samples An4/An5 (corpus B) - no inventory numbers in text extracted,UNKNOWN,toponyms
2026-09-24,UNKNOWN,English,WebSearch,Petrie Museum crocodile mummy UC Hawara OR Lahun OR Fayum,Petrie Museum,NOT PERFORMED: session WebSearch budget exhausted (200/200),From here on no WebSearch available; used DB/API queries and WebFetch only,toponyms
2026-09-24,UNKNOWN,English,WebSearch,Medinet Madi Narmouthis crocodile mummies eggs hatchlings Vogliano Bresciani museum,UNKNOWN,NOT PERFORMED: WebSearch budget exhausted,UNKNOWN,toponyms
2026-09-24,CH,French,curl + WebFetch mahmah.ch,collection/oeuvres/momie-de-crocodile/d-0241,Musée d'art et d'histoire Genève,bot-mitigation JS redirect; no content,lead to benelux_alpine,toponyms
2026-09-24,FR,French,curl institutcalvet.fr,node/2137 Momie de crocodile,Institut Calvet Avignon,"general text only (Kom Ombo, El-Maabdeh mentioned generically); no provenance for object",France agent has A100,toponyms
2026-09-24,UNKNOWN,English,"Griffith Institute TopBib PDFs pm4.pdf, pm5.pdf, pm6.pdf (full text)",crocodile / crocodile-cemetery / Ma'abda / Samun,Topographical Bibliography,"PM IV: Hawara 'Crocodile-Cemetery' (Dyn. XII tomb chapels, Petrie Kahun pp.14-18); Tebtunis footnote: papyri from crocodile mummy wrappings (Grenfell & Hunt; Spiegelberg Cat. Caire); El-Ma'abda Grotto (scene only). No museum locations of crocodile mummies listed in PM IV-VI (1st ed.)",TopBib 1st ed. does not index animal mummies,toponyms
2026-09-24,GB,English,"UCL Collections Online (simple search, Petrie db)",crocodile mummy,Petrie Museum,"3 hits: UC6985 (crocodile-shaped mummy, Lahun) + 2 bandage fragments",UNKNOWN,toponyms
2026-09-24,GB,English,UCL Axiell wwwopac API (petrie),description=crocodile*,Petrie Museum,"245 hits; animal remains/mummies: UC6984 (not mummified), UC6985, UC6986, UC55008 (Lahun), UC71994, UC71664 (desiccated heads), UC71609 skull, UC28257I teeth (Hawara)",UNKNOWN,toponyms
2026-09-24,GB,English,UCL Axiell wwwopac API (zoology),description=mumm* ; description=Egypt*,UCL Grant Museum of Zoology,2 + 1 hits; no Egyptian crocodile mummy,UNKNOWN,toponyms
2026-09-24,UNKNOWN,English,OpenAlex API,search=crocodile mummy,UNKNOWN,Rate limit exceeded (shared IP budget exhausted),UNKNOWN,toponyms
2026-09-24,UNKNOWN,English/French/German/Italian,Crossref API query.bibliographic,crocodile mummy; crocodile mummies Egypt; mummified crocodile; momies de crocodiles; Krokodilmumien; mummie di coccodrillo; crocodile necropolis Sobek; crocodile cemetery Egypt,several,"relevant: Akoris niches (Orient 2026), Hawara crocodile imaging (CRE 2014), Kyiv crocodile (Archaeologia Lituana 2025), Berruyer thesis DOI, Hekkala 2011/2020, Chudzik 2022, Hawara crocodile bones 2011",UNKNOWN,toponyms
2026-09-24,JP,English,J-STAGE PDF,Shimizu 2026 Orient 61 full text,Graeco-Roman Museum Alexandria; Akoris Chapel E; Cairo,Theadelphia crocodile mummy on litter in Alexandria; Akoris mummies in Chapel E; Abou-Seif 1926 sent Akoris mummies to Cairo,UNKNOWN,toponyms
2026-09-24,GB,English,ORA Oxford,Molcho crocodile (thesis search),University of Oxford ORA,404 / 403,thesis not retrieved,toponyms
2026-09-24,UA,English,journals.vu.lt PDF,Yanish et al. 2025 full text,Kyiv-Pechersk Lavra; Odesa; Dnipro,KPL Arh-826 confirmed; OAM and Dnipro named as holders of Ukraine's 4 crocodile mummies,UNKNOWN,toponyms
2026-09-24,UNKNOWN,English,Artefacts of Excavation static archive (Griffith Institute),"home; excavated-artefacts; excavations-index; 13 season pages (Hawara, Lahun, Medinet el-Faiyum, Gebelein, Bacchis, Karanis, Kasr el-Banat, Theadelphia, Umm el-Baragat, Dimai)",EES/BSAE distribution,Season pages list distribution destinations but no 'crocodile' text; archival distribution documents not read,UNKNOWN,toponyms
2026-09-24,GB,en,WebSearch,Manchester Museum crocodile mummy collection online,Manchester Museum,"Hits: museum collections page, egyptmanchester.wordpress.com blog post 'Investigating Animal Mummies (I): Crocodiles at Hawara'",UNKNOWN,uk_north
2026-09-24,GB,en,museumcollections.manchester.ac.uk (Manchester Museum collection online),https://museumcollections.manchester.ac.uk/search?q=crocodile,Manchester Museum,403 Cloudflare challenge (curl and WebFetch),DB blocked,uk_north
2026-09-24,GB,en,www.museum.manchester.ac.uk site search,https://www.museum.manchester.ac.uk/search?q=crocodile,Manchester Museum,2 hits: exhibition page 'Gifts for the Gods: Animal Mummies Revealed' (mentions mummified crocodiles generically); Koma Land figurines (irrelevant),UNKNOWN,uk_north
2026-09-24,GB,en,WordPress search egyptmanchester.wordpress.com,"crocodil (site search, all pages)",Manchester Museum,10 posts; relevant: 2015-07-16 Hawara crocodiles (EA 19/2 caption); 2012-06-30 CT of crocodile mummy with head injury; 2025-05-01 Garnett 'crocodile (possibly mummified)',"curator blog, candidate-only",uk_north
2026-09-24,GB,en,"WordPress ancientegyptbiobank.wordpress.com (sitemap, all 64 posts fetched)",crocodil / croc / museum names,Ancient Egyptian Animal Bio Bank blog,"Crocodile mentions: Birmingham Museum 2.1 m crocodile (2016-05-10); Oxford object card 'Mummy of baby crocodile' (2016-01-25); Plymouth City Museum 15 mummies incl. crocodiles (2013-04-03); scans of crocodiles (2014-05-28). Museums visited: World Museum Liverpool, Warrington (4 mummies), West Park Macclesfield (8 incl. 3 coffin masks), Marischal Aberdeen (18 animal mummies), Bolton, Perth, Kelvingrove",blog = candidate-only,uk_north
2026-09-24,GB,en,WebSearch,"Atherton-Woolham ""Imaging ancient Egyptian crocodile mummies from Hawara""",UNKNOWN,Research Explorer record (no full text); PLOS/other crocodile papers,UNKNOWN,uk_north
2026-09-24,GB,en,research.manchester.ac.uk (Pure),"student theses search 'crocodile mummies', 'animal mummies'",University of Manchester,403 blocked,UNKNOWN,uk_north
2026-09-24,GB,en,Crossref API,"query.author=McKnight, query.bibliographic='animal mummies Egyptian'",UNKNOWN,"~20 relevant works listed (PoA 2014, RadioGraphics 2015, DAACH 2024, JASR 2015, Heritage 2025, Antiquity 2019, etc.)",UNKNOWN,uk_north
2026-09-24,GB,en,ojs.utlib.ee (Papers on Anthropology),doi 10.12697/poa.2014.23.1.01 PDF,Manchester Museum; Touchstones Rochdale; Bolton Museum,"Full text: 3 crocodile bundles (AEABB071 Manchester; AEABB137, AEABB140 Rochdale) + bird bundle with crocodile remains (AEABB095 Bolton)",UNKNOWN,uk_north
2026-09-24,GB,en,pubs.rsna.org; manchesterhive.com; degruyter.com; sciencedirect.com,McKnight et al. 2015 RadioGraphics; McKnight & Atherton-Woolham 2016 MUP chapter; McKnight et al. 2024 DAACH,UNKNOWN,all 403/blocked,UNKNOWN,uk_north
2026-09-24,GB,en,WebSearch,"crocodile ""Manchester Museum"" ""1772"" skull injury blunt force mummification",Manchester Museum,snippet: 'crocodile from the Manchester Museum collection (Accession no. 1772)' from McKnight et al. 2024 DAACH (not openable),UNKNOWN,uk_north
2026-09-24,GB,en,WebSearch,"""Animal Bio Bank"" Manchester crocodile mummy museum loaned scanned",UNKNOWN,"Bio Bank site (mummies.manchester.ac.uk, unreachable: connection reset/503), Antiquity project gallery, Newsweek on Birmingham crocodile, Bio Bank blog",UNKNOWN,uk_north
2026-09-24,GB,en,WebSearch,Birmingham Museums crocodile mummy 2005.335,Birmingham Museum and Art Gallery,UoM news + press coverage confirm 2005.335 (2.2 m),UNKNOWN,uk_north
2026-09-24,GB,en,birminghammuseums.org.uk search,https://www.birminghammuseums.org.uk/search?q=crocodile,Birmingham Museum and Art Gallery,403 (curl and WebFetch),UNKNOWN,uk_north
2026-09-24,GB,en,Birmingham Museums DAMS (Asset Bank),crocodile; crocodile mummy; Sobek; 2005.335; mummy; animal mummy,Birmingham Museum and Art Gallery,"crocodile: 7 assets (cippus of Horus 1969W3075, others login-only), no crocodile mummy; other queries 0 relevant",UNKNOWN,uk_north
2026-09-24,GB,en,manchester.ac.uk news,crocs-deadly-last-meal; how-the-last-meal-of-a-3000-year-old-egyptian-crocodile,Birmingham Museum and Art Gallery,"2005.335, 2.2/2.23 m, scanned May 2016",UNKNOWN,uk_north
2026-09-24,GB,en,WebSearch,Bolton Museum Egyptology collection online search crocodile mummy,Bolton Museum,boltonlams.co.uk collections/Egyptology pages; link to boltonsegypt.co.uk collection search,UNKNOWN,uk_north
2026-09-24,GB,en,boltonsegypt.co.uk (Bolton's Egypt online collection),crocodile; crocodiles; Sobek; Crocodylus,Bolton Museum,crocodile: 24 hits (14 crocodile mummies + amulets/cippi/sticks/lantern slide); crocodiles 0 new; Sobek 1 (amulet BOLMG:1975.448); Crocodylus 0,script scripts/bolton_scrape.py,uk_north
2026-09-24,GB,en,boltonsegypt.co.uk,animal mummy; mummified animal; reptile; hatchling; Kom Ombo; Tebtunis; mummy bundle; kestrel; falcon; hawk; bird mummy; mummified bird,Bolton Museum,no additional crocodile mummies; bird mummies listed; no record matching AEABB095,UNKNOWN,uk_north
2026-09-24,GB,en,boltonlams.co.uk site search,https://www.boltonlams.co.uk/search?query=crocodile,Bolton Museum,404,UNKNOWN,uk_north
2026-09-24,GB,en,WebSearch,Touchstones Rochdale Egyptian collection crocodile mummy,Touchstones Rochdale,no online DB; collection stored at Rochdale Arts and Heritage Resource Centre; no crocodile hits beyond PoA 2014,UNKNOWN,uk_north
2026-09-24,GB,en,liverpoolmuseums.org.uk search (Next.js front end),crocodile mummy,World Museum (National Museums Liverpool),client-rendered; found public Solr index index.liverpoolmuseums.org.uk,UNKNOWN,uk_north
2026-09-24,GB,en,NML Solr index.liverpoolmuseums.org.uk/select (collection/artifact),crocodile; crocodiles; Crocodylus; Sobek; animal mummy; hatchling; Hawara; Kom Ombo; Tebtunis,World Museum (National Museums Liverpool),crocodile 92 hits (37 crocodile mummy/egg/fragment records); Crocodylus 2; Sobek 18; animal mummy 1622 (first 500 retrieved); hatchling 1; Hawara 98; Kom Ombo 10; Tebtunis 0 - no further crocodile mummies beyond 'crocodile' set,raw/nml_solr_all.jsonl,uk_north
2026-09-24,GB,en,NML Drupal JSON:API content.liverpoolmuseums.org.uk/jsonapi/node/artifact,filter[field_number]= each of 37 accession numbers,World Museum (National Museums Liverpool),"37 records retrieved (provenance, publications, images)",raw/nml_crocodile_jsonapi.jsonl; intermittent HTTP 500 handled by retry,uk_north
2026-09-24,GB,en,Glasgow Museums Collections Navigator (mweb),crocodile; crocodile mummy; mummified crocodile; crocodile mummified,Glasgow Museums,crocodile 125 (not paged); crocodile mummy 5 (1 mummy 1902.116.bi + 4 tooth records); mummified crocodile 1 (scarab),UNKNOWN,uk_north
2026-09-24,GB,en,curl probe of collection DB URLs,collections.durham.ac.uk; nms.ac.uk collection search; gla.ac.uk hunterian collectionssearch; collections.twmuseums.org.uk; yorkmuseumstrust search; collections.museums-sheffield.org.uk; abdn.ac.uk/museums/collections; museum.ie; nationalmuseumsni.org; garstang.liverpool.ac.uk,several,Durham/TWAM/Sheffield/Garstang: no connection (000); NMS & museum.ie 403; Hunterian & Aberdeen 404 (wrong URLs); York 200 (not parsed); NMNI 200 (not searched),WebSearch budget exhausted at this point,uk_north
2026-09-24,GB,en,British Museum Collection Online (curl + WebFetch),https://www.britishmuseum.org/collection/search?keyword=crocodile&keyword=mummy,British Museum,"403 blocked (Cloudflare challenge, cf-mitigated: challenge) for both curl and WebFetch; object pages also 403",Workaround: Wayback Machine archived copies of object pages (scripts/bm_wayback.py),uk_south
2026-09-24,GB,en,WebSearch,britishmuseum.org collection object crocodile mummy EA,British Museum,"candidate BM object pages Y_EA38562, Y_EA6850, Y_EA37347, Y_EA35752; BM abstracts PDF 'Animal mummies: from beliefs to practice'",UNKNOWN,uk_south
2026-09-24,GB,en,WebSearch,"""animal mummy"" ""crocodile"" site:britishmuseum.org/collection/object",British Museum,"candidates Y_EA38562, Y_EA6850, Y_EA37347, Y_EA35752, Y_EA20764, Y_EA6768, Y_EA6813, Y_EA65795 (last four need checking)",UNKNOWN,uk_south
2026-09-24,GB,en,Wayback Machine (archive.org/wayback/available + id_ snapshots) of BM Collection Online,Y_EA38562 Y_EA6850 Y_EA37347 Y_EA35752 Y_EA20764 Y_EA6768 Y_EA6813 Y_EA65795,British Museum,"archived official records read for EA38562 (crocodile, Kom Ombo), EA37347 (mummified crocodile, el-Hiba), EA35752 (small crocodiles in jar, Abusir); no snapshot for EA6850, EA20764, EA6768, EA6813; EA65795 fetch failed",raw text saved in raw/bm_wayback_batch1.txt,uk_south
2026-09-24,GB,en,curl britishmuseum.org PDF,https://www.britishmuseum.org/sites/default/files/2024-11/Animal_mummies_from_beliefs_to_practice_abstracts.pdf,British Museum,"200 OK; states BM holds about 400 animal mummies; figure caption 'Mummified crocodile, British Museum EA 37347'; 4-m crocodile from Kom Ombo examined; mentions NHM London and Plymouth animal mummies (no crocodile stated for those)",UNKNOWN,uk_south
2026-09-24,GB,en,WebSearch,"""mummified crocodile"" British Museum collection object EA",British Museum,"EA38562, EA37347 again; lead Science Museum Group co84634 'Mummy of a crocodile, Egypt'",UNKNOWN,uk_south
2026-09-24,GB,en,WebSearch,"site:britishmuseum.org ""crocodile"" ""mummy-wrapping""",British Museum,"EA6850, EA37347; leads: heritage.southwark.gov.uk objects 8990, 12624, 9270 (Cuming); museums.bristol.gov.uk irn=120108, 80239",UNKNOWN,uk_south
2026-09-24,GB,en,WebSearch,"""EA 6850"" OR ""EA6850"" crocodile British Museum",British Museum,0 new; no scholarly citation of EA6850 found,UNKNOWN,uk_south
2026-09-24,GB,en,WebSearch,"British Museum crocodile mummy ""EA 6813"" OR ""EA 6768"" OR ""EA 20764"" OR ""EA 65795""",British Museum,no confirmation of these numbers as crocodile; press/blog items on EA38562,UNKNOWN,uk_south
2026-09-24,GB,en,Wayback Machine,Y_EA65795 Y_EA6850 Y_EA6813 Y_EA6768 Y_EA20764 Y_EA6848 Y_EA6847 Y_EA6849 Y_EA6851,British Museum,EA65795 archived = bronze cat container (not crocodile); all others 404 not archived,UNKNOWN,uk_south
2026-09-24,GB,en,WebSearch,"site:britishmuseum.org collection object ""small crocodile"" mummy",British Museum,"EA6850 again; leads Bristol museums irn=187329, 120108, 82205",UNKNOWN,uk_south
2026-09-24,GB,en,WebSearch,"site:britishmuseum.org collection ""crocodile"" ""animal mummy"" Kom Ombo OR Fayum OR Hawara OR Tebtunis",British Museum,"BM Egypt & Sudan Newsletter 3 (2016) PDF; Divine creatures project page; EA38562, EA37347, EA6850, EA35752",UNKNOWN,uk_south
2026-09-24,GB,en,curl britishmuseum.org PDF,https://www.britishmuseum.org/sites/default/files/2020-06/British-Museum_Egypt_Sudan_Newsletter3_2016.pdf,British Museum,"200; 'A mummy of the crocodile god' on EA38562 (Kom Ombo, radiocarbon 650-550 BC, CT at RVC)",UNKNOWN,uk_south
2026-09-24,GB,en,WebSearch + Wayback,"site:britishmuseum.org collection object ""crocodile"" mummy head OR egg OR hatchling OR coffin; archived https://www.britishmuseum.org/research/projects/divine-creatures-animal-mummies-ancient-egypt",British Museum,"project page: c. 500 animal mummies incl. crocodiles; X-ray caption 'crocodile mummy, Egypt, 600 BC-400 AD' linked to Y_EA6848",UNKNOWN,uk_south
2026-09-24,GB,en,"Science Museum Group collection API (curl, Accept: application/json)",https://collection.sciencemuseumgroup.org.uk/search?q=crocodile,Science Museum Group,403 CloudFront 'Request blocked' for curl,UNKNOWN,uk_south
2026-09-24,GB,en,Science Museum Group collection (WebFetch),crocodile (pages 1-3),Science Museum Group,"120 results; 1 crocodile mummy co84634 (A634913); rest scrapers, amulets, teeth etc.",UNKNOWN,uk_south
2026-09-24,GB,en,Science Museum Group collection (WebFetch),mummy crocodile,Science Museum Group,115 results; only co84634 is a crocodile mummy,UNKNOWN,uk_south
2026-09-24,GB,en,Science Museum Group collection (WebFetch),animal mummy,Science Museum Group,"602 results; page 1: co84634 crocodile mummy, co84633 falcon mummy, co82234 bird mummy",UNKNOWN,uk_south
2026-09-24,GB,en,Science Museum Group collection (WebFetch),https://collection.sciencemuseumgroup.org.uk/objects/co84634 (2 fetches),Science Museum Group,"A634913 Mummy of a crocodile, 400 mm, CC BY-NC-SA 4.0, Wellcome/Bushe-Fox",UNKNOWN,uk_south
2026-09-24,GB,en,UCL Collections Online (Axiell) simple search all DBs,crocodile,Petrie Museum; Grant Museum of Zoology; UCL Art; Pathology; Science,"303: Petrie 245, Grant 53, Art 2, others 0",UNKNOWN,uk_south
2026-09-24,GB,en,UCL Collections Online petrie DB (scripts/ucl_search.py),crocodile,Petrie Museum,"245 hits, 230 harvested; relevant: UC6985 crocodile-shaped mummy, UC6986 crocodile remains in linen, UC55008 pair of wrapped young crocodiles, UC71664 desiccated crocodile head, UC80633i-ii cartonnage from crocodile mummies; UC6984 dried (not mummified) young crocodiles; rest amulets/scarabs/figurines etc.",raw/ucl_petrie_crocodile.tsv,uk_south
2026-09-24,GB,en,UCL Collections Online petrie DB,crocodiles; crocodile mummy; Crocodylus; reptile; Sobek; animal mummy,Petrie Museum,"crocodiles 0 (parse none); crocodile mummy 3 (UC6985, UC71082 palm slips from crocodile wrappings Hawara, UC75966 bandage); Crocodylus 0; reptile 3 (no mummies); Sobek 113 (scarabs, seals, stelae - none); animal mummy 30 (bronze cases, bird mummies - none crocodile)",UNKNOWN,uk_south
2026-09-24,GB,en,UCL Axiell WebAPI wwwopac.ashx,database=petrie search=priref=17409|17411|68332|56955|83244 output=json,Petrie Museum,"5 full records, values consistent with detail pages",raw/ucl_petrie_priref_*.json,uk_south
2026-09-24,GB,en,UCL Collections Online zoology DB + Axiell WebAPI,crocodile; mummy; mummified; Egypt; API description=crocodil*,Grant Museum of Zoology,53/0/2/1/6 hits; no Egyptian crocodile mummy (X446 = Australian C. porosus skull with mummified skin),UNKNOWN,uk_south
2026-09-24,GB,en,NHM Data Portal CKAN datastore_search (specimens resource 05ff2255-c38a-40c9-b657-4ccb55ab2feb),q=mummified crocodile,"Natural History Museum, London",0 hits,UNKNOWN,uk_south
2026-09-24,GB,en,NHM Data Portal API,q=mummy; q=mummified; q=Crocodylus niloticus; q=Egypt Crocodylus,"Natural History Museum, London","mummy 163 (161 Egyptian bird mummies, no reptile); mummified 10 (1 crocodile: 1977.448 C. niloticus 'mummified'); C. niloticus 185 (Egyptian skins/skulls incl. Petrie Hawara skulls with partial skin 1976.290/291); Egypt Crocodylus 19 (incl. fossils)",raw/nhm_*.json,uk_south
2026-09-24,GB,en,NHM Data Portal API,"filters subDepartment=LS Reptiles, country=Egypt, family=Crocodylidae; q=Hawara; Kom Ombo; Manfalut; Maabda; Tebtunis; Fayum crocodile; Sobek","Natural History Museum, London","13 Egyptian Crocodylidae (skins, skulls, juveniles; none 'mummified'); Hawara 3 crocodile skulls; others 0 crocodile",UNKNOWN,uk_south
2026-09-24,GB,en,"Bristol Museums collections (curl, WebFetch, Wayback)",https://museums.bristol.gov.uk/details.php?irn=120108|82205|80239|187329 ; https://collections.bristolmuseums.org.uk/search/?s=crocodile,Bristol Museum & Art Gallery,curl TLS failure (unable to get local issuer certificate) via proxy; WebFetch 503; new site 403; Wayback no snapshots,UNKNOWN,uk_south
2026-09-24,GB,en,WebSearch,"Bristol Museum crocodile mummy Egypt collection; museums.bristol.gov.uk crocodile mummified Egypt Stobart Harvey 1927; ""Bristol City Council : Museum Collections"" crocodile mummy",Bristol Museum & Art Gallery,snippets: H3034 mummified baby crocodile (Stobart gift 1927); lead National Museums Liverpool 'Mummified Crocodile' artifact pages,UNKNOWN,uk_south
2026-09-24,GB,en,Southwark Heritage eMuseum (curl + WebFetch),search/objects?query=crocodile|mummy|mummified|Egypt (curl; param ignored); /search/crocodile/objects; /search/Sobek/objects; /search/mummy/objects (pages 1-2),Cuming Museum (Southwark Heritage),"crocodile 0; Sobek 0; mummy 14: C00405 mummified baby crocodile head, C07374 bitumen from mummified crocodile, C07377 ibis, C14079 hawk, C00465 mummia; rest textiles/masks","object pages 403 to curl, OK via WebFetch; JSON endpoint 403",uk_south
2026-09-24,GB,en,Horniman collection search (curl),https://www.horniman.ac.uk/search/collection/?keyword=crocodile%20mummy | mummified%20crocodile | crocodile,Horniman Museum and Gardens,"4 / 3 / 198 results; candidates 4505, nn9438, 26.4.54/2 (no description visible in HTML); NH.30.33 series 'Nile crocodile' natural history",unresolved -> leads,uk_south
2026-09-24,GB,en,WebSearch,horniman.ac.uk object crocodile mummy Egypt,Horniman Museum and Gardens,not performed - session WebSearch budget (200) exhausted,UNKNOWN,uk_south
2026-09-24,US,English,curl portal.hearst.berkeley.edu,search?keyword=crocodile,Phoebe A. Hearst Museum of Anthropology,Proxy connect_rejected / host not found (wrong domain; correct is portal.hearstmuseum.berkeley.edu),UNKNOWN,usa_midwest_west
2026-09-24,US,English,WebSearch,Hearst Museum Tebtunis crocodile mummy collection,Phoebe A. Hearst Museum of Anthropology,Hits: Hearst portal records 6-20100 and 6-21629a-d; Berkeley News 2021 article (19 crocodile mummies),UNKNOWN,usa_midwest_west
2026-09-24,US,English,Hearst Museum portal HTML (WebFetch and curl),catalog/5144fae9-85c9-4783-87fa-a92d8b62be8a,Phoebe A. Hearst Museum of Anthropology,HTML blocked by AWS WAF challenge (403/202); Blacklight JSON endpoint (.json) works with browser UA,UNKNOWN,usa_midwest_west
2026-09-24,US,English,Hearst Museum portal Blacklight JSON API (catalog.json),q=crocodile,Phoebe A. Hearst Museum of Anthropology,"231 hits; ~22 Egyptian crocodile mummy / mummy part / reptile mummy records (5-512, 5-513, 5-513.1, 5-513.2, 5-514, 5-590, 5-592, 5-712, 6-19073, 6-20100, 6-20100.2, 6-20101, 6-21629a-d, 6-21633-6-21636, 5-21629c, 5-21635); rest amulets, figures, scarabs, non-Egyptian",script scripts/hearst_query.py; full records saved raw/hearst_crocodile_full.json,usa_midwest_west
2026-09-24,US,Latin,Hearst Museum portal Blacklight JSON API,q=Crocodylus,Phoebe A. Hearst Museum of Anthropology,22 hits; no new mummy records beyond q=crocodile,UNKNOWN,usa_midwest_west
2026-09-24,US,English,Hearst Museum portal Blacklight JSON API,q=reptile mummy,Phoebe A. Hearst Museum of Anthropology,"2 hits: 5-590, 5-592 Reptile mummy (X-ray: crocodile or lizard)",UNKNOWN,usa_midwest_west
2026-09-24,US,English,Hearst Museum portal Blacklight JSON API,q=Sobek; q=Sebek,Phoebe A. Hearst Museum of Anthropology,"10 / 8 hits; Sobek statuette 6-20315 'from Crocodile mummy' (statue, excluded), glaze crocodile 6-20960; no new mummies",UNKNOWN,usa_midwest_west
2026-09-24,US,English,Hearst Museum portal Blacklight JSON API,q=mummy Tebtunis,Phoebe A. Hearst Museum of Anthropology,"57 hits; crocodile mummies already known; also snake mummies 6-20127, 6-20128 (not crocodile)",UNKNOWN,usa_midwest_west
2026-09-24,US,English,Hearst Museum portal Blacklight JSON API,q=mummified; q=animal mummy; q=Kom Ombo; q=faunal remains Tebtunis; q=cartonnage crocodile; q=papyrus crocodile,Phoebe A. Hearst Museum of Anthropology,96/33/1/0/0/4 hits; only already-known crocodile records; papyrus 'crocodile eyes' 6-20930 found via q=crocodile,UNKNOWN,usa_midwest_west
2026-09-24,US,English,curl news.berkeley.edu,https://news.berkeley.edu/2021/03/02/crocodile-mummies/,Phoebe A. Hearst Museum of Anthropology,Official UC Berkeley news: '19 crocodile mummies and mummy parts' at Hearst; 5-513 = unwrapped adult with 30 baby crocodile mummies on its back,UNKNOWN,usa_midwest_west
2026-09-24,US,English,curl guides.lib.berkeley.edu,https://guides.lib.berkeley.edu/objectlessons/dying,Bancroft Library / Center for the Tebtunis Papyri; Hearst Museum,"Object Lessons exhibit guide: crocodile mummies exhibited are Hearst loans 6-20100 (CT: body stuffed with bones, reeds, rope), 6-21633, 6-21634; Center for Tebtunis Papyri holds papyri/cartonnage only",UNKNOWN,usa_midwest_west
2026-09-24,US,English,curl tebtunis.berkeley.edu,https://tebtunis.berkeley.edu/,"Center for the Tebtunis Papyri, Bancroft Library",TLS certificate mismatch; not fetched,UNKNOWN,usa_midwest_west
2026-09-24,US,English,WebSearch,Natural History Museum of Los Angeles County crocodile mummy Egyptian,Natural History Museum of Los Angeles County,Hits: news on 2015 exhibit 'Mummies: New Secrets from the Tombs' (baby crocodile mummies shown; exhibit from Field Museum); Stanford Medicine CT page on Hearst crocodile mummies,UNKNOWN,usa_midwest_west
2026-09-24,US,English,curl med.stanford.edu,https://med.stanford.edu/anatomy-library/the-mummy-project/egyptian-mummy-scanning1.html,Stanford Medicine / Phoebe A. Hearst Museum,"Stanford CT-scanned two Hearst crocodile mummies: 5-513 (6 ft, adult with babies, resin/beeswax/fat coating per Evershed & Cramp) and an unnumbered one of multiple-animal bones in linen",UNKNOWN,usa_midwest_west
2026-09-24,US,English,GBIF occurrence API,"q=mumm / q=mummified / q=Egypt, familyKey=5685 (Crocodylidae); country=EG familyKey=5685 (all pages)","US natural history collections (UWBM, LACM, CAS, MVZ, FMNH, UMMZ, KU etc.)","q=mummified: 4 hits incl. UWBM:Herp:7021 Crocodylus niloticus 'skin; whole organism (mummified)' (no locality); country=EG: 233 records, none in my region described as mummy (UCMP fossils from Fayum Eocene/Oligocene; YPM fossils; MNHN 1901.214-215 'Sepultures de Comnunbo' and 1986.1475-1480 'Grotte de Samoun' = France)",UNKNOWN,usa_midwest_west
2026-09-24,US,English,curl + WebFetch arctos.database.museum,https://arctos.database.museum/guid/UWBM:Herp:7021,Burke Museum of Natural History and Culture,connection reset (curl) / 503 (WebFetch); not verified,UNKNOWN,usa_midwest_west
2026-09-24,US,English,WebSearch,Burke Museum Egyptian crocodile mummy,Burke Museum of Natural History and Culture,0 relevant; Burke has human mummy 'Nellie' and mummified birds (UW News),UNKNOWN,usa_midwest_west
2026-09-24,US,English,curl + WebFetch collections-anthropology.fieldmuseum.org,list?ss_all=crocodile; search/crocodile mummy,Field Museum of Natural History,Blocked by Cloudflare Turnstile / BunkerWeb bot detection (both curl and WebFetch),UNKNOWN,usa_midwest_west
2026-09-24,US,English,WebSearch,Field Museum crocodile mummy Egypt collection,Field Museum of Natural History,"Field Museum blog 'Animal Mummies for Sale in Ancient Egypt' (neonatal Nile crocodile mummy, CT) and press release 'Inside Ancient Egypt' (31 animal mummies incl. a crocodile)",UNKNOWN,usa_midwest_west
2026-09-24,US,English,curl fieldmuseum.org,blog/animal-mummies-sale-ancient-egypt; about/press/inside-ancient-egypt; blog/ct-scanning-our-mummies,Field Museum of Natural History,"Blog 2018: linen-wrapped mummy with just-hatched Nile crocodile ~6 inches (CT), no catalogue number; press: crocodile among 31 animal mummies on display; CT blog: no crocodile mention",UNKNOWN,usa_midwest_west
2026-09-24,US,English,WebSearch,"""Field Museum"" crocodile mummy catalog number CT scan hatchling ""Mummies: New Secrets from the Tombs""",Field Museum of Natural History,No catalogue number found; news on travelling exhibit (NHM LA 2015) with baboon and crocodile mummies; phys.org 403,UNKNOWN,usa_midwest_west
2026-09-24,US,English,ISAC Integrated Database Solr JSON (isac-idb.uchicago.edu/solr/index.php?dataset=MC),q=crocodile,"ISAC Museum, University of Chicago","120 hits; 34 'Mummy, Animal' crocodile records E695-E728 (incl. E702A; heads E695, E696, E726, E727, E728; feet E700, E702A); rest amulets, statues, figurines, stelae",script scripts/isac_query.py; raw/isac_crocodile_mummies.json,usa_midwest_west
2026-09-24,US,English,ISAC IDB Solr JSON,"q=ColClassification:""Mummy, Animal""","ISAC Museum, University of Chicago",68 animal mummies; no additional crocodile records beyond the 34,UNKNOWN,usa_midwest_west
2026-09-24,US,English,ISAC IDB Solr JSON,q=RegistrationNumber:E702*; q=reptile OR Sobek OR Sebek OR Kom Ombo OR Tebtunis,"ISAC Museum, University of Chicago",Only E702 (E702A) crocodile foot; no further crocodile mummies,UNKNOWN,usa_midwest_west
2026-09-24,US,English,ISAC IDB Solr JSON (dataset=Multimedia),irn:(70 media refs),"ISAC Museum, University of Chicago","70 images found for 33 records (E726 none); captions '[Shegilgil] Mummy, Animal ISACM E###', photos 2 Dec 2019; E701 photos D. 19365-19469",UNKNOWN,usa_midwest_west
2026-09-24,US,English,WebSearch,Shegilgil crocodile mummies Oriental Institute,"ISAC Museum, University of Chicago",UChicago Magazine 2014 'Mummy figures': 27 crocodiles and six parts of crocodiles among 89 OI mummies; 'Shegilgil' not explained,UNKNOWN,usa_midwest_west
2026-09-24,US,English,curl mag.uchicago.edu,https://mag.uchicago.edu/science-medicine/mummy-figures,"ISAC Museum, University of Chicago","Confirms '27 crocodiles (and six parts of crocodiles)', mostly ~1 foot long (Emily Teeter)",UNKNOWN,usa_midwest_west
2026-09-24,US,English,WebSearch,Kelsey Museum crocodile mummy Karanis OR Dimai OR Soknopaiou Nesos,Kelsey Museum of Archaeology,Not performed: session WebSearch budget exhausted (200/200),UNKNOWN,usa_midwest_west
2026-09-24,US,English,curl + WebFetch quod.lib.umich.edu/k/kelsey,"q1=crocodile (simple search, all regions)",Kelsey Museum of Archaeology,403 Cloudflare challenge (curl and WebFetch),UNKNOWN,usa_midwest_west
2026-09-24,US,English,curl html.duckduckgo.com / bing.com / mojeek.com / search.brave.com,"""Kelsey Museum"" crocodile mummy (substitute web search)",Kelsey Museum of Archaeology,DuckDuckGo captcha; Mojeek 403; Brave 429 captcha; Bing returns results for first word only - unusable,UNKNOWN,usa_midwest_west
2026-09-24,US,English,Art Institute of Chicago API (api.artic.edu),q=crocodile mummy; q=mummified crocodile; q=crocodile; q=animal mummy,Art Institute of Chicago,"No crocodile mummy; Egyptian crocodile amulets (1894.830, .890, .893, .934, .946), Sobek statuette 1894.260, boxes for mummified animals with snake/cobra (1892.159, 1893.19)",UNKNOWN,usa_midwest_west
2026-09-24,US,English,Cleveland Museum of Art Open Access API,q=crocodile; q=mummy; q=animal mummy; q=Sobek,Cleveland Museum of Art,crocodile 43 hits (1 Egyptian: Apis bull 1969.118); mummy 58 hits all human-funerary items; animal mummy 0; Sobek 0,UNKNOWN,usa_midwest_west
2026-09-24,US,English,egyptianmuseum.org site search + sitemap,?s=crocodile; /collections; /search-collection,Rosicrucian Egyptian Museum,Site search 0 hits; Sobek page mentions RC 28 crocodile lamp; search-collection links to PastPerfect catalogaccess DB,UNKNOWN,usa_midwest_west
2026-09-24,US,English,Rosicrucian PastPerfect catalogaccess API (POST /api/search/keyword),"SearchString=crocodile (objects, photos, archives, library)",Rosicrucian Egyptian Museum,"6 hits of 4155 records: RC-1675 and RC-2253 Crocodile Mummy; RC-2145, RC-2204 crocodile amulets; RC-28 crocodile lamp; RC-2822 Meshet coffin",UNKNOWN,usa_midwest_west
2026-09-24,US,English,Rosicrucian PastPerfect API,SearchString=mummy / Sobek / reptile / animal mummy / egg / Fayum (Top=300),Rosicrucian Egyptian Museum,API returned 'An error has occurred' for all (possibly Top=300 too large); not resolved,UNKNOWN,usa_midwest_west
2026-09-24,US,English,Mia search API (search.artsmia.org),crocodile; animal mummy; mummy; Sobek; mummified,Minneapolis Institute of Art,"crocodile 26 hits (no Egyptian); mummy 11 hits (human mummies 83.115.1-4, cartonnage 16.414); animal mummy 0; Sobek 1 (non-mummy)",UNKNOWN,usa_midwest_west
2026-09-24,US,English,Nelson-Atkins eMuseum (art.nelson-atkins.org),crocodile; mummy; Sobek,Nelson-Atkins Museum of Art,"crocodile 2 hits (Frith photo, Mexican photo); mummy 8 hits (Mummy of Ka-i-nefer, mummy mask of Meret-it-es, photos); Sobek 0",UNKNOWN,usa_midwest_west
2026-09-24,US,English,Allen Memorial Art Museum eMuseum,crocodile; mummy,"Allen Memorial Art Museum, Oberlin College","crocodile 3 hits (prints/drawings); mummy 8 hits (mummy cloth, mummy bead necklaces)",UNKNOWN,usa_midwest_west
2026-09-24,US,English,curl collection search pages,crocodile (LACMA collections.lacma.org/search/site; Cantor eMuseum; FAMSF search; Museum of Us; Bowers site search; Crocker eMuseum; Toledo eMuseum; UMFA; SLAM; DIA),LACMA; Cantor Arts Center; FAMSF; San Diego Museum of Us; Bowers Museum; Crocker Art Museum; Toledo Museum of Art; UMFA; Saint Louis Art Museum; Detroit Institute of Arts,"LACMA 404 (wrong URL); Cantor login page; FAMSF, Toledo, DIA Cloudflare 403; SLAM 403; Museum of Us, Crocker, UMFA proxy 502; Bowers site search 0 hits",UNKNOWN,usa_midwest_west
2026-09-24,US,English,"curl museum homepages (scripts/findcoll.py, fetchgrep.py)","collection links: spurlock.illinois.edu, mpm.edu, putnam.org, dmns.org, maa.missouri.edu, childrensmuseum.org; putnam.org/ancient-egypt and /the-anthropology-collection grep crocod|animal mumm",Spurlock Museum; Milwaukee Public Museum; Putnam Museum; DMNS; Museum of Art and Archaeology (Univ. Missouri); Children's Museum of Indianapolis,Only entry points found (Spurlock /collections/search-collection/); Putnam Egypt pages 0 crocodile hits; DMNS 403; no DB searched before wrap-up,UNKNOWN,usa_midwest_west
2026-09-24,US,English,WebFetch dia.org,https://dia.org/collection?search=crocodile,Detroit Institute of Arts,403 Cloudflare,UNKNOWN,usa_midwest_west
2026-09-24,US,en,Met Collection API (collectionapi.metmuseum.org),search?q=crocodile mummy,Metropolitan Museum of Art,"7 hits: 552246 (12.182.33 mask for crocodile mummy), 570752 (90.6.115 sacred animal mummy of crocodile), 551077 (rope from crocodile mummy cave Manfalut), 548269, 577535, 548211 (not relevant), 248222 (Greek/Roman intaglio)",UNKNOWN,usa_northeast
2026-09-24,US,en,Met Collection API,search?departmentId=10&q=crocodile,Metropolitan Museum of Art,128 hits in Egyptian Art; full-object fetch running (script scripts/met_api.py),UNKNOWN,usa_northeast
2026-09-24,US,en,Met Collection API,search?q=crocodile (all departments),Metropolitan Museum of Art,653 hits all departments; fetched for screening,UNKNOWN,usa_northeast
2026-09-24,US,en,WebSearch,Brooklyn Museum crocodile mummy collection object,Brooklyn Museum,"Brooklyn object pages /objects/3124 and /opencollection/objects/117917 found; snippets mention 14.668, 37.1365E, 37.1366E (via fandom wiki results - ignored, forbidden)",UNKNOWN,usa_northeast
2026-09-24,US,en,curl + WebFetch brooklynmuseum.org,https://www.brooklynmuseum.org/objects/3124 ; /opencollection/objects/117917,Brooklyn Museum,429 Vercel Security Checkpoint / connection reset; api.brooklynmuseum.org blocked by egress policy; web.archive.org snapshot unreachable,UNKNOWN,usa_northeast
2026-09-24,US,en,WebSearch,"Hekkala 2011 ""An ancient icon reveals new mysteries"" mummy DNA Nile crocodile museum specimens AMNH",AMNH; Penn Museum,"Found full-text PDF with supplements (alligatorfarm.com). Table S3: mummies sampled from MNHN, PHM (Berkeley), BM, UPenn (E521, 29-65-563 Dendereh, E2832 Tell el-Yehudiyeh, L12112 Maabdah, L12113 Thebes?). No AMNH mummies sampled (AMNH only as aDNA lab).",UNKNOWN,usa_northeast
2026-09-24,US,en,curl/WebFetch www.penn.museum,https://www.penn.museum/collections/objects/data.php ; search.php?term=crocodile+mummy,Penn Museum,403 Forbidden (curl and WebFetch),UNKNOWN,usa_northeast
2026-09-24,US,en,WebSearch,"Penn Museum collections object ""crocodile"" mummy Egypt penn.museum/collections/object",Penn Museum,"hits E17631 (Fayum), 97-121-10.8 (Thebes); Expedition article 'Dogs and Cats and Birds, Oh My!'; revealed working subdomain collections.penn.museum",UNKNOWN,usa_northeast
2026-09-24,US,en,"Penn Museum open data CSV (collections.penn.museum/collections/assets/data/Penn_Museum_Collections_Data.csv, 430,865 records)",regex crocod|sobek|suchos|crocodyl over objectName/title/description/iconography/material,Penn Museum,"504 hits; Egyptian: 52 'Mummy,Crocodile' records, 1 bronze 'Mummy Case' with crocodile cover (E12571), crocodile bones 29-65-563, E2832, 32-42-552, 97-121-12 (snake, ex 'Mummified Crocodiles'); rest amulets, figurines, etc.",UNKNOWN,usa_northeast
2026-09-24,US,en,Penn Museum open data CSV,Egyptian section objectName containing Mummy/Animal; place regex maabd|samoun|manfal|kom ombo|tebtun|crocodilopolis|medinet madi|gebelein; identifier L-12-112/L-12-113,Penn Museum,"Unspecified animal mummies E3358, E3350, 33-19-20, CG2015-4-9, 97-121-13 (not crocodile per DB); L-12-112/113 not in dataset",UNKNOWN,usa_northeast
2026-09-24,US,en,collections.penn.museum object pages (script scripts/penn_pages.py),57 object pages for crocodile mummy candidates,Penn Museum,"All fetched; images only for E17631 (11), E520 (5), 2003-34-1A/B (1 each), E2832 (48); dims only E17631 and E520; saved raw/penn_object_pages.json",UNKNOWN,usa_northeast
2026-09-24,US,en,curl www.penn.museum Expedition article,https://www.penn.museum/sites/expedition/dogs-and-cats-and-birds-oh-my/,Penn Museum,Caption: 'This crocodile mummy contains three bodies' = E17631; 'small crocodiles' among Penn animal mummies,UNKNOWN,usa_northeast
2026-09-24,US,en,Met Collection API,"departmentId=10 q=animal mummy | sacred animal mummy | animal remains | crocodile coffin | mummified crocodile | Sobek (228 unique objects fetched, raw/met_animal_mummy_raw.json)",Metropolitan Museum of Art,"Crocodile-related: 570752 (90.6.115 mummy), 552246 (12.182.33 mask), 551077 (rope, crocodile mummy cave Manfalut); others ibis/cat/falcon/lizard cases, Sobek items",UNKNOWN,usa_northeast
2026-09-24,US,en,Met Collection API,departmentId=10 q=Manfalut | Kom Ombo | Crocodylus | reptile mummy | Tebtunis,Metropolitan Museum of Art,"Manfalut 2 (570752, 551077); others 0",UNKNOWN,usa_northeast
2026-09-24,US,en,Met Collection API,"all-department q=crocodile, 647 objects fetched (raw/met_crocodile_raw.json) and screened for mumm|animal remains|linen|coffin",Metropolitan Museum of Art,Only 90.6.115 and 12.182.33 relevant,UNKNOWN,usa_northeast
2026-09-24,US,en,Wayback Machine / Google Books API / api.brooklynmuseum.org,archive.org/wayback/available?url=brooklynmuseum.org/opencollection/objects/3124 ; web.archive.org snapshot 20241103194047 ; googleapis books q=Soulful Creatures crocodile,Brooklyn Museum,Wayback availability API says snapshot exists but web.archive.org connection reset (blocked); Google Books 429 quota exhausted; Brooklyn API egress-denied,UNKNOWN,usa_northeast
2026-09-24,US,en,WebSearch,"""Soulful Creatures"" Brooklyn crocodile mummy 37.1365E OR 14.668 OR 37.1366E",Brooklyn Museum,Not performed: session WebSearch budget exhausted (200/200),UNKNOWN,usa_northeast
2026-09-24,US,en,GBIF occurrence API,taxonKey=11493978 (Crocodylia) q=mummy|mummified|mummie|momie|Mumie; country=EG; institutionCode MCZ/AMNH/ANSP/CM/YPM/CUMV/USNM x q=Egypt|mummy,MCZ; AMNH; ANSP; CM; YPM; CUMV; USNM,"q=mummy 0; country=EG 367 (mostly NHMUK/YPM fossils; MNHN Samoun/Thebes/Kom Ombo 'Sepultures de Comnunbo' 1901.214-215; NHMUK Hawara Fayum 1976.290-291, 1911.8.15.1); NE-US institutions: none relevant",UNKNOWN,usa_northeast
2026-09-24,US,en,Yale LUX API,"crocodile mummy (11) ; mummified crocodile (9) ; crocodile Egypt (108, pages 1-3) ; animal mummy Egypt (18)",Yale Peabody Museum; Yale University Art Gallery,"YPM ANT 006905, 021829, 006435.001-.009 crocodile mummies; YUAG none",UNKNOWN,usa_northeast
2026-09-24,US,en,Google Books API,Soulful Creatures animal mummies crocodile,Brooklyn Museum,429 quota exhausted,UNKNOWN,usa_northeast
2026-09-24,US,en,"Smithsonian Open Access API (api.si.edu, DEMO_KEY)",crocodile mummy,Smithsonian National Museum of Natural History,"7 hits: NMNHANTHRO 'Mummified Reptiles' AT5604-0 and 'Mummied Crocodile' A74579-0 relevant; others = library books, a Florida Crocodylus acutus specimen, bull mummy, coffin",raw/si_crocodilemummy.json,usa_south
2026-09-24,US,en,"Smithsonian Open Access API (api.si.edu, DEMO_KEY)",mummified crocodile,Smithsonian National Museum of Natural History,"3 hits: AT5604-0, A74579-0, bull mummy A413942-0",raw/si_mummifiedcrocodile.json,usa_south
2026-09-24,US,en,"Smithsonian Open Access API (api.si.edu, DEMO_KEY)",crocodile AND unit_code:NMNHANTHRO,Smithsonian National Museum of Natural History,HTTP 429 rate limited (DEMO_KEY),retry later,usa_south
2026-09-24,US,en,"Smithsonian Open Access API (api.si.edu, DEMO_KEY)",crocodile mummy AND unit_code:NMNHHERPS,Smithsonian National Museum of Natural History (Herpetology),1 hit: Crocodylus acutus USNM 376539 from Florida - not a mummy,UNKNOWN,usa_south
2026-09-24,US,en,"Smithsonian Open Access API (api.si.edu, DEMO_KEY)",Crocodylus niloticus Egypt,Smithsonian National Museum of Natural History (Herpetology),"1 hit: USNM 56776 Crocodylus niloticus, Upper Nile, ethanol juvenile collected 1901 - not a mummy",UNKNOWN,usa_south
2026-09-24,US,en,collections.si.edu web search,crocodile mummy,Smithsonian Institution,403 blocked (both curl and WebFetch: 'Smithsonian site temporarily unavailable'),UNKNOWN,usa_south
2026-09-24,US,en,NMNH Anthropology Collections Search (collections.nmnh.si.edu/search/anth/),ARK resolution for A74579-0,Smithsonian National Museum of Natural History,JS-only (ExtJS) interface; could not retrieve record via curl,UNKNOWN,usa_south
2026-09-24,US,en,Walters Art Museum online collection (art.thewalters.org),crocodile mummy,Walters Art Museum,403 Cloudflare challenge (curl and WebFetch),UNKNOWN,usa_south
2026-09-24,US,en,"Walters Art Museum open data art.csv (GitHub WaltersArtMuseum/api-thewalters-org, CC0)",regex crocodil|sobek|souchos|suchos over all fields; regex mumm over title/objectname/medium,Walters Art Museum,"22,193 rows; 147 crocodile/Sobek hits (amulets, inlays, cippi, statues, Pre-Columbian) - none a mummy; 17 mummy-related objects incl. cats 79.2, 79.3 and falcon reliquary 54.2120 - no crocodile mummy",script scripts/walters_csv_search.py; output raw/walters_csv_mummy_hits.json,usa_south
2026-09-24,US,en,WebSearch,"""Walters"" Baltimore ""crocodile mummy"" OR ""mummified crocodile""",Walters Art Museum,"no Walters crocodile mummy; exhibition page 'Mummified' (thewalters.org, 403 on fetch); Stanford Medicine crocodile mummy page (out of scope, CA)",UNKNOWN,usa_south
2026-09-24,US,en,WebSearch,Michael C. Carlos Museum crocodile mummy,Michael C. Carlos Museum,NBC News 2010 article (crocodile among displayed animal mummies); Carlos DB object 31221 Falcon-headed crocodile (statue); Met 570752 crocodile mummy (out of scope),UNKNOWN,usa_south
2026-09-24,US,en,Carlos Museum eMuseum (collections.carlos.emory.edu),crocodile,Michael C. Carlos Museum,"51 hits (pagination beyond first 24 not retrievable by script); with filter culture:Egyptian or classification Ancient Egyptian Art = 11 hits: falcon-headed crocodile 31221, pendant, amulet, scarabs, cippi, magic rod, Taweret, fish mummy 2009.007.002 (label text mentions crocodiles generically), mummy mask - no crocodile mummy",raw/carlos_crocodile_list.txt,usa_south
2026-09-24,US,en,Carlos Museum eMuseum,crocodile mummy; mummified crocodile; animal mummy; Sobek; Crocodylus; reptile; hatchling; Kom Ombo; Fayum; Niagara mummy,Michael C. Carlos Museum,"no crocodile mummy; animal mummies = falcon 12699/3730, cat 21069/25130, dog 29709, dog head 37802, bird 19814, fish 26064; Sobek 9 hits (Kom Ombo photos, statue 31221, medical tools); Crocodylus 0; hatchling 0",OR-search; first page only,usa_south
2026-09-24,US,en,Carlos Museum eMuseum advanced search,medium:animal remains; search 'animal remains' filter culture:Egyptian (70 hits),Michael C. Carlos Museum,"first 24 by relevance: falcon, cat, dog, bird, fish mummies and human remains; no crocodile",UNKNOWN,usa_south
2026-09-24,US,en,WebSearch,"""Carlos Museum"" Emory ""crocodile"" mummy Egyptian galleries animal mummies CT scan",Michael C. Carlos Museum,"no official source naming a crocodile mummy; carlos.emory.edu/mummy-mapping-and-ct covers only human mummies; ArtsATL mentions dog, cat, falcon",UNKNOWN,usa_south
2026-09-24,US,en,WebSearch,Hekkala 2011 Molecular Ecology mummy DNA Nile crocodile Crocodylus suchus museum samples mummies,literature,"Found full-text PDF with supplements (alligatorfarm.com); Table S3 lists mummies from MNHN, PHM Berkeley, Penn Museum, British Museum - none in usa_south region",UNKNOWN,usa_south
2026-09-24,US,en,WebSearch,University of Memphis Institute of Egyptian Art and Archaeology crocodile mummy,Institute of Egyptian Art & Archaeology / Art Museum of the University of Memphis,only general IEAA pages; no crocodile mummy mention,UNKNOWN,usa_south
2026-09-24,US,en,"memphis.edu/egypt pages (exhibit, collectiondb, access, videos, research, artifact) + AMUM ancient_egyptian page",regex crocodil|sobek|animal mumm|ibis,"Institute of Egyptian Art & Archaeology, University of Memphis",0 hits on all pages; online DB link = amum.catalogaccess.com (PastPerfect),UNKNOWN,usa_south
2026-09-24,US,en,AMUM PastPerfect CatalogAccess (amum.catalogaccess.com),search?keyword=crocodile,Art Museum of the University of Memphis / IEAA,"JavaScript-only interface; no server-rendered results; robots.txt disallows /api/; sitemap (1,663 URLs) contains only numeric object URLs without titles",not scriptable without JS; manual browser check needed,usa_south
2026-09-24,US,en,WebSearch,amum.catalogaccess.com crocodile,Art Museum of the University of Memphis,no crocodile mummy; indexed records titled only 'Egyptian - <accession no.>',UNKNOWN,usa_south
2026-09-24,US,en,WebSearch,"""University of Memphis"" Egyptian gallery ""animal mummies"" crocodile cat ibis",Art Museum of the University of Memphis,no Memphis crocodile mummy; new candidate: San Antonio Museum of Art exhibition 'Egyptian Animal Mummies: Science Explores an Ancient Religion',UNKNOWN,usa_south
2026-09-24,US,en,WebSearch,"""University of Memphis"" Egyptian gallery ""animal mummies"" crocodile cat ibis",San Antonio Museum of Art,lead: SAMA exhibition 'Egyptian Animal Mummies: Science Explores an Ancient Religion' (2018),logged also above,usa_south
2026-09-24,US,en,samuseum.org exhibition page (WebFetch + curl),https://www.samuseum.org/artwork/exhibition/egyptian-animal-mummies-science-explores-an-ancient-religion/,San Antonio Museum of Art,"Official text: 'the Museum's collection of animal mummies ... include a cat, three crocodiles, two ibises, and three falcons'; X-ray/CT with UT Health San Antonio and San Antonio Zoo; exhibition 23 Mar-1 Jul 2018",saved raw/sama_exh.html,usa_south
2026-09-24,US,en,SAMA eMuseum (sanantonio.emuseum.com),"search/crocodile; search/crocodile mummy; object pages 5363, 24416, 5788",San Antonio Museum of Art,"403 Cloudflare challenge for curl, WebFetch and r.jina.ai reader",samuseum.org/artwork/browse-the-collection redirects to eMuseum,usa_south
2026-09-24,US,en,Wayback CDX API,"sanantonio.emuseum.com/objects/* (prefix, filter crocodile)",San Antonio Museum of Art,"268 archived object URLs, none with crocodile/mummy/sobek in URL",UNKNOWN,usa_south
2026-09-24,US,en,WebSearch,"San Antonio Museum of Art ""crocodile mummy"" OR ""Crocodile Mummy"" samuseum.org artwork",San Antonio Museum of Art,"Culture in Crisis project page (4 crocodiles conserved), Wandering Educators article with SAMA caption for Crocodile Mummy 91.80.110.b,d",UNKNOWN,usa_south
2026-09-24,US,en,WebSearch,sanantonio.emuseum.com crocodile mummy,San Antonio Museum of Art,"eMuseum records indexed for falcon mummy 24416, ibis mummy 5363, Sobek 5788, mummy mask 5781 - no crocodile mummy record URL found",UNKNOWN,usa_south
2026-09-24,US,en,WebSearch,"""San Antonio Museum of Art"" crocodile mummy Denman CT scan zoo 2018 Schellinger",San Antonio Museum of Art,"eMuseum cat mummy 20702, ibis 5363; Wandering Educators; Culture in Crisis; no official crocodile object record",UNKNOWN,usa_south
2026-09-24,US,en,cultureincrisis.org (WebFetch),Animal Mummies Conservation at the San Antonio Museum of Art,San Antonio Museum of Art,"'ten ancient Egyptian animal mummies from the Museum's permanent collection, including two ibises, three falcons, four crocodiles, and one cat ... (ca. 1070 BC - AD 364)'; Project Director Jessica Powers",UNKNOWN,usa_south
2026-09-24,US,en,wanderingeducators.com (WebFetch + curl cross-check),science-zoo-help-museum-egyptian-animal-mummy-exhibit,San Antonio Museum of Art,"Caption verbatim: 'Crocodile Mummy Egyptian (Late Period -Roman Period), ca. 712 BC - AD 395 crocodile remains and linen, l. 12 in. (30.5 cm) San Antonio Museum of Art, gift of Gilbert M. Denman, Jr., 91.80.110.b,d Photography by Peggy Tenison'; article says three mummified crocodiles exhibited","R. Carbo, 4 May 2018",usa_south
2026-09-24,US,en,WebSearch,Houston Museum of Natural Science Hall of Ancient Egypt crocodile mummy,Houston Museum of Natural Science,only Visit Houston blog on touring 'Mummies of the World' (animal mummies incl. 'a baby crocodile'); HMNS Hall of Ancient Egypt page has no crocodile mention,curl of hmns.org/exhibits/hall-of-ancient-egypt/ : 0 crocodile hits,usa_south
2026-09-24,US,en,WebSearch + curl,blog.hmns.org crocodile mummy; blog.hmns.org/tag/nile-crocodile/; /tag/mummy/; 2016 'Five things I learned at Mummies of the World',Houston Museum of Natural Science,no HMNS-owned crocodile mummy; crocodile only in a Tanzania field blog; Mummies of the World was a touring loan exhibition (2016),UNKNOWN,usa_south
2026-09-24,US,en,Smithsonian Open Access API (DEMO_KEY),crocodile AND unit_code:NMNHANTHRO (retry),Smithsonian National Museum of Natural History,"217 hits; first 100 inspected: only AT5604-0 and A74579-0 are mummies; rest ethnographic crocodile objects, 2 Egyptian terracotta crocodiles E299936-0/E299937-0",UNKNOWN,usa_south
2026-09-24,US,en,Smithsonian Open Access API (DEMO_KEY),crocodile AND Egypt AND unit_code:NMNHANTHRO,Smithsonian National Museum of Natural History,"9 hits: crocodile mummies A74579-0 and AT5604-0; terracotta crocodiles E299936-0, E299937-0; Taweret amulet; necklace; cippus; bull mummy A413942-0; coffin A154954-0",confirms no further Egyptian crocodile mummy records in NMNH Anthropology online data,usa_south
2026-09-24,US,en,Smithsonian Open Access API (DEMO_KEY),mummy AND unit_code:NMNHHERPS,Smithsonian National Museum of Natural History (Herpetology),"3 hits: USNM 525738 Crocodylus acutus (Florida 1937, dry prep, remark 'mummy' - modern, not Egyptian), Plestiodon, Cyclemys - no Egyptian mummy",UNKNOWN,usa_south
2026-09-24,US,en,Smithsonian Open Access API (DEMO_KEY),Sobek; Crocodylus AND Egypt,Smithsonian Institution,HTTP 429 rate limited,retry later,usa_south
2026-09-24,US,en,MFAH eMuseum (emuseum.mfah.org),search/crocodile; animal mummy; Sobek,"Museum of Fine Arts, Houston",403 (curl and WebFetch),UNKNOWN,usa_south
2026-09-24,US,en,WebSearch,Museum of Fine Arts Houston crocodile mummy Egyptian; emuseum.mfah.org crocodile,"Museum of Fine Arts, Houston","MFAH eMuseum records: mummy mask 44427, mummy of a child 82925; crocodile items only Pre-Columbian gold, African sword ornaments, Kuba divination object - no crocodile mummy",WebSearch budget for session exhausted after these queries,usa_south
2026-09-24,US,en,Dallas Museum of Art collection search API (sitesearch.dma.org/api/search/collection),crocodile; mummy; Sobek,Dallas Museum of Art,"crocodile 25 hits (Pre-Columbian, African, Oceanic, modern) - none Egyptian mummy; mummy 5 hits (Egyptian mummy mask, Roman period mummy portrait, Andean bundles); Sobek 5 irrelevant",raw/dma_api_*.json,usa_south
2026-09-24,US,en,Bing HTML / DuckDuckGo HTML / Brave / Mojeek (curl),"""crocodile mummy"" Dallas Museum of Art",search-engine fallback,DDG connection reset; Brave 429; Mojeek 403; Bing returns generic 'crocodile' results ignoring query - unusable,no web search engine available after WebSearch budget exhausted,usa_south
2026-09-24,US,en,JHU Archaeological Museum website (archaeologicalmuseum.jhu.edu),?s=crocodile; /the-collection/,Johns Hopkins Archaeological Museum,403 Cloudflare block (curl and WebFetch); Wayback CDX connection reset,UNKNOWN,usa_south
2026-09-24,US,en,OpenAlex API / scholar.archive.org / Crossref API,crocodile mummy; mummified crocodile; crocodile mummies; animal mummies CT,literature,"OpenAlex 429 (daily shared budget exhausted); scholar.archive.org bot verification; Crossref 60 noisy title hits - only Hekkala 2011 and 'The secrets of Sobek' (JASR 2020) relevant, no southern-US holding",UNKNOWN,usa_south
2026-09-24,US,en,"VMFA collection search (vmfa.museum/collection/search, server-rendered)",crocodile; mummy; crocodile mummy; Sobek; mummified,Virginia Museum of Fine Arts,"crocodile 11 hits (African masks/figures, gold weight, Pataikos amulet 68130, Tibetan) - no mummy; mummy: mummy mask, cartonnage, shrine-shaped boxes for animal mummies (shrew 59495, ichneumon 59508), Tjeby coffin; Sobek 0",script scripts/vmfa_search.py,usa_south
2026-09-24,US,en,NCMA Learn site search + ncartmuseum.org search + NCMA eMuseum (collection.ncartmuseum.org),crocodile; crocodile mummy; mummy; Sobek; animal mummy,North Carolina Museum of Art,"eMuseum: crocodile 1 hit (Crocodile Effigy Vessel 1356, Pre-Columbian); mummy 3 hits (painted mummy covering apron 108, falcon coffin and grain mummy 129, gilded mummy covering 130); Sobek 0; ncartmuseum.org 'crocodile mummy' 0",UNKNOWN,usa_south
2026-09-24,US,en,GBIF occurrence API,taxonKey=5685 (Crocodylidae) q=mummy; taxonKey=5685 country=EG basisOfRecord=PRESERVED_SPECIMEN,all natural-history collections (GBIF),"q=mummy 0; Egypt 64 records - none from southern-US institutions (USNM 56776 only, modern ethanol); out-of-scope Egyptian crocodiles incl. MNHN RA 1901.214/215 'Sépultures de Comnunbo', MNHN 1986.1471-1480 (Samoun/Thebes), NHMUK 1976.290/291 & 1911.8.15.1 (Hawara, Fayum), a 'SCHIMPER ... momification Thebe' record",raw/gbif_croc_*.json,usa_south
2026-09-24,US,en,iDigBio search API,"family=crocodylidae country=egypt; order=crocodylia fulltext 'mummy'; per-institution counts (uf, ncsm, omnh, lsumz, tnhc, ttu, tcwc, usnm) of crocodilians and African Crocodylidae","FLMNH (UF), NCSM, OMNH, LSUMZ, TNHC, TCWC, TTU, USNM","Egypt: 133 records (fossils UCMP/YPM/NHMUK; USNM 56776 modern) - none from southern-US herp collections; UF 17,729 crocodilians, 10 African (Gabon etc.), no Egypt; LSUMZ 803 (3 African: Liberia, Zimbabwe); NCSM 526, TCWC 316, TNHC 29, OMNH 33 - no African; fulltext 'mummy' 0",raw/idb_*.json,usa_south
2026-09-24,US,en,"Museum website searches (WordPress ?s=), curl",crocodile (mummy for MOSH Jacksonville),McClung Museum; Memphis Museums (Pink Palace); Speed Art Museum; Birmingham Museum of Art; Columbia Museum of Art; Georgia Museum of Art; Tellus Science Museum; Fernbank; The Ringling; Tampa Museum of Art; Cummer; MOSH Jacksonville,"No crocodile mummy: McClung only a Breasted stereoscope paper; Tellus only a fossil crocodile; Georgia MoA, Ringling, Cummer 0 results; Columbia, Fernbank, MOSH 0 hits; Birmingham MoA 403; Tampa: exhibition 'Mysteries of the Nile: Ancient Egypt' (2026) text mentions crocodiles generically as sacred animals with mummified remains - no object named",raw/probe_batch1.txt; website search is not a collection DB,usa_south
2026-09-24,US,en,eMuseum/collection sites,crocodile; mummy,Chrysler Museum (chrysler.emuseum.com); Nasher Museum (emuseum.nasher.duke.edu); Delaware Art Museum (emuseum.delart.org); BMA Baltimore (artbma.org); Ackland; UVA Fralin; Gibbes; Charleston Museum,"Chrysler 403; Nasher bot check; Delaware search path 404; artbma.org, ackland.org, uvafralinartmuseum, gibbesmuseum.org, charlestonmuseum.org homepages 403",not checked - see leads,usa_south
